Version,2.3.0,,,,,,,,
translationID,lang,partID,label,partDesc,partInstr,firstReleased,lastUpdated,changes,notes
enga1306s,eng,a1306s,a1306s delta-variant gene target,a1306s delta-variant mutation gene target,NA,2.0.0,2.0.0,added in V2.0.0,
enga1918v,eng,a1918v,a1918v delta-variant gene target,a1918v delta-variant mutation gene target,NA,2.0.0,2.0.0,added in V2.0.0,
enga2710t,eng,a2710t,a2710t omicron-variant gene target,a2710t omicron-variant mutation gene target,NA,2.0.0,2.0.0,added in V2.0.0,
enga63t,eng,a63t,a63t omicron-variant gene target,a63t omicron-variant mutation gene target,NA,2.0.0,2.0.0,added in V2.0.0,
enga67v,eng,a67v,a67v omicron-variant gene target,a67v omicron-variant mutation gene target,NA,2.0.0,2.0.0,added in V2.0.0,
enga67vDel69Del70,eng,a67vDel69Del70,Omicron Variant a67v del69 and del70 mutations,"Omicron Variant a67v mutation mutation, and del 69 and del70 mutations co-occuring",NA,2.2.0,2.2.0,added in V2.2.0,
engaas,eng,aas,Atline Analyzer,Atline analyzer with sampler.,An atline analyzer with sampler.,1.0.0,2.0.0,"description wording, structure",
engabsHum,eng,absHum,Absolute humidity,A measure of the total mass of water vapour present in the air per volume of air.,NA,2.0.0,2.0.0,added in V2.0.0,
engabsHumidUnitSet,eng,absHumidUnitSet,Absolute humidity unit set,Unit set for absolute humidity measurements.,NA,2.0.0,2.0.0,added in V2.0.0,
engacadem,eng,academ,Academic institution,The category of organization type used for academic institutions or research groups.,NA,2.0.0,2.0.0,added in V2.0.0,
engacinetobacter,eng,acinetobacter,Acinetobacter,Acinetobacter,NA,2.2.0,2.2.0,added in V2.2.0,
engacinetobacterGrp,eng,acinetobacterGrp,Acinetobacter Group,A group of measures/methods related to acinebacter bacteria.,Used to describe the organism information for general measures.,2.2.0,2.2.0,added in V2.2.0,
engacti,eng,acti,Number of active cases,Number of active cases.,NA,1.0.0,2.0.0,now a unit for any group or biologic infection,
engactiCaseOn,eng,actiCaseOn,Number of active cases by Onset date,Number of active cases by onset date.,"Episode date is the earliest of onset, test or reported date for a confirmed case.",2.2.0,2.2.0,added in V2.2.0,
engactiEp,eng,actiEp,Number of active cases by episode date,Number of active cases by episode date.,"Episode date is the earliest of onset, test or reported date for a confirmed case.",2.2.0,2.2.0,added in V2.2.0,
engactiRep,eng,actiRep,Number of active cases by Report date,Number of active cases by report date.,"Episode date is the earliest of onset, test or reported date for a confirmed case.",2.2.0,2.2.0,added in V2.2.0,
engactiTest,eng,actiTest,Number of active cases by test date,Number of active cases by test date.,"Episode date is the earliest of onset, test or reported date for a confirmed case.",2.2.0,2.2.0,added in V2.2.0,
engactive,eng,active,Active,Indicator that a part is in current use.,NA,2.0.0,2.0.0,added in V2.0.0,
engad,eng,ad,Address table Shorthand,"The abbreviated short name used to reference the The table that contains information about addresses. Addresses can recorded for sites, organizations or contacts (indivduals). ",table,2.2.2,2.2.2,added in V 2.2.2,
engaDate,eng,aDate,Analysis date,Date the measurement was performed in the lab.,NA,1.0.0,2.1.0,Github Issue #211,
engaDateEnd,eng,aDateEnd,Analysis date end,Date the measurement or analysis was completed.,NA,1.0.0,2.0.0,Depreciated. See issue #211. https://github.com/Big-Life-Lab/PHES-ODM/issues/211,
engaDateStart,eng,aDateStart,Analysis date start,Date the measurement or analysis was started.,NA,1.0.0,2.0.0,NA,
engaddL1,eng,addL1,Address Line 1,"Line 1 (the street name, number and direction) for a given address.",NA,2.0.0,2.0.0,added in V2.0.0,
engaddL2,eng,addL2,Address Line 2,Line 2 (the unit number) for a given address.,NA,2.0.0,2.0.0,added in V2.0.0,
engaddresses,eng,addresses,Address table,"The table that contains information about addresses. Addresses can recorded for sites, organizations or contacts (indivduals). ","The Sites, Organizations, and Contacts tables include a link to the addresses table through Address ID.",2.0.0,2.0.0,NA,
engaddressesOrder,eng,addressesOrder,Addresses table column order,Specifies the order of the columns in the Addresses table.,NA,2.0.0,2.0.0,added in V2.0.0,
engaddressesRequired,eng,addressesRequired,Address table required headers,Specifies the columns required in a Addresses table.,NA,2.0.0,2.0.0,added in V2.0.0,
engaddressID,eng,addressID,Address ID,A unique identifier for an address.,NA,2.0.0,2.0.0,added in V2.0.0,
engadenovirusF40,eng,adenovirusF40,Adenovirus (F40/41),Adenovirus (F40/41),NA,2.2.0,2.2.0,added in V2.2.0,
engadenovirusGrp,eng,adenovirusGrp,Adenovirus Group,A group of measures/methods related to Adenoviruses.,Used to describe the organism information for general measures.,2.2.0,2.2.0,added in V2.2.0,
engadmRegLevel,eng,admRegLevel,Administrative regions,Administrative regions,NA,2.0.0,3.0.0,"Reactivated as organization level and sector categorical inputs, rather than attributes.",
engadv40,eng,adv40,Adenovirus 40,Adenovirus serotype 40.,NA,2.1.0,2.1.0,added in V2.1.0,
engadv41,eng,adv41,Adenovirus 41,Adenovirus serotype 41.,NA,2.1.0,2.1.0,added in V2.1.0,
engadvF41Fibre,eng,advF41Fibre,Adenovirus F41 Fibre Gene Target,Human Adenovirus Group F41 Fiber gene target,NA,2.1.0,2.1.0,added in V2.1.0,
engafl30,eng,afl30,Academic Free License v3.0,The licensing for the measure or data set is managed under the Academic Free License v3.0.,NA,2.2.0,2.2.0,added in V2.2.0,
engafu,eng,afu,Air filter,Air filter as part of filtration or circulating unit. ,Typically the unit would have a fan or blower. ,2.0.0,2.0.0,added in V2.0.0,
engaggregationScale,eng,aggregationScale,Aggregation scale,A scale used for an aggregation. Only applicable for measures and units.,NA,2.0.0,3.0.1,fixed partID typo - aggragation to aggregation.,
engaggregation,eng,aggregation,Aggregation,Statistical measures used to report a measure. Each aggregation has a corresponding value.,"The default aggregation is `single`, which corresponds to a single measurement. ",1.0.0,2.0.0,restructured,
engaggregationInput,eng,aggregationInput,Aggregation input (wide table),The partID for the aggregation being used in a wide name.,NA,2.2.0,2.2.0,added in V2.2.0,
engaggregationName,eng,aggregationName,Aggregation name (wide table),The aggregation referenced for the wide name.,NA,2.2.0,2.2.0,added in V2.2.0,
engaggregations,eng,aggregations,Aggregations,Statistical measures used to report a measure. Each measure reported as a number should be reported with an aggregation.,"The default aggregation is `single`, which corresponds to a single measurement. ",2.0.0,2.0.0,added in V2.0.0,
engaggregationScales,eng,aggregationScales,Aggregation scales,The scale of an aggregation set. Aggregation scales include quantitative and qualitative.,NA,2.0.0,2.0.0,added in V2.0.0,
engaggregationSet,eng,aggregationSet,Aggregation set,The aggregation set for a unit.,NA,2.0.0,2.0.0,added in V2.0.0,
engaggregationSets,eng,aggregationSets,Aggregation sets,Sets of aggregations.,"Examples of aggregation sets include logarithm, linear and boolean.",2.0.0,2.0.0,added in V2.0.0,
engagpl30,eng,agpl30,GNU Affero General Public License v3.0,The licensing for the measure or data set is managed under the GNU Affero General Public License v3.0.,NA,2.2.0,2.2.0,added in V2.2.0,
engair,eng,air,Air compartment,A measure or observation made from a substance in the air.,NA,2.0.0,2.0.0,"added in V2.0, changed to partType = compartment",
engairCompartmentSet,eng,airCompartmentSet,Air compartment set,A compartment set for measures and methods in the air compartment.,NA,2.0.0,2.0.0,added in V2.0.0,
engairpln,eng,airpln,Airplane,Airplane sample shed category type,NA,1.0.0,2.0.0,"description wording, structure",
engairport,eng,airport,Airport,Airport sample shed category type,NA,2.0.0,2.0.0,added in V2.0.0,
engairportLists,eng,airportLists,Airport lists worksheet,Parts lists used to generate airport and airplane data entry templates.,NA,2.0.0,2.0.0,added in V2.0.0,
engairportSheetSet,eng,airportSheetSet,Airport Sheets Set,Worksheets in the full airport surveillance template (list + template).,`ODM_template-planes_{version}.xlxs,2.0.0,2.0.0,added in V2.0.0,
engairportTemplate,eng,airportTemplate,Airport Surveillance Template,The input template for airport and airplane surveillance in the EU.,NA,2.0.0,2.1.0,Update,
engairSurfaceCompartmentSet,eng,airSurfaceCompartmentSet,Air and surface compartment set,A compartment set for measures and methods in the air or surface compartments.,NA,2.0.0,2.0.0,added in V2.0.0,
engairTemp,eng,airTemp,Environmental temperature,Environmental temperature.,NA,1.0.0,2.0.0,"description wording, structure",
engairWaterCompartmentSet,eng,airWaterCompartmentSet,Air and water compartment set,A compartment set for measures and methods in the air or water compartments.,NA,2.0.0,2.0.0,added in V2.0.0,
engaliasDep,eng,aliasDep,Alias depreciated,ID of an assay that is the same or similar. A comma separated list.,"Deprecated as of version 2, please avoid use. Use notes instead.",1.0.0,2.0.0,depreciated,
engaliasIDDep,eng,aliasIDDep,Alias ID depreciated,Alias id,ID of an assay that is the same or similar. a comma separated list.,1.0.0,2.0.0,depreciated,
engallDo,eng,allDo,All domains,"Domain that specifies that it could apply to al domains; biological, chemical, and physical.",NA,2.0.0,2.0.0,added in V2.0.0,
engallele,eng,allele,Alleles class,Measures and methods related to alleles.,NA,2.0.0,2.0.0,added in V2.0.0,
engalleleUnitSet,eng,alleleUnitSet,Allele unit set,Unit set for alleles.,NA,2.0.0,2.0.0,added in V2.0.0,
engallOrgs,eng,allOrgs,Access to all org,"If this is 'no', this data will not be available to any partner organization. If missing, data will be available to the all organizations.",NA,1.0.0,2.0.0,depreciated,
engalod,eng,alod,Assay Limit of Detection (LOD),"The minimum level of a target consistently detectable (e.g., with 95% probability) using the assay considering only the amplification and quantification steps of RT-qPCR.",NA,2.2.0,3.0.0,changed quality indicator set from general to measure.,
engaloh3,eng,aloh3,Aloh3 precipitation,Aloh3 precipitation,NA,2.0.0,2.0.0,"added in V2.0.0, added from NWSS",
engamDefDep,eng,amDefDep,Assay method id default depreciated,Used as default when a new measurement is created for this lab. See ID in AssayMethod table.,"Deprecated as of version 2, please avoid use. Specify in type, or contact the PHES-ODM research team to add your specific item via a github issue (https://github.com/Big-Life-Lab/PHES-ODM/issues), or at phesd_odm@ohri.ca",1.0.0,2.0.0,depreciated,
engamiconUf,eng,amiconUf,Amicon ultrafiltration,Amicon ultrafiltration,NA,2.0.0,2.0.0,"added in V2.0.0, added from NWSS",
engamiMP96,eng,amiMP96,"Amicon filter, extract with MP96","Nucleaic acid extraction, usually used for the liquid fraction of a wastewater sample, using amicon filtration and using an MP96 for final extraction.",NA,2.0.0,2.0.0,added in V2.0.0,
engamp,eng,amp,Amplicon sequencing,Specifies the amplicon strategy for genetic sequencing,NA,2.0.0,2.0.0,added in V2.0.0,
engampliArtifact,eng,ampliArtifact,Sequence Amplification Artifacts,Sequence amplification artifacts detected.,NA,2.3.0,2.3.0,added in v 2.3.0,
engamrGrp,eng,amrGrp,Anti-microbial resistance Group,The group for measures and methods pertaining to anti-microbial resistant microbes (general).,NA,2.1.0,2.1.0,added in V2.1.0,
enganaplasmaGrp,eng,anaplasmaGrp,Anaplasma Group,A group of measures/methods related to anaplasma bacteria.,Used to describe the organism information for general measures.,2.2.0,2.2.0,added in V2.2.0,
engandBoo,eng,andBoo,AND Boolean aggregation,"""AND"" aggreation.","If all values in the aggregation is ""TRUE"" then the AND aggregation is also ""TRUE"". If all values in the aggregation is ""FALSE"" then the AND aggregation is also ""TRUE"". ",2.0.0,2.0.0,added in V2.0.0,
enganneal,eng,anneal,annealing/extension,Describes the annealing and/or extension cycle in a PCR process.,NA,2.2.0,2.2.0,added in V2.2.0,
enganyCompartmentSet,eng,anyCompartmentSet,Any compartment set,A compartment set for measures and methods in any compartment.,NA,2.0.0,2.0.0,added in V2.0.0,
enganySpecimenSet,eng,anySpecimenSet,Any specimen set,A specimen set that inculdes any specimen.,NA,2.0.0,2.0.0,added in V2.0.0,
engapache20,eng,apache20,Apache license 2.0,The licensing for the measure or data set is managed under the Apache license 2.0.,NA,2.2.0,2.2.0,added in V2.2.0,
engaPhagocytophilum,eng,aPhagocytophilum,Anaplasma phagocytophilum,Anaplasma phagocytophilum,NA,2.2.0,2.2.0,added in V2.2.0,
engareaPr,eng,areaPr,Area proportional sample,An area proportional sample.,Used for surface testing.,2.0.0,2.0.0,added in V2.0.0,
engarTemp,eng,arTemp,Arrival temperature,The temperature of a sample upon arrival at the laboratory for analysis.,NA,1.0.0,2.0.0,added in V2.0.0,
engarticV3,eng,articV3,Use of the articV3 primer,Initial implementation of an ARTIC bioinformatics platform for nanopore sequencing of nCoV2019 novel coronavirus; Artic Foundation v3 primer.,NA,2.0.0,2.0.0,added in V2.0.0,
engarticV4,eng,articV4,Use of the articV4 primer,Artic V4 sequencing primer for VOCs and VOIs.,NA,2.0.0,2.0.0,added in V2.0.0,
engartistic20,eng,artistic20,Artistic license 2.0,The licensing for the measure or data set is managed under the Artistic license 2.0.,NA,2.2.0,2.2.0,added in V2.2.0,
engasID,eng,asID,Assay ID,Links with the AssayMethod used to perform the analysis. Use instrument.ID for measures that are not viral measures.,"Deprecated as of version 2, please avoid use. Refer to methodID instead.",1.0.0,2.0.0,"depreciated, now covered by partID = methodID",
engastrovirus,eng,astrovirus,Astrovirus,Astrovirus,NA,2.2.0,2.2.0,added in V2.2.0,
engastrovirusGrp,eng,astrovirusGrp,Astrovirus Group,A group of measures/methods related to astroviruses.,Used to describe the organism information for general measures.,2.2.0,2.2.0,added in V2.2.0,
engattributeInput,eng,attributeInput,Attribute input (wide table),The partID for the attribute being used in a wide name.,NA,2.2.0,2.2.0,added in V2.2.0,
engattributeName,eng,attributeName,Attribute name (wide table),The attribute referenced for the wide name.,NA,2.2.0,2.2.0,added in V2.2.0,
engattributes,eng,attributes,Attributes,"Attributes describe the who, where, when, and why of environmental surveillance. ","There are attributes for domain, specimen, compartment, or table. Attributes are one of the three main components or ways to report environment surviellence data. The other two components are measures and methods.",2.0.0,2.0.0,added in V2.0.0,
engbabesia,eng,babesia,Babesia,Babesia,NA,2.2.0,2.2.0,added in V2.2.0,
engbabesiaGrp,eng,babesiaGrp,Babesia or Nuttallia Group,A group of measures/methods related to babesia parasites.,Used to describe the organism information for general measures.,2.2.0,2.2.0,added in V2.2.0,
engbact16sABIFor,eng,bact16sABIFor,Bacteroides 16S forward primer (HF183) (ABI),Bacteroides 16S forward primer (HF183) (ABI),NA,2.2.0,2.2.0,added in V2.2.0,
engbact16sABIProbe,eng,bact16sABIProbe,Bacteroides 16S probe (BacP234) (ABI),Bacteroides 16S probe (BacP234) (ABI),NA,2.2.0,2.2.0,added in V2.2.0,
engbact16sABIRev,eng,bact16sABIRev,Bacteroides 16S reverse primer (BacR287) (ABI),Bacteroides 16S reverse primer (BacR287) (ABI),NA,2.2.0,2.2.0,added in V2.2.0,
engbacteriaUnitSet,eng,bacteriaUnitSet,Bacteria unit set,Unit set for bacteria-related measurements.,NA,2.0.0,2.0.0,added in V2.0.0,
engbacteroidesGrp,eng,bacteroidesGrp,Bacteroides Group,A group of measures/methods related to bacteroides bacteria.,Used to describe the organism information for general measures.,2.2.0,2.2.0,added in V2.2.0,
engbactFung,eng,bactFung,Bacteria and Fungus Class,Measures and methods relating to bacteria.,NA,2.0.0,2.0.0,added in V2.0.0,
engbactMisc,eng,bactMisc,Miscellaneous bacteria group,A group of measures/methods related to miscellaneous bacteria.,"The miscallenous bacteria are often have only one measure or method. When a bacteria has many measures, they will be given their own groupID in updated dictionary versions.",2.0.0,3.0.0,Re-activated to manage grouping for generic bacterial wet lab methods.,
engbbMP96,eng,bbMP96,"Bead beating, extract with MP96","Nucleaic acid extraction, usually used for solid fraction of a wastewater sample, using bead beating and using an MP96 for final extraction.",NA,2.0.0,2.0.0,added in V2.0.0,
engbBurgdorferi,eng,bBurgdorferi,Borrelia burgdorferi,Borrelia burgdorferi,NA,2.2.0,2.2.0,added in V2.2.0,
engbcov,eng,bcov,bcov,Measure of the amount of bovine coronavirus.,NA,2.0.0,2.0.0,added in V2.0.0,
engbcovCul,eng,bcovCul,bcov culture spike target,Cultured bovine coronavirus is used as the recovery efficiency control target.,NA,2.0.0,2.0.0,added in V2.0.0,
engbcovGen,eng,bcovGen,bcov spike target (unspecified),The bovine coronavirus (unspecified) is used as the recovery efficiency control target.,NA,2.2.0,2.2.0,added in V2.2.0,
engbcovVac,eng,bcovVac,bcov vaccine spike target,The bovine coronavirus vaccine is used as the recovery efficiency control target.,NA,2.0.0,2.0.0,added in V2.0.0,
engbeeExtractFloc,eng,beeExtractFloc,Beef extract flocculation,Beef extract flocculation.,NA,2.0.0,2.0.0,added in V2.0.0,
engbefore,eng,before,Is Before ,Specifies that the object step or protocol occurs before the subject step or protocol in the overall protocol container.,Use only for protocolRelationships table relationshipID.,2.0.0,2.0.0,added in V2.0.0,
engbeLOD,eng,beLOD,Below LOD,Measure is below the limit of detection (LOD) for a specific analyte.,NA,2.0.0,2.0.0,added in V2.0.0,
engbelowLOQ,eng,belowLOQ,Measured levels below LOQ,"Indicates that a measurement detected the analyte, but at levels below the limit of quantification (LOQ).",NA,2.2.3,2.2.3,added in v 2.2.3,
engbeta,eng,beta,Beta,B.1.351,NA,2.0.0,2.0.0,added in V2.0.0,
engbetaCoronaGrp,eng,betaCoronaGrp,Beta Coronavirus Group,A group of measures/methods related to beta coronaviruses.,Used to describe the organism information for general measures.,2.2.0,2.2.0,added in V2.2.0,
engbio,eng,bio,Biologic,A living organism or biological substance.,NA,2.0.0,2.0.0,added in V2.0.0,
engbioRadDdpcr,eng,bioRadDdpcr,Digital droplet emulsification PCR,Describes a PCR analysis done using BioRad's digital droplet emulsification PCR technology.,NA,2.0.0,2.0.0,added in V2.0.0,
engbLacAMRGrp,eng,bLacAMRGrp,Beta-Lactamase Anti-microbial resistance Group,The group for measures and methods pertaining to beta-lactamase-related anti-microbial resistance.,NA,2.1.0,2.1.0,added in V2.1.0,
engblaCMY,eng,blaCMY,Cephamycin Beta-Lactamase-Resistance gene target,Cephamycin Beta-Lactamase anti-microbial resistance gene target.,NA,2.2.0,2.2.0,added in V2.2.0,
engblaCTXM1,eng,blaCTXM1,CTX-M Beta-Lactamase-Resistance gene target,CTX-M Beta-Lactamase anti-microbial resistance gene target.,NA,2.2.0,2.2.0,added in V2.2.0,
engblaIMP,eng,blaIMP,Impenemase (IMP) Beta-Lactamase-Resistance gene target,Impenemase (IMP) Beta-Lactamase anti-microbial resistance gene target.,NA,2.2.0,2.2.0,added in V2.2.0,
engblaKPC,eng,blaKPC,Klebsiella pneumoniae Carbapenam (KPC) Beta-Lactamase-Resistance gene target,Klebsiella pneumoniae Carbapenam (KPC) Beta-Lactamase anti-microbial resistance gene target.,NA,2.2.0,2.2.0,added in V2.2.0,
engblaNDM,eng,blaNDM,New-Delhi Metallo- (NDM) Beta-Lactamase-Resistance gene target,New-Delhi Metallo- (NDM) Beta-Lactamase anti-microbial resistance gene target.,NA,2.2.0,2.2.0,added in V2.2.0,
engblaOXA48,eng,blaOXA48,OXA-type Beta-Lactamase-Resistance gene target,OXA-type Beta-Lactamase anti-microbial resistance gene target.,NA,2.2.0,2.2.0,added in V2.2.0,
engblaSHV,eng,blaSHV,SHV Beta-Lactamase-Resistance gene target,SHV-type Beta-Lactamase anti-microbial resistance gene target.,NA,2.2.0,2.2.0,added in V2.2.0,
engblaTEM,eng,blaTEM,TEM Beta-Lactamase-Resistance gene target,TEM-type Beta-Lactamase anti-microbial resistance gene target.,NA,2.2.0,2.2.0,added in V2.2.0,
engblaVIM,eng,blaVIM,Verone Integron-Encoded Metallo- (VIM) Beta-Lactamase-Resistance-resistance gene target,Verone Integron-Encoded Metallo- (VIM) Beta-Lactamase anti-microbial resistance gene target.,NA,2.2.0,2.2.0,added in V2.2.0,
engblob,eng,blob,Binary Large Object (BLOB) data type,The data type for Binary Large Object (BLOB) data.,Only used for the dictionary entries of parts.,2.0.0,2.0.0,added in V2.0.0,
engboc,eng,boc,Breadth of coverage (>=5x depth),"The percentage of the reference genome covered by the sequenced data, to a prescribed read depth greater or equal to 5. ",Report as percentage of positions.,2.0.0,2.0.0,Issue #120,
engbod5c,eng,bod5c,5-Day carbonaceous biochemical oxygen demand,"The quantity of oxygen utilized for the biochemical degradation of organic matter under standard laboratory procedures in five (5) days in the presence of a nitrification inhibitor, expressed in milligrams per litre (mg/l).",NA,1.1.0,2.0.0,"description wording, structure",
engbod5t,eng,bod5t,5-day total biochemical oxygen demand,5 day total biochemical oxygen demand.,NA,1.1.0,2.0.0,"description wording, structure",
engboolean,eng,boolean,Boolean data type,The data type for boolean/binary data.,Encoded as 'TRUE' or 'FALSE',2.0.0,2.0.0,added in V2.0.0,
engbooleanAggrSet,eng,booleanAggrSet,Boolean aggregation set,Aggreagation set for boolean.,NA,2.0.0,2.0.0,added in V2.0.0,
engbooleanSet,eng,booleanSet,Boolean value set,Set that contains the valid possible values for a boolean measure (TRUE or FALSE).,NA,2.0.0,2.0.0,added in V2.0.0,
engborreliaGrp,eng,borreliaGrp,Borrelia burgdorferi or Lyme Disease Group,A group of measures/methods related to Borrelia burgdorferi or Lyme Disease.,Used to describe the organism information for general measures.,2.2.0,2.2.0,added in V2.2.0,
engbrsv,eng,brsv,Bovine respiratory syncytial virus group,Bovine respiratory syncytial virus.,NA,2.0.0,2.0.0,added in V2.0.0,
engbrsvCul,eng,brsvCul,brsv culture spike target,Cultured bovine respiratory syncytial virus (BRSV) is used as the recovery efficiency control target.,NA,2.0.0,2.0.0,added in V2.0.0,
engbrsvN,eng,brsvN,BRSV-N,bovine respiratory syncytial virus capsid protein gene region,NA,1.0.0,2.0.0,added in V2.0.0,
engbrsvVac,eng,brsvVac,brsv vaccine spike target,The bovine respiratory syncytial virus (BRSV) vaccine is used as the recovery efficiency control target.,NA,2.0.0,2.0.0,added in V2.0.0,
engbrucella,eng,brucella,Brucella,Brucella,NA,2.2.0,2.2.0,added in V2.2.0,
engbrucellaGrp,eng,brucellaGrp,Brucella Group,A group of measures/methods related to brucella bacteria.,Used to describe the organism information for general measures.,2.2.0,2.2.0,added in V2.2.0,
engbsd0,eng,bsd0,BSD Zero-Clause license,The licensing for the measure or data set is managed under the BSD Zero-Clause license.,NA,2.2.0,2.2.0,added in V2.2.0,
engbsd2Clause,eng,bsd2Clause,"BSD 2-clause ""Simplified"" license","The licensing for the measure or data set is managed under the BSD 2-clause ""Simplified"" license.",NA,2.2.0,2.2.0,added in V2.2.0,
engbsd3Clause,eng,bsd3Clause,"BSD 3-clause ""New"" or ""Revised"" license","The licensing for the measure or data set is managed under the BSD 3-clause ""New"" or ""Revised"" license.",NA,2.2.0,2.2.0,added in V2.2.0,
engbsd3ClauseClear,eng,bsd3ClauseClear,BSD 3-clause Clear license,The licensing for the measure or data set is managed under the BSD 3-clause Clear license.,NA,2.2.0,2.2.0,added in V2.2.0,
engbsd4Clause,eng,bsd4Clause,"BSD 4-clause ""Original"" or ""Old"" license","The licensing for the measure or data set is managed under the BSD 4-clause ""Original"" or ""Old"" license.",NA,2.2.0,2.2.0,added in V2.2.0,
engbsl10,eng,bsl10,Boost Software License 1.0,The licensing for the measure or data set is managed under the Boost Software License 1.0.,NA,2.2.0,2.2.0,added in V2.2.0,
engbSwrPpl,eng,bSwrPpl,Branch sewer pipleline,"Specifies a site type that is collection pipe that run lateral to other municpal sewer lines, allowing drainage into the main sewer.",NA,1.0.0,2.0.0,"description wording, structure",
engbuildCO,eng,buildCO,Building cleanout,Specifies a site type that is a capped pipe that connects to a building's main sewer line.,NA,1.0.0,2.0.0,"description wording, structure",
engbus,eng,bus,Bus,"A large motor vehicle carrying passengers by road, typically one serving the public on a fixed route and for a fare.",NA,2.2.3,2.2.3,added in v2.2.3,
engbusStat,eng,busStat,Bus Station,A terminal where buses arrive and depart.,NA,2.2.3,2.2.3,added in v2.2.3,
engcaff,eng,caff,Caffeine,Caffeine (usually measured as a human fecal chemical indicator),NA,2.2.0,2.2.0,added in V2.2.0,
engCalprotectin,eng,Calprotectin,Calprotectin ,Calprotectin is a calcium- and zinc-binding protein of the S-100 protein family which is mainly found within neutrophils and throughout the human body. The presence of calprotectin in faeces is a consequence of neutrophil migration into the gastrointestinal tissue due to an inflammatory process.,NA,2.2.0,3.0.0,officially activate in v 3.0.0,
engcamp,eng,camp,Campylobacter,Campylobacter.,NA,2.1.0,2.1.0,added in V2.1.0,
engcampGrp,eng,campGrp,Campylobacter Group,A group of measures/methods related to campylobacter bacteria.,Used to describe the organism information for general measures.,2.2.0,2.2.0,added in V2.2.0,
engcapacity,eng,capacity,Capacity class,Measures and methods relating to capacity.,NA,2.0.0,2.0.0,added in V2.0.0,
engcapacityUnitSet,eng,capacityUnitSet,Capacity unit set,Unit set for capacity measurements.,NA,2.0.0,2.0.0,added in V2.0.0,
engcapitalEndonym,eng,capitalEndonym,Capital city endonym,The name locals use for their country’s capital.,"Preprogrammed into dictionary tables, not editable by users.",2.1.0,2.1.0,added in V2.1.0,
engcapitalExonym,eng,capitalExonym,Capital city exonym,The English name foreigners use for the country’s capital.,"Preprogrammed into dictionary tables, not editable by users.",2.1.0,2.1.0,added in V2.1.0,
engcaRepDate,eng,caRepDate,Case report date,"Date that the numbers were reported publicly. Typically, reported data and this measure is most commonly reported and used.",NA,1.0.0,2.0.0,depreciated,
engcaseEpDate,eng,caseEpDate,Episode date of confirmed cases ,"Episode date is the earliest of onset, test or reported date for a confirmed case.",NA,1.0.0,2.0.0,now a unit for any group or biologic infection,
engcaseOnDate,eng,caseOnDate,Onset date of confirmed cases ,"Earliest that symptoms were reported for a confirmed case. This data is often not known and reported. In lieu, episode is used.",NA,1.0.0,2.0.0,now a unit for any group or biologic infection,
engcaseRepDate,eng,caseRepDate,Report date of confirmed cases ,"Date that the numbers were reported publicly for a confirmed case. Typically, reported data and this measure is most commonly reported and used.",NA,1.0.0,2.0.0,now a unit for any group or biologic infection,
engcaseTestDate,eng,caseTestDate,Test date of confirmed cases ,Date that the covid-19 test was performed for a confirmed case.,NA,1.0.0,2.0.0,now a unit for any group or biologic infection,
engcategorical,eng,categorical,Categorical data type,The data type for categorical data.,Only used for the dictionary entries of parts.,2.0.0,2.0.0,added in V2.0.0,
engcategories,eng,categories,Categories,"A discrete list of values that can be reported for a measure, method or attribute. ","A use-case example of categories would be how they are used to record the site where a measure is taken (partID = geoType). For the geoType attribute there are different type of sites where samples can be taken: a wastwater treatment plant, airplane holding tank, wastwater pumping station, etc. Each of these site types is recorded as a category that can be identified in categorySetID = sTypeCatSets",2.0.0,2.0.0,added in V2.0.0,
engcAuris,eng,cAuris,Candida auris,"The yeast species Candida auris, or C. auris.",NA,2.1.0,2.1.0,added in V2.1.0,
engcAurisGrp,eng,cAurisGrp,Candida auris Group,A group of measures/methods related to Candida auris.,Used to describe the organism information for general measures.,2.2.0,2.2.0,added in V2.2.0,
engcbp,eng,cbp,Carbapenemase-encoding genes,Carbapenemase-encoding genes.,NA,2.1.0,2.1.0,added in V2.1.0,
engcc010,eng,cc010,Creative Commons Zero v1.0 Universal,The licensing for the measure or data set is managed under the Creative Commons Zero v1.0 Universal.,NA,2.2.0,2.2.0,added in V2.2.0,
engccby40,eng,ccby40,Creative Commons Attribution 4.0,The licensing for the measure or data set is managed under the Creative Commons Attribution 4.0.,NA,2.2.0,2.2.0,added in V2.2.0,
engccbync40,eng,ccbync40,CC BY-NC 4.0 license,"The licensing for the measure or data set is managed under the Creative Commons 4.0 by-attribution, non-commercial international license.",NA,2.2.3,2.2.3,added in v 2.2.3,
engccbyncsa40,eng,ccbyncsa40,CC BY-NC-SA 4.0 license,"The licensing for the measure or data set is managed under the Creative Commons 4.0 by-attribution, non-commercial, and sharealike international license.",NA,2.2.3,2.2.3,added in v 2.2.3,
engccbysa40,eng,ccbysa40,Creative Commons Attribution ShareAlike 4.0,The licensing for the measure or data set is managed under the Creative Commons Attribution ShareAlike 4.0.,NA,2.2.0,2.2.0,added in V2.2.0,
engccc,eng,ccc,Long-term acute care hospital,"Acute care hospitals, or complex contuing care, that provide care for patients with average length of stay longer than 25 days. ",NA,2.0.0,2.0.0,added in V2.0.0,
engcdc,eng,cdc,Child day care,Child day care facility.,NA,2.0.0,2.0.0,added in V2.0.0,
engcdcCovEIDTFor,eng,cdcCovEIDTFor,Sarbeco_E forward primer (IDT),Sarbeco_E forward primer (IDT),NA,2.2.0,2.2.0,added in V2.2.0,
engcdcCovEIDTProbe,eng,cdcCovEIDTProbe,Sarbeco_E probe (IDT),Sarbeco_E probe (IDT),NA,2.2.0,2.2.0,added in V2.2.0,
engcdcCovEIDTRev,eng,cdcCovEIDTRev,Sarbeco_E reverse primer (IDT),Sarbeco_E reverse primer (IDT),NA,2.2.0,2.2.0,added in V2.2.0,
engcdcCovN1IDTFor,eng,cdcCovN1IDTFor,2019-nCoV_N1 forward primer (IDT),2019-nCoV_N1 forward primer (IDT),NA,2.2.0,2.2.0,added in V2.2.0,
engcdcCovN1IDTProbe,eng,cdcCovN1IDTProbe,2019-nCoV_N1 probe (IDT),2019-nCoV_N1 probe (IDT),NA,2.2.0,2.2.0,added in V2.2.0,
engcdcCovN1IDTRev,eng,cdcCovN1IDTRev,2019-nCoV_N1 reverse primer (IDT),2019-nCoV_N1 reverse primer (IDT),NA,2.2.0,2.2.0,added in V2.2.0,
engcdcCovN2IDTFor,eng,cdcCovN2IDTFor,2019-nCoV_N2 forward primer (IDT),2019-nCoV_N2 forward primer (IDT),NA,2.2.0,2.2.0,added in V2.2.0,
engcdcCovN2IDTProbe,eng,cdcCovN2IDTProbe,2019-nCoV_N2 probe (IDT),2019-nCoV_N2 probe (IDT),NA,2.2.0,2.2.0,added in V2.2.0,
engcdcCovN2IDTRev,eng,cdcCovN2IDTRev,2019-nCoV_N2 reverse primer (IDT),2019-nCoV_N2 reverse primer (IDT),NA,2.2.0,2.2.0,added in V2.2.0,
engcdcCovN3IDTFor,eng,cdcCovN3IDTFor,2019-nCoV_N3 forward primer (IDT),2019-nCoV_N3 forward primer (IDT),NA,2.2.0,2.2.0,added in V2.2.0,
engcdcCovN3IDTProbe,eng,cdcCovN3IDTProbe,2019-nCoV_N3 probe (IDT),2019-nCoV_N3 probe (IDT),NA,2.2.0,2.2.0,added in V2.2.0,
engcdcCovN3IDTRev,eng,cdcCovN3IDTRev,2019-nCoV_N3 reverse primer (IDT),2019-nCoV_N3 reverse primer (IDT),NA,2.2.0,2.2.0,added in V2.2.0,
engcDiff,eng,cDiff,Clostridium difficile,Clostridium difficile,NA,2.2.0,2.2.0,added in V2.2.0,
engcDip,eng,cDip,Corynebacterium diphtheriae,Corynebacterium diphtheriae,NA,2.2.0,2.2.0,added in V2.2.0,
engcecill21,eng,cecill21,CeCILL Free Software License Agreement v2.1,The licensing for the measure or data set is managed under the CeCILL Free Software License Agreement v2.1.,NA,2.2.0,2.2.0,added in V2.2.0,
engcel,eng,cel,Degrees Celcius,Degrees Celsius.,NA,1.1.0,2.0.0,description wording.,
engcent,eng,cent,Centrifugation,Describes solid separation from a wastewater sample via centrifugation. Likely connected to other method steps prior to analysis.,NA,2.0.0,2.0.0,added in V2.0.0,
engcentriconUf,eng,centriconUf,Centricon ultrafiltration,Centricon ultrafiltration.,NA,2.0.0,2.0.0,"added in V2.0.0, added from NWSS",
engcentSpeed,eng,centSpeed,Centrifugation speed,Centrifugation speed,NA,2.2.0,2.2.0,added in V2.2.0,
engceres,eng,ceres,Ceres nanotrap,Ceres nanotrap.,NA,2.0.0,2.0.0,"added in V2.0.0, added from NWSS",
engcesspit,eng,cesspit,Cesspit,"Cesspit, cesspool and soak pit in some contexts are terms with various meanings: they are used to describe either an underground holding tank (sealed at the bottom) or a soak pit (not sealed at the bottom). A cesspit can be used for the temporary collection and storage of feces, excreta, or fecal sludge as part of an on-site sanitation system and has some similarities with septic tanks or with soak pits. ",NA,2.2.3,2.2.3,added in v2.2.3,
engcfu,eng,cfu,Colony Forming Units,Colony forming units,NA,3.0.0,3.0.0,added in V3.0.0,
engcfu100,eng,cfu100,CFU per 100 ml,Colony forming units per 100 ml of filtered sample.,NA,1.1.0,2.0.0,description wording.,
engcfugTS,eng,cfugTS,Colony forming units per grams total solids,colony forming units per grams total solids (CFU/gTS),NA,3.0.0,3.0.0,added in V3.0.0,
engcfumL,eng,cfumL,Colony forming units per milliliter,colony forming units per milliliter (CFU/mL),NA,3.0.0,3.0.0,added in V3.0.0,
engchanges,eng,changes,Changes column,A column for recording the changes from a previous version.,Use this column as a short-hand change log for dictionary development.,2.0.0,2.0.0,added in V2.0.0,
engcharLength,eng,charLength,character length,The number of characters used for the wide names.,NA,2.2.0,2.2.0,added in V2.2.0,
engche,eng,che,Chemical,A chemical compound.,NA,2.0.0,2.0.0,added in V2.0.0,
engchemVir,eng,chemVir,Chemagic viral dna/rna 300 kit,Nucleic acid extraction performed using the chemagic viral dna/rna 300 kit.,NA,2.0.0,2.0.0,"added in V2.0.0, added from NWSS",
engchikungunyaGrp,eng,chikungunyaGrp,Chikungunya Group,A group of measures/methods related to chikungunya virus.,Used to describe the organism information for general measures.,2.2.0,2.2.0,added in V2.2.0,
engchikv,eng,chikv,Chikungunya virus (CHIKV),Chikungunya virus (CHIKV),NA,2.2.0,2.2.0,added in V2.2.0,
engchild,eng,child,Child relationship,Indicated that this is a sample generated from (an)other sample(s) either because of pooling or sub-sampling.,NA,1.0.0,2.0.0,changed to a relationshipID value.,
engchlamydia,eng,chlamydia,Chlamydia,Chlamydia,NA,2.2.0,2.2.0,added in V2.2.0,
engchlamydiaGrp,eng,chlamydiaGrp,Chlamydia Group,A group of measures/methods related to chlamydia bacteria.,Used to describe the organism information for general measures.,2.2.0,2.2.0,added in V2.2.0,
engcity,eng,city,City,The city where a site or organization is located; part of the address.,NA,1.0.0,2.0.0,"description wording, structure",
engcJejuni,eng,cJejuni,Campylobacter jejuni bacteria,Campylobacter jejuni gene target/measurement,NA,2.1.0,2.1.0,added in V2.1.0,
engcK,eng,cK,Composite Key,Composite key for a table.,"All report tables have a primary key - the composite key acts as a primary key, but it prouced as a combination of other fields. Each row in a report table has unique identifier recorded in the primary key/composite key. ",2.2.2,2.2.2,added in V 2.2.2,
engclari,eng,clari,Clarified sample,Clarified sample.,NA,1.0.0,2.0.0,NA,
engclass,eng,class,Class,"A unique identifier for a class, which is akin to a sub-group; it's a way of grouping parts within a given group. A group can have one or more classes to describe different parts of the class. ","Currently, class is only used for biologics. For example, SARS-CoV-2 is a group of measures with the following classes of allele, variant, mutation, sequence, and protein.",2.0.0,2.0.0,added in V2.0.0,
engclasses,eng,classes,Classes,A class is a collection of one or more related measures or methods within a group. A group can have one more more classes to describe different parts or the class. ,NA,2.0.0,2.0.0,added in V2.0.0,
engclostridiumGrp,eng,clostridiumGrp,Clostridium Group,A group of measures/methods related to clostridium bacteria.,Used to describe the organism information for general measures.,2.2.0,2.2.0,added in V2.2.0,
engcloudy,eng,cloudy,Cloudy,"Qualitative category for the weather measure, specifying an overcast day with no rain.",NA,2.0.0,2.0.0,added in V2.0; github issue #124 and #204,
engcm,eng,cm,Centimetres,Unit part for the SI unit of centimetres.,NA,2.0.0,2.0.0,added in V2.0.0,
engco,eng,co,Contact table Shorthand,The abbreviated short name used to reference the The table that contains information about a contact; a person who is the contact of a site or laboratory.,table,2.2.2,2.2.2,added in V 2.2.2,
engco2,eng,co2,Carbon Dioxide ,A measure of an amount or concentraion of carbon dioxide.,NA,2.0.0,2.0.0,added in V2.0; github issue #202,
engcod,eng,cod,Chemical Oxygen Demand,Chemical oxygen demand.,NA,1.0.0,2.0.0,"description wording, structure",
engcol2Frdg,eng,col2Frdg,Time from collection to storage,The amount of time between sample collection and the samples placement in stable storage/refrigeration.,NA,2.2.0,2.2.0,added in V2.2.0,
engcolAMRGrp,eng,colAMRGrp,Colistin Anti-microbial resistance group,The group for measures and methods pertaining to colistin-related anti-microbial resistance.,NA,2.1.0,2.1.0,added in V2.1.0,
engcolGrp,eng,colGrp,Collection group,A group of measurement-like attributes related to sample collection.,NA,2.0.0,2.0.0,added in V2.0.0,
engcolis,eng,colis,Colistin resistance,Colistin-resistant bacteria.,NA,2.1.0,2.1.0,added in V2.1.0,
engcollDT,eng,collDT,Collection date time,"For grab samples this is the date, time and timezone the sample was taken.",NA,1.0.0,2.0.0,Update in line with Github Issue #211,
engcollDTEnd,eng,collDTEnd,Collection date time end,"For integrated time average samples this is the date, time and timezone the sample was finished being taken.",NA,1.0.0,2.0.0,Update in line with Github Issue #211,
engcollDTStart,eng,collDTStart,Collection date time start,"For integrated time averaged samples this is the date, time and timezone the sample was started being taken.",NA,1.0.0,2.0.0,Update in line with Github Issue #211,
engcollectSet,eng,collectSet,Sample collection set,Methods for collection samples. ,"Sample collection methods include water, air, and surface. See the attribute `Compartment set` of the sample collection method.",2.0.0,2.0.0,added in V2.0.0,
engcollNum,eng,collNum,Collection number,"The number of subsamples that were combined to create the sample. Use NA for continuous, proportional or passive sampling.",NA,2.0.0,2.0.0,added in V2.0.0,
engcollNumPer,eng,collNumPer,Collection period and number ,Composite collection number.period.,"This a composite measure that combines `collection period` (collPer) and `collection number` (collNum). Collection number and period can be used to reduce the number of table headings during data collection. In data storage, `collNum` and `collPeriod` should be transformed to `collPer` and `collNum`. For Grab sample, Surface swab, or Area proportional sample just enter 1

In case of Composite, Flow-proportional collection, the number of subsamples followed by a dot, followed by the period of the sampling, in hours.
For example, for 4 composite subsamples covering a 8 hours period, the entry would be 4.2
For time-proportional 24 subsamples collected every hour, the entry would be 24.1
For volume-proportional, the entry for 24 subsamples collected over 24 hours should be 24.24, in this case the period part of the entry should be understood as the total collection time instead of the periodicity of the collection.

For a COSCA ball or Moore swab collecting for 24 hours, the entry would be 1.24",2.0.0,3.0.0,"Depreciated as it really belongs in the widenames table, not parts.",
engcollPer,eng,collPer,Collection period,"Collection period. The time period over which the sample was collected, in hours. Alternatively, use collectionStart and collectionEnd.","Examples: 1 hour, 6 hours, 24 hours",2.0.0,2.0.0,added in V2.0.0,
engcollType,eng,collType,Sample collection type,The type of collection. ,NA,1.0.0,2.0.0,description wording,
engcolocated,eng,colocated,Co-located relationship,"Second or multiples samples collected  at or near (one-half to three feet away) from the same selected sample location to determine local variability of a given analyte. Analytical results from co-located samples can be used to assess site variation, but only in the immediate sampling area. Samples at the same location but using different media (i.e. water and air samples, soil and sediment samples) are also classified as co-located samples.",NA,2.0.0,2.0.0,added in V2.0; GitHub issue #94,
engcolumnNameDep,eng,columnNameDep,Column name depreciiated,Name for the column,Depreciated in ODM version 2. Look-up tables are now incoprated into parts and sets.,1.0.0,2.0.0,depreciated,
engcommFacOth,eng,commFacOth,Commercial facility - not specified,Specifies a site type which is a commercial facility/worksite that is not otherwise captured or described in the geotype set.,NA,2.2.0,2.2.0,added in V2.2.0,
engcomp,eng,comp,Composite sample - archival,"A composite sample, usually generated by an autosampler.","This is intended for use in updating and mapping archival data into the newest version of the ODM. Generally, autosamplers do time or flow-proportional sampling, and so those collection methods should be used instead. This is only for composite/autosampler samples where these additional details have not yet been specified. Use collectionPeriod to describe how many hours the sample was taken, and collectionNum to record the number of samples.",1.0.0,2.0.0,"description wording, structure",
engcomp3,eng,comp3,Composite grab sample of 3,A grab-composite sample composed of 3 separate grab samples.,NA,1.0.0,2.0.0,Use grab with collection number (collectNum) = 3,
engcomp3dep,eng,comp3dep,Composite grab sample of 3 depreciate,A grab-composite sample composed of 3 separate grab samples.,"Deprecated in version 2, please do not use.",1.0.0,2.0.0,"depreciated, ""default"" entries are no longer in use.",
engcomp3h,eng,comp3h,Composite 3hr grab sample,"A 3-hour composite with 3 grab samples each taken once per hour, generally manually performed.",NA,1.0.0,2.0.0,Use grab with collection period (collectPer) = 3,
engcomp3hdep,eng,comp3hdep,Composite 3hr grab sample depreciate,"A 3-hour composite with 3 grab samples each taken once per hour, generally manually performed.","Deprecated in version 2, please do not use.",1.0.0,2.0.0,"depreciated, ""default"" entries are no longer in use.",
engcomp8h,eng,comp8h,Composite 8hr grab sample depreciated,"An 8-hour composite with 8 grab samples each taken once per hour, generally manually performed.","Deprecated in version 2, please do not use.",1.0.0,2.0.0,"depreciated, ""default"" entries are no longer in use.",
engcomp8hDep,eng,comp8hDep,Composite 8hr grab sample deprecated,"A 8-hour composite with 8 grab samples each taken once per hour, generally manually performed.",NA,1.0.0,2.0.0,Use grab with collection period (collectPer) = 8,
engcompartment,eng,compartment,Compartment,"The attribute identifying the substance from which where a sample was taken. For more information, see partID = compartment.",NA,2.0.0,2.0.0,added in V2.0.0,
engcompartmentInput,eng,compartmentInput,Compartment input (wide table),The partID for the compartment being used in a wide name.,NA,2.2.0,2.2.0,added in V2.2.0,
engcompartmentName,eng,compartmentName,Compartment name (wide table),The compartment referenced for the wide name.,NA,2.2.0,2.2.0,added in V2.2.0,
engcompartments,eng,compartments,Compartments,The substance from which a sample was taken.,"For example, wastewater has component of ""water"". Compartments are attributes of measures, methods, units, and aggregations.",2.0.0,2.0.0,added in V2.0.0,
engcompartmentSet,eng,compartmentSet,Compartment Set Header,An idenfication of a set of compartments that can be applied for a measure or method.,NA,2.2.2,2.2.2,added in 2.2.2,
engcompartmentSets,eng,compartmentSets,Compartment sets,Sets of compartments. ,"Compartment sets are used to identify when a measure can be recorded for more than one compartment. For example, SARS-CoV-2 can be measured in people (humans), water, surface, or air.",2.0.0,2.0.0,added in V2.0.0,
engcompToi,eng,compToi,Composting toilet,"A self-contained toilet system wherein human waste is designed to be composted. Usually with the addition of secondary materials, like sawdust.",NA,2.2.3,2.2.3,added in v2.2.3,
engconc,eng,conc,Concentration measure,Measurement of concentration (generalized) - designed for describing protocols.,NA,2.2.0,2.2.0,added in V2.2.0,
engconcurrent,eng,concurrent,Is concurrent to,Specifies that the object step or protocol occurs at the same time as the subject step or protocol in the overall protocol container.,Use only for protocolRelationships table relationshipID.,2.0.0,2.0.0,added in V2.0.0,
engconcVol,eng,concVol,Sample volume after concentration,The total volume of a sample after the concentration step.,NA,2.2.0,2.2.0,added in V2.2.0,
engcond,eng,cond,Water conductivity,Measurement of conductivity of sample or site.,NA,1.0.0,2.0.0,"description wording, structure",
engconductivity,eng,conductivity,Conductivity class,Measures and methods related to conductivity.,NA,2.0.0,2.0.0,added in V2.0.0,
engconductivityUnitSet,eng,conductivityUnitSet,Conductivity unit set,Unit set related to conductivity measurements.,NA,2.0.0,2.0.0,added in V2.0.0,
engconf,eng,conf,Number of confirmed cases,Number of confirmed cases.,NA,1.0.0,2.0.0,now a unit for any group or biologic infection,
engconfEp,eng,confEp,Number of confirmed cases by episode date,"Number of confirmed cases of a given disease, totaled by episode date.","Episode date is the earliest of onset, test or reported date for a confirmed case.",1.0.0,2.2.0,added in V2.2.0,
engconfOn,eng,confOn,Number of confirmed Cases Onset date,"Number of confirmed cases of a given disease, totaled by onset date.","Onset date is the earliest date that symptoms were reported for a confirmed case. This data is often not known and reported. In lieu, episode is used.",1.0.0,2.2.0,added in V2.2.0,
engconfRep,eng,confRep,Number of confirmed cases by report date,"Number of confirmed cases of a given disease, totaled by report date.",Report date is the date that the numbers were reported publicly for a confirmed case. ,1.0.0,2.2.0,added in V2.2.0,
engconfTest,eng,confTest,Number of confirmed cases test date,"Number of confirmed cases of a given disease, totaled by test date.",Test date is the date that the covid-19 test was performed for a confirmed case.,1.0.0,2.2.0,added in V2.2.0,
engcontactID,eng,contactID,Contact ID,A unique identifier for a given contact person.,NA,2.0.0,2.0.0,added in V2.0.0,
engcontactName,eng,contactName,Contact name,"Contact person or group, for the lab.",Depreciated in ODM version 2. see 'name',1.0.0,2.0.0,"depreciated, now use partID = firstName and partID = lastName instead",
engcontacts,eng,contacts,Contact table,The table that contains information about a contact; a person who is the contact of a site or laboratory.,adapt from verson 1 documentation,2.0.0,2.0.0,added in V2.0.0,
engcontactsOrder,eng,contactsOrder,Contacts table column order,Specifies the order of the columns in a Contacts table.,NA,2.0.0,2.0.0,added in V2.0.0,
engcontactsRequired,eng,contactsRequired,Contact table required headers,Specifies the columns required in a Contacts table.,NA,2.0.0,2.0.0,added in V2.0.0,
engcontactTableSet,eng,contactTableSet,Contact table set,"Tables are where measures, methods and attributes are recorded. Tables represent the main entities of the environmental surveillance.",NA,2.0.0,2.0.0,added in V2.0.0,
engcoPhone,eng,coPhone,Contact phone,"Contact phone number, for the lab.",NA,1.0.0,2.0.0,"description wording, structure",
engcorFcil,eng,corFcil,Correctional facility,Correctional facility,NA,1.0.0,2.0.0,"description wording, structure",
engcosca,eng,cosca,COSCa ball,COSCa passive sampling device.,Use collectionPeriod to describe how many hours the ball was used to collect the sample,2.0.0,2.0.0,added in V2.0.0,
engcountries,eng,countries,Countries look-up tables,Look up table for the possible country inputs.,NA,2.1.0,2.1.0,added in V2.1.0,
engcountriesOrder,eng,countriesOrder,Countries table column order,Specifies the order of the columns in the countries table.,NA,2.1.0,2.1.0,added in V2.1.0,
engcountriesRequired,eng,countriesRequired,Counries table required headers,Required headers in the countries table.,NA,2.1.0,2.1.0,added in V2.1.0,
engcountry,eng,country,Country,The country where a site or organization is located; part of the address.,NA,1.0.0,2.0.0,"description wording, structure",
engcountryEndonym,eng,countryEndonym,Country endonym,The name locals use for their country.,"Preprogrammed into dictionary tables, not editable by users.",2.1.0,2.1.0,added in V2.1.0,
engcountryExonym,eng,countryExonym,Country exonym,The English name foreigners use for the country.,"Preprogrammed into dictionary tables, not editable by users.",2.1.0,2.1.0,added in V2.1.0,
engcountryLevel,eng,countryLevel,Countries or sovereign states,Countries or sovereign states,NA,2.0.0,3.0.0,"Reactivated as organization level and sector categorical inputs, rather than attributes.",
engcountyLevel,eng,countyLevel,"Districts, counties, regions","Districts, counties, regions",NA,2.0.0,3.0.0,"Reactivated as organization level and sector categorical inputs, rather than attributes.",
engcov,eng,cov,Covid-19,Covid-19 infection.,"Any form of Covid-19 human infetion - including testing for Covid-19, symptomatic Covid-19, asymptomatic Covid-19, hospitalized Covid-19, long-Covid-19, etc. If needed, define the specific form Covid-19 with units. See populationUnits.",2.0.0,2.0.0,added in V2.0.0,
engcov2Me,eng,cov2Me,SARS-CoV-2 measure,Measure the amount of SARS-CoV-2 virus.,This measure should only be used if there is no other SARS-CoV-2 measure. See groupID = sarsCov2. Use a note to describe the specific measure used. ,2.0.0,2.0.0,added in V2.0.0,
engcovB117,eng,covB117,SARS-CoV-2-B.1.1.7,Variant B.1.1.7 of the SARS-CoV-2 virus.,NA,1.1.0,2.0.0,added in V2.0.0,
engcovB135,eng,covB135,SARS-CoV-2-B.1.351,Variant B.1.351 of the SARS-CoV-2 virus.,NA,1.1.0,2.0.0,added in V2.0.0,
engcovE,eng,covE,SARS-CoV-2-E,SARS-CoV-2 E gene.,NA,1.0.0,2.0.0,"description wording, structure",
engcovN1,eng,covN1,SARS-CoV-2-N1,"SARS-CoV-2 nucleocapsid gene, allele 1.",NA,1.0.0,2.0.0,"description wording, structure",
engcovN2,eng,covN2,SARS-CoV-2-N2,"SARS-CoV-2 nucleocapsid gene, allele 2.",NA,1.0.0,2.0.0,"description wording, structure",
engcovN200,eng,covN200,SARS-CoV-2-N200,"SARS-CoV-2 nucleocapsid gene, amino acids 199-202.",NA,2.0.0,2.0.0,added in V2.0.0,
engcovN3,eng,covN3,SARS-CoV-2-N3,"SARS-CoV-2 nucleocapsid gene, allele 3.",NA,1.0.0,2.0.0,"description wording, structure",
engcovP1,eng,covP1,SARS-CoV-2-P.1,Variant P.1 of the SARS-CoV-2 virus.,NA,1.1.0,2.0.0,"description wording, structure",
engcovRdrp,eng,covRdrp,SARS-CoV-2-RdRp,SARS-CoV-2 RdRp gene.,NA,1.0.0,2.0.0,"description wording, structure",
engcovS,eng,covS,SARS-CoV-2 S Gene Target,S sars-cov-2 gene target,NA,2.0.0,2.0.0,added in V2.0.0,
engcPerfrigens,eng,cPerfrigens,Clostridium perfringens,Clostridium perfringens,NA,2.2.0,2.2.0,added in V2.2.0,
engcphDate,eng,cphDate,Covid-19 population measurement date,date of reporting for covid-19 measure.,Depreciated in ODM version 2. The measure identication is now measureReportID with report dates as for any measure report. ,1.0.0,2.0.0,"depreciated, measure identication is now found in partID = measureRepID, with date fields for any measure report. ",
engcphid,eng,cphid,Cphd ID,Unique identifier for the table.,Depreciated in ODM version 2. The measure identication is now measureReportID. ,1.0.0,2.0.0,"depreciated, measure identication is now found in partID = measureRepID",
engcra,eng,cra,crAssphage-N,crAssphage virus capsid protein gene region,NA,1.0.0,2.0.0,"description wording, structure",
engcrea,eng,crea,Creatinine,Creatinine (usually measured as a human fecal chemical indicator),NA,2.2.0,2.2.0,added in V2.2.0,
engcrosswalkTableSet,eng,crosswalkTableSet,Crosswalk table set,Tables used to translate to and from other environmental dictionaries and models.,NA,2.0.0,2.0.0,added in V2.0.0,
engcryptosporidium,eng,cryptosporidium,Cryptosporidium,Cryptosporidium,NA,2.2.0,2.2.0,added in V2.2.0,
engcryptosporidiumGrp,eng,cryptosporidiumGrp,Cryptosporidium Group,A group of measures/methods related to cryptosporidium parasites.,Used to describe the organism information for general measures.,2.2.0,2.2.0,added in V2.2.0,
engct,eng,ct,Cycle threshold or quantification cycle (Ct or Cq),Cycle thresholds in a PCR assay.,NA,1.0.0,2.0.0,description wording.,
engcu,eng,cu,Countries look-up tables Shorthand,The abbreviated short name used to reference the Look up table for the possible country inputs.,table,2.2.2,2.2.2,added in V 2.2.2,
engcuCo,eng,cuCo,Cumulative count,The cumulative count of cases of a given disease.,Aggregation for a population or disease measure to explain population-level clinical effects.,2.0.0,2.0.0,added in V2.0.0,
engcustodyCont,eng,custodyCont,Custody Contact ID,A unique identifier for data custodians.,NA,2.0.0,2.0.0,added in V2.0.0,
engcustodyID,eng,custodyID,Data custodian ID,The data custodian of a database. ,"Use Organization ID to populate this field, and the organizations table to describe contact information and other details for the data custodian. ",2.0.0,2.0.0,added in V2.0; github issue #205,
engcVDPV2,eng,cVDPV2,Circulating vaccine-derived poliovirus type 2,Circulating vaccine-derived poliovirus type 2,NA,2.2.0,2.2.0,added in V2.2.0,
engcyNum,eng,cyNum,Number of cycles,"The number of cycles of a PCR machine, or any other cycling process.",NA,2.2.0,2.2.0,added in V2.2.0,
engd339h,eng,d339h,D339H Mutation,The FLiRT/SLip variant mutation D339H.,NA,2.2.0,2.2.0,added in V2.2.0,
engd377y,eng,d377y,d377y delta-variant gene target,d377y delta-variant mutation gene target.,NA,2.0.0,2.0.0,added in V2.0.0,
engd3g,eng,d3g,d3g omicron-variant gene target,d3g omicron-variant mutation gene target.,NA,2.0.0,2.0.0,added in V2.0.0,
engd63g,eng,d63g,d63g delta-variant gene target,d63g delta-variant mutation gene target.,NA,2.0.0,2.0.0,added in V2.0.0,
engd796y,eng,d796y,d796y omicron-variant gene target,d796y omicron-variant mutation gene target.,NA,2.0.0,2.0.0,added in V2.0.0,
engd950n,eng,d950n,d950n delta-variant gene target,d950n delta-variant mutation gene target.,NA,2.0.0,2.0.0,added in V2.0.0,
engdaiCo,eng,daiCo,Daily count,The daily count of cases of a given disease.,Aggregation for a population or disease measure to explain population-level clinical effects.,2.0.0,2.0.0,added in V2.0.0,
engdataColl,eng,dataColl,Data collection sector or organization,"Describes organization who collect compile, analyze, and or manage data as their central focus.",NA,2.2.0,2.2.0,added in V2.2.0,
engdatasetDate,eng,datasetDate,Dataset creation date,Specifies the date a given dataset was created.,NA,2.0.0,2.0.0,added in V2.0.0,
engdatasetID,eng,datasetID,Dataset ID,"The name of the dataset that stores information for MeasureReport, SampleReport and other reporting tables.","Where possible, datasetID name should correspond the orignial data custodian responsible for generating environmental data. (suggestion for a default name convention.)",2.0.0,3.0.0,"removed as FK from the organizations, instruments tables.",
engdatasets,eng,datasets,Dataset table,A report table for capturing details about data's parental data set and data custodians. Supplying attribution for data collectors.,NA,2.0.0,2.0.0,added in V2.0.0,
engdatasetsOrder,eng,datasetsOrder,Datasets table column order,Specifies the order of the columns in a Datasets table.,NA,2.0.0,2.0.0,added in V2.0.0,
engdatasetsRequired,eng,datasetsRequired,Dataset table required headers,Specifies the columns required in a Datasets table.,NA,2.0.0,2.0.0,added in V2.0.0,
engdataTypes,eng,dataTypes,Data types,The data type for a part.,"Data types used in the ODM include: varchar, booleen, float, category, date, time, datetime, url, email. dataType corresponds the the entry or cell within a data table, most commonly within a report table. If the data entry has a unit, then the dataType corresponds to the unit and the dataType refers to 'unit'. If the data entry is a category, then the dataType refers to 'category'. All categories are varchar. Otherwise the dataType is identifed within the part entry. TBA: dataType for dictionary.",2.0.0,2.0.0,added in V2.0.0,
engdateDep,eng,dateDep,Date,Date,date on which the assayMethod was created or updated (for version update).,1.0.0,3.0.0,"Still depreciated, but partID updated to reflect that while avoiding colisions with the new date data type.",
engdatetime,eng,datetime,Datetime data type,The data type for date and time data.,Only used for the dictionary entries of parts.,2.0.0,2.0.0,added in V2.0.0,
engdays,eng,days,Days,A unit for indicating a length of time in days.,NA,2.0.0,2.0.0,added in V2.0.0,
engddcovE,eng,ddcovE,ddcov_e sars-cov-2 gene target,ddcov_e sars-cov-2 mutation gene target.,NA,2.0.0,2.0.0,added in V2.0.0,
engddcovN,eng,ddcovN,ddcov_n sars-cov-2 gene target,ddcov_n sars-cov-2 mutation gene target.,NA,2.0.0,2.0.0,added in V2.0.0,
engddpcr,eng,ddpcr,Digital Droplet PCR (ddPCR),Describes a PCR analysis done using digital droplet PCR technology (general).,NA,2.2.0,2.2.0,added in V2.2.0,
engdeath,eng,death,Deaths,Units for describing a population measure of patients who have died from a given cause.,Unit for a population or disease measure to explain population-level clinical effects.,2.0.0,2.0.0,added in V2.0.0,
engdel142144,eng,del142144,Omicron Variant 142-144 Deletion,Omicron Variant 142-144 Deletion mutation ,NA,2.2.0,2.2.0,added in V2.2.0,
engdel143,eng,del143,del143/145 ,143 or 145 deletion omicron-variant mutation gene target.,NA,2.0.0,2.0.0,added in V2.0.0,
engdel156157,eng,del156157,Delta Variant 156-157 Deletion,Delta Variant 156-157 Deletion mutation ,NA,2.2.0,2.2.0,added in V2.2.0,
engdel157,eng,del157,del 157/158,157 or 158 deletion delta-variant gene target.,NA,2.0.0,2.0.0,added in V2.0.0,
engdel2084,eng,del2084,del2084/2084 ,2084 or 2084 deletion omicron-variant mutation gene target.,NA,2.0.0,2.0.0,added in V2.0.0,
engdel212,eng,del212,del212/212 ,212 or 212 deletion omicron-variant mutation gene target.,NA,2.0.0,2.0.0,added in V2.0.0,
engdel3133,eng,del3133,Omicron Variant 142-14431-33 Deletion,Omicron Variant 142-14431-33 Deletion mutation.,NA,2.2.0,2.2.0,added in V2.2.0,
engdel3674,eng,del3674,del3674/3676 ,3674 or 3676 deletion omicron-variant mutation gene target.,NA,2.0.0,2.0.0,added in V2.0.0,
engdel6970,eng,del6970,del69/70,69 or 70 deletion omicron-variant mutation gene target.,NA,2.0.0,2.0.0,added in V2.0.0,
engdelayArriv,eng,delayArriv,Delayed Arrival or Prolonged Transit,A substantial delay (ie. of more than 14 days) between sample collection and the start of analysis.,NA,2.2.3,2.2.3,added in v 2.2.3,
engdelta,eng,delta,Delta,B.1.617.2,NA,2.0.0,2.0.0,added in V2.0.0,
engdeltaGrp,eng,deltaGrp,SARS-CoV-2 Delta Variant Group,A group of measures/methods related to the SARS-CoV-2 Delta Variant.,NA,2.0.0,2.0.0,added in V2.0.0,
engdenat,eng,denat,denaturation,Describes the denaturation cycle in a PCR process.,NA,2.2.0,2.2.0,added in V2.2.0,
engdengue,eng,dengue,Dengue,"Dengue virus, general measurement",NA,2.2.0,2.2.0,added in V2.2.0,
engdepreciated,eng,depreciated,Depreciated,Indicator to say that a part is no longer in current use in the model. See partID = status,NA,2.0.0,2.0.0,added in V2.0.0,
engderived,eng,derived,Derived data,"Derived data, data that has undergone agregation, standardization, adjustment, or any cleaning prior to reporting.",NA,3.0.0,3.0.0,added in V3.0.0,
engderivedSamp,eng,derivedSamp,Derived sample,A sample that is derived or made from another sample or material.,"A derived sample is a type of sample created by mixing material obtained from a field sample (e.g., wastewater, soil, or air) with additional additives in a laboratory setting. This process can involve diluting the original field sample with clean water or other solutions, as needed. Derived samples are typically used to adjust the concentration of the target substance or organism, making it more suitable for analysis or to test the efficiency and sensitivity of detection methods. In the example given, a derived sample might be a sub-sample of wastewater that is diluted with clean water to achieve a specific concentration, allowing for more accurate and reliable analysis.",2.0.0,3.0.0,"partID changed from ""derived"" to ""derivedSamp""",
engdescr,eng,descr,Description,"A detailed description of a measure, method, or attribute.",A description of the part that serves a clear presentation of the part to a wide audience including techinical and not techincal staff. A description should allow any person who generates environment surveillance data to know how to identify how to record their data elements in the ODM. partReference can be used to further describe a part.,2.0.0,2.0.0,added in V2.0.0,
engdescrChange,eng,descrChange,Description of change,A description of change in a part from the previous version.,NA,2.0.0,2.0.0,added in V2.0.0,
engdesk,eng,desk,Desk or counter,"Desk, table, countertop or other flat working surface.",NA,2.0.0,2.0.0,added in V2.0.0,
engdeso,eng,deso,Dewatered solids,Dewatered solids.,NA,1.0.0,2.0.0,NA,
engdet,eng,det,Detected,Substance detected or not detected.,"TRUE = detected, FALSE = not detected",1.1.0,2.0.0,description wording.,
engdetailsDep,eng,detailsDep,Access to details deprecated,More details on the existing confidentiality requirements of this measurement.,NA,1.0.0,2.0.0,"depreciated, sharing moved to sharing schema",
engdevelopment,eng,development,Development,Indicator that a part is under development use. See partID = status,NA,2.0.0,2.0.0,added in V2.0.0,
engdictionaryRefTableSet,eng,dictionaryRefTableSet,Dictionary reference table set,Reference or look-up tables.,"For example, the parts table describe all elements of the ODM, including tables, table headers, measures, methods, categories, and units. sets are collections of parts. For example, units can be grouped together in a unitSet. languages and translations support translations.",2.0.0,2.0.0,added in V2.0.0,
engdictionarySupport,eng,dictionarySupport,Additional dictionary sheets,Additional sheets for the Excel version of the ODM dictionary.,Sheets or tabs for the ODM Excel dictionary include: all ERD tables (look-up tables and data entry tables) and additional supportig tables. ,2.0.0,2.0.0,added in V2.0.0,
engdictSets,eng,dictSets,Dictionary set type,Sets used to describe and group dictionary tables.,NA,2.0.0,2.0.0,added in V2.0.0,
engdilFact,eng,dilFact,Dilution factor,Specifies the extent to which a sample or aliquot was diluted prioir to analysis.,"Dilution factor is reported as a unitless measure, where a value of 10 indicates a 10:1 dilution.",2.0.0,2.0.0,added in V2.0.0,
engdillute,eng,dillute,Point dillutions,Exact concentration or dillutions for generating a standard curve.,NA,2.0.0,2.0.0,added in V2.0.0,
engdilution,eng,dilution,Dilution Class,Measures and methods relating to dilutions.,NA,2.0.0,2.0.0,added in V2.0.0,
engdiptheriaGrp,eng,diptheriaGrp,Diphtheria Group,A group of measures/methods related to the diptheria bacteria.,Used to describe the organism information for general measures.,2.2.0,2.2.0,added in V2.2.0,
engdisease,eng,disease,Diseases (human) class,Measure and methods related to disease or infection in humans.,NA,2.0.0,2.0.0,added in V2.0.0,
engdissGasUnitSet,eng,dissGasUnitSet,Dissolved gas concentration unit set,Unit set for carbon dioxide concentrations measurements in water or air.,NA,2.0.0,2.0.0,added in V2.0.0,
engdna,eng,dna,DNA Template,Deoxyribonucleic Acid (DNA) template is used for PCR or sequencing work.,NA,2.0.0,2.0.0,added in V2.0.0,
engdoc,eng,doc,Depth of coverage,"The average number of reads representing a given nucleotide in the reconstructed sequence, provided as a value as a fold of coverage.",Used to interpret the confidence in a presence or amount of a varient.,2.0.0,2.0.0,Issue #120,
engdomain,eng,domain,Domain,Domain is the highest level of describing of a measure.,"The domain ID that corresponds to a given part. Mostly applicable for measures, methods, units, and aggregations.",2.0.0,2.0.0,added in V2.0.0,
engdomains,eng,domains,Domains,"There are three domain types: biologic (i.e. Covid-19, chemical (i.e. nitrogen), physical measure (temperature).",NA,2.0.0,2.0.0,added in V2.0.0,
engdorm,eng,dorm,Higher education domitory or residential building,Higher education domitory or residential building,NA,2.0.0,2.0.0,added in V2.0.0,
engdpcr,eng,dpcr,Digital PCR (dPCR),Describes a PCR analysis done using digital PCR technology (general).,NA,2.2.0,2.2.0,added in V2.2.0,
engdrain,eng,drain,Sewer (drain),"A pipe that carries water or sewage away from a place, or an opening in a surface that leads to said pipe.",NA,2.2.3,2.2.3,added in v2.2.3,
engds,eng,ds,Dataset table Shorthand,The abbreviated short name used to reference the report table for capturing details about data's parental data set and data custodians. Supplying attribution for data collectors.,table,2.2.2,2.2.2,added in V 2.2.2,
engduration,eng,duration,Duration time of a method,The duration of time for a given method as described in protocols.,NA,2.2.0,2.2.0,added in V2.2.0,
enge156g,eng,e156g,e156g delta-variant gene target,e156g delta-variant mutation gene target,NA,2.0.0,2.0.0,added in V2.0.0,
enge484a,eng,e484a,e484a omicron-variant gene target,e484a omicron-variant mutation gene target,NA,2.0.0,2.0.0,added in V2.0.0,
engeaec,eng,eaec,Enteroaggregative Escherichia coli (EAEC),Enteroaggregative Escherichia coli (EAEC),NA,2.2.0,2.2.0,added in V2.2.0,
engebv,eng,ebv,Epstein–Barr virus (EBV),"Epstein–Barr virus (EBV), formerly known as Human gammaherpesvirus 4",NA,2.2.0,2.2.0,added in V2.2.0,
engecl20,eng,ecl20,Educational Community License v2.0,The licensing for the measure or data set is managed under the Educational Community License v2.0.,NA,2.2.0,2.2.0,added in V2.2.0,
engecoli,eng,ecoli,Escherichia coli,"Concentration of bacteria that are passed through the faecal excrement of humans, livestock and wildlife",NA,2.0.0,2.0.0,added in V2.0.0,
engecoliGrp,eng,ecoliGrp,Escherichia coli group,A group of measures/methods related to Escherichia coli bacteria.,Used to describe the organism information for general measures.,2.2.0,2.2.0,added in V2.2.0,
engeducation,eng,education,Education,A measure or sample taken for education or training.,"Use this purpose, for example, when teaching how to use the PHES-ODM.",2.0.0,2.0.0,added in V2.0.0,
engefficient,eng,efficient,Efficiency,The efficiency reported for a standard curve.,NA,2.0.0,2.0.0,added in V2.0.0,
engehec,eng,ehec,Enterohemorrhagic Escherichia coli (EHEC),Enterohemorrhagic Escherichia coli (EHEC),NA,2.2.0,2.2.0,added in V2.2.0,
engeiec,eng,eiec,Enteroinvasive Escherichia coli (EIEC),Enteroinvasive Escherichia coli (EIEC),NA,2.2.0,2.2.0,added in V2.2.0,
engeluate,eng,eluate,Eluate/Resuspended filter material retained,"The eluate fraction, or material resuspended from filtration, is retained after solid separation/centrifugation.",NA,2.2.0,2.2.0,added in V2.2.0,
engelutionBuff,eng,elutionBuff,Elution buffer,Elution buffer is used to resuspend material.,NA,2.2.0,2.2.0,added in V2.2.0,
engemail,eng,email,Contact email,"Contact e-mail address, for the lab.",NA,1.0.0,2.0.0,added in V2.0.0,
engenaForm,eng,enaForm,ENA Format,Dataset was originally recorded and/or stored in ENA format.,NA,3.0.0,3.0.0,added in V3.0.0,
engenaMap,eng,enaMap,European Nucleotide Association Mapping Column,ENA header,NA,2.0.0,2.0.0,added in V2.0.0,
engenaNotes,eng,enaNotes,European Nucleotide Association (ENA) - notes,ENA notes,NA,2.0.0,2.0.0,added in V2.0.0,
engenterovirus,eng,enterovirus,Enterovirus,Enterovirus,NA,2.2.0,2.2.0,added in V2.2.0,
engenterovirusGrp,eng,enterovirusGrp,Enterovirus Group,A group of measures/methods related to enteroviruses.,Used to describe the organism information for general measures.,2.2.0,2.2.0,added in V2.2.0,
engenumeration,eng,enumeration,Enumeration for set values,"The numeric value that corresponds to a given value in a set, defined in the sets table.",NA,2.2.0,2.2.0,added in V2.2.0,
engenvRnF,eng,envRnF,Rainfall,"Rainfall, i.e. amount of precipitation in the form of rain.",NA,1.0.0,2.0.0,"description wording, structure",
engenvSnwD,eng,envSnwD,Ground snow depth,Total depth of snow on the ground.,NA,1.0.0,2.0.0,"description wording, structure",
engenvSnwF,eng,envSnwF,Snowfall,"Snowfall, i.e. amount of precipitation in the form of snow.",NA,1.0.0,2.0.0,"description wording, structure",
engepec,eng,epec,Enteropathogenic Escherichia coli (EPEC),Enteropathogenic Escherichia coli (EPEC),NA,2.2.0,2.2.0,added in V2.2.0,
engepiDate,eng,epiDate,Episode date,"Episode date is the earliest of onset, test or reported date.",NA,1.0.0,2.0.0,depreciate,
engepl10,eng,epl10,Eclipse Public License 1.0,The licensing for the measure or data set is managed under the Eclipse Public License 1.0.,NA,2.2.0,2.2.0,added in V2.2.0,
engepl20,eng,epl20,Eclipse Public License 2.0,The licensing for the measure or data set is managed under the Eclipse Public License 2.0.,NA,2.2.0,2.2.0,added in V2.2.0,
engerdTableSet,eng,erdTableSet,ERD table set,All tables listed in the Entity Relationship Diagram. ,"The full ODM model is commonly referred to as ""long"" tables as it stores data with one measurement per row.",2.0.0,2.0.0,added in V2.0.0,
engeSarbec,eng,eSarbec,Sarbecovirus-specific E sars-cov-2 gene target,Sarbecovirus-specific E sars-cov-2 gene target,NA,2.0.0,2.0.0,added in V2.0.0,
engesbl,eng,esbl,ESBL-encoding genes,Extended-spectrum beta-lactamase-encoding genes.,NA,2.1.0,2.1.0,added in V2.1.0,
engesp,eng,esp,exclusions based sample preparation (ESP),exclusions based sample preparation (ESP),NA,2.2.0,2.2.0,added in V2.2.0,
engestFreqReads,eng,estFreqReads,Estimated frequency of reads,Estimated frequency of reads in a sequencing assay,NA,2.0.0,2.0.0,added in V2.0.0,
engestuary,eng,estuary,"Estuary, natural water body","Estuary, natural water body",NA,1.0.0,2.0.0,"description wording, structure",
engetec,eng,etec,Enterotoxigenic Escherichia coli (ETEC),Enterotoxigenic Escherichia coli (ETEC),NA,2.2.0,2.2.0,added in V2.2.0,
engeupl11,eng,eupl11,European Union Public License 1.1,The licensing for the measure or data set is managed under the European Union Public License 1.1.,NA,2.2.0,2.2.0,added in V2.2.0,
engeupl12,eng,eupl12,European Union Public License 1.2,The licensing for the measure or data set is managed under the European Union Public License 1.2.,NA,2.2.0,2.2.0,added in V2.2.0,
engexceptions,eng,exceptions,Exceptions Part Type,An exception part type for use in creating wide names that do not follow the general structure.,NA,2.0.0,2.0.0,added in V2.0.0,
engexpec,eng,expec,Extraintestinal pathogenic Escherichia coli (ExPEC),Extraintestinal pathogenic Escherichia coli (ExPEC),NA,2.2.0,2.2.0,added in V2.2.0,
engexpFail,eng,expFail,Experiment Failed,PCR experiment failed. No value reported.,Value should be blank for a measure with this qualityFlag value.,2.0.0,2.0.0,added in V2.0.0,
engextBlank,eng,extBlank,Extraction Blank - Control,Binary Y/N indicator for if extraction blank was used as a control for the nucleic acid extraction process.,NA,2.2.0,2.2.0,added in V2.2.0,
engextract4s,eng,extract4s,4s method,Nucleic acid extraction performed using the 4s method.,NA,2.0.0,2.0.0,added in V2.0.0,
engextraction,eng,extraction,Nucleic acid extraction method,Description of the nucleic acid extraction method.,Description of the method used to extract the sample,1.0.0,2.0.0,description wording add categories from NWSS,
engextractSet,eng,extractSet,Nucleic Acid Extraction set,set used for storing all the valid category values for the nucleic acid extraction method.,NA,2.0.0,2.0.0,added in V2.0.0,
engexvol,eng,exvol,Extraction volume of sample,Extraction volume of sample.,Size of the sample that is analyzed.,1.0.0,2.0.0,description wording and unit set,
engf456l,eng,f456l,F456L Mutation,The FLiRT/SLip variant mutation F456L.,NA,2.2.0,2.2.0,added in V2.2.0,
engfaeces,eng,faeces,Fecal matter,Fecal matter.,NA,1.0.0,2.0.0,NA,
engfColiphage,eng,fColiphage,Male-specific (F+) coliphage - general,Male-specific (F+) coliphage - general,NA,2.2.0,2.2.0,added in V2.2.0,
engfDNA,eng,fDNA,F+ DNA coliphage,F+ DNA coliphage,NA,2.2.0,2.2.0,added in V2.2.0,
engfield,eng,field,Field sample,Specifies a sample taken from the field; directly collected from an area for testing.,NA,2.0.0,2.0.0,added in V2.0; GitHub issue #94,
engfieldReplicate,eng,fieldReplicate,Field sample replicate,A sample divided into two or more homogeneous parts.,NA,2.0.0,2.0.0,added in V2.0; GitHub issue #94,
engfileLocation,eng,fileLocation,File location of polygon,The location of the file containing the geometry of the polygon.,"File path specified, or a URL",1.0.0,2.0.0,"partID chaned to ""fileLoaction"" specifying where the file is, not the whole file itself.",
engfilt,eng,filt,Filtration,Describes solid separation from a wastewater sample via filtration. Proceeds further concentration or analysis of the liquid filtrate.,NA,2.0.0,2.0.0,added in V2.0.0,
engfiNa,eng,fiNa,First Nation,"Used to categorize a sampleshed that is a First Nation, or on reserve lands.","Likely for internal use only, Indigenous data can and should not be shared without explicit consent of the nation in quesiton.",2.0.0,2.0.0,added in V2.0.0,
engfinVol,eng,finVol,Final volume,The final volume of a testing solution or sample.,NA,2.2.0,2.2.0,added in V2.2.0,
engfirstName,eng,firstName,First name of contact,Specifies the first name of a given contact.,NA,2.0.0,2.0.0,added in V2.0.0,
engfirstReleased,eng,firstReleased,First released version,The version in which a part was first released,NA,2.0.0,2.0.0,added in V2.0.0,
engfK,eng,fK,Foreign key,Foreign key for a table.,NA,2.0.0,2.0.0,added in V2.0.0,
engflagAI,eng,flagAI,AI - Inhibition present but addressed,"The original sample was inhibited; however, the inhibition has been addressed through dilution. The reported concentration estimate is the updated result after addressing inhibition.",NA,2.0.0,2.0.0,added in V2.0.0,
engflagB,eng,flagB,B - Trace levels of contamination,Analytical result may be subject to “trace” levels of contamination; the target analyte was also detected in negative controls on the same run as the sample.,NA,2.0.0,2.0.0,added in V2.0.0,
engflagFI,eng,flagFI,FI - Inhibition present and unaddressed,"The original sample was inhibited; however, the inhibition has not been successfully addressed. Therefore, no concentration estimate has been reported.",NA,2.0.0,2.0.0,added in V2.0.0,
engflagJ,eng,flagJ,J - Weak signal extrapolation,Analytical result falls below the lowest concentration of the experiment-specific standard curve but above the y-intercept value; the reported value is based on the extrapolation of the standard curve in the non-linear region.,NA,2.0.0,2.0.0,added in V2.0.0,
engflagND,eng,flagND,ND - Non-detect,No amplification occurred in the reaction; non-detect.,"For the value of a non-detected measure, report the actual value even if it is below the limit of detection. The flag here ensures that it's recorded as a non-detect regardless. In instances where the original data doesn't record a value, but only has the flag, please populate the value field with either a 0 if dealing with variant percentages, and a 1 for all other purposes to further indicate a null result. ",2.0.0,2.0.0,added in V2.0.0,
engflagUJ,eng,flagUJ,UJ - Trace signal extrapolation,"Observed quantitation cycle is greater than the experiment-specific standard curve intercept value but evidence of clear amplification was present (i.e., “trace” signal observed); the reported value is based on the extrapolation of the standard curve in the non-linear region.",NA,2.0.0,2.0.0,added in V2.0.0,
engflagUQ,eng,flagUQ,UQ - Unquantifiable,"Unquantifiable, Ct value exceeds the maximum value of the standard curve. There was a detect, but we cannot quantify it with certainty.",NA,2.0.0,2.0.0,added in V2.0.0,
engflavivirusGrp,eng,flavivirusGrp,"Flavivirus (West Nile, Dengue, Zika) Group",A group of measures/methods related to flaviviruses.,Used to describe the organism information for general measures.,2.2.0,2.2.0,added in V2.2.0,
engflirtSLipGrp,eng,flirtSLipGrp,FLiRT/SLip Variant Group,The group for measures and methods pertaining to the FLiRT and SLip variants of SARS-CoV-2.,NA,2.2.0,2.2.0,added in V2.2.0,
engflirtV,eng,flirtV,FLiRT Variants,FLiRT is the name given to an entire family of COVID-19 subvariants that are gaining dominance. They've evolved from the JN.1 subvariant.,NA,2.0.0,2.0.0,added in V2.0.0,
engfloat,eng,float,Float data type,The data type for float data.,Only used for the dictionary entries of parts.,2.0.0,2.0.0,added in V2.0.0,
engfloMean,eng,floMean,Flow-normalized mean,Mean measure normalized to wastewater flow.,"Mostly used for reporting specific alleles (N1, N2, E, etc.)",2.0.0,2.0.0,added in V2.0.0,
engfloor,eng,floor,Floor,Floor of a building or room.,NA,2.0.0,2.0.0,added in V2.0.0,
engfloRate,eng,floRate,Flow rate,Wastewater volumetric flow rate at the sample collection location over the 24-hr period during which the sample was collected.," If only an instantaneous flow measurement is available, it may be reported in units of million gallons per day. ",1.0.0,2.0.0,"description wording, structure",
engflow24hDep,eng,flow24hDep,Flow proportional 24hr sample depreciated,A flow proportional 24-hour composite sample generally collected by an autosampler.,NA,1.0.0,2.0.0,depreciated,
engflowClass,eng,flowClass,Flow class,Measures and methods related to flow.,NA,2.0.0,3.0.0,"partID changed from ""flow"" to ""flowClass""",
engflowPr,eng,flowPr,Flow proportional sample,A flow proportional composite sample generally collected by an autosampler.,"Use collectionPeriod to describe how many hours the sample was taken. The volume of wastewater taken is proportional to the flow rate flowing at each instant of sampling. This is also called constant time, variable volume (CTVV).",1.0.0,2.0.0,Removed time period. Use collection period (collectPer) = 24 for 24hr sample,
engflowUnitSet,eng,flowUnitSet,Volume flow rate unit set,Unit set for volume flow  measurements.,NA,2.0.0,2.0.0,added in V2.0.0,
engflowVol,eng,flowVol,Flow volume,Volume of influent.,NA,2.0.0,2.0.0,added in V2.0.0,
engflu,eng,flu,Influenza virus measure,General influenza virus measure,This measure should only be used if there is no other influenza virus measure. See groupID = virusMisc. Use a note to describe the specific measure used. ,2.0.0,2.0.0,added in V2.0.0,
engfluA,eng,fluA,Influenza A virus,Influenza A virus.,NA,2.1.0,2.1.0,added in V2.1.0,
engfluA1,eng,fluA1,Influenza virus A1,Influenza virus A1 type,NA,2.0.0,2.0.0,added in V2.0.0,
engfluA1A2c,eng,fluA1A2c,Influenza virus A1 and A2 combined,"Measure of influenza virus A1 and A2 combined, usually due to single fluorescence channel.",NA,2.0.0,2.0.0,added in V2.0.0,
engfluA2,eng,fluA2,influenza virus A2,influenza virus A2 type,NA,2.0.0,2.0.0,added in V2.0.0,
engfluAGrp,eng,fluAGrp,Influenza A Virus Group,A group of measures/methods related to Influenza A viruses.,Used to describe the organism information for general measures.,2.2.0,2.2.0,added in V2.2.0,
engfluB,eng,fluB,Influenza virus B,Influenza virus B type,NA,2.0.0,2.0.0,added in V2.0.0,
engfluBGrp,eng,fluBGrp,Influenza B Virus Group,A group of measures/methods related to Influenza B viruses.,Used to describe the organism information for general measures.,2.2.0,2.2.0,added in V2.2.0,
engfluGrp,eng,fluGrp,Influenza Virus General Group,A group of measures/methods related to general influenza viruses.,Used to describe the organism information for general measures.,2.2.0,2.2.0,added in V2.2.0,
engfluH5hema,eng,fluH5hema,Influenza A H5 hemagglutinin gene ,"Measure of the H5 hemagglutinin gene from the Highly Pathogenic Avian Influenza Virus (HPAIV), the H5N1 Influenza A Virus (IAV) subtype.",NA,2.2.0,2.2.0,added in V2.2.0,
engfluIAVm,eng,fluIAVm,Influenza A M gene,"A measure of the M gene found in Influenza A viruses (IAV). The virus has segmented RNA genome and 7th segment, M gene, encodes 2 proteins. M1 is a matrix protein and M2 is a membrane protein. The M gene may be involved in determining host tropism.",NA,2.2.0,2.2.0,added in V2.2.0,
engfluiDpcr,eng,fluiDpcr,Fluidigm digital PCR,Describes a PCR analysis done using FluidIGM's digital PCR technology.,NA,2.0.0,2.0.0,added in V2.0.0,
engfluN1neur,eng,fluN1neur,Influenza A N1 neuraminidase gene,"Measure of the N1 neuraminidase gene from the Highly Pathogenic Avian Influenza Virus (HPAIV), the H5N1 Influenza A Virus (IAV) subtype.",NA,2.2.0,2.2.0,added in V2.2.0,
engfoggy,eng,foggy,Foggy,"Qualitative category for the weather measure, specifying a foggy or hazy day.",NA,2.0.0,2.0.0,added in V2.0; github issue #124 and #204,
engfraction,eng,fraction,Fraction analyzed,Fraction of the sample that is analyzed.,NA,1.0.0,2.0.0,"description wording, structure",
engfractionInput,eng,fractionInput,Fraction input (wide table),The partID for the fraction being used in a wide name.,NA,2.2.0,2.2.0,added in V2.2.0,
engfractionName,eng,fractionName,Fraction name (wide table),The fraction analyzed referenced for the wide name.,NA,2.2.0,2.2.0,added in V2.2.0,
engfractionSet,eng,fractionSet,Sample fraction set,"set for the fraction of the sample (solid, liquid, etc.).",NA,2.0.0,2.0.0,added in V2.0.0,
engfreyja,eng,freyja,Freyja Script,Freyja Script for sequencing.,NA,2.0.0,2.0.0,added in V2.0.0,
engfRNABact,eng,fRNABact,F-Specific RNA bacteriophages,A measure for amount of F-Specific RNA bacteriophages.,NA,2.0.0,2.0.0,added in V2.0.0,
engfRNAColi,eng,fRNAColi,F+ RNA coliphage,F+ RNA coliphage,NA,2.2.0,2.2.0,added in V2.2.0,
engfrnaG2,eng,frnaG2,"F-Specific RNA bacteriophages, G2",A measure for amount of G2 F-Specific RNA bacteriophages.,NA,2.0.0,2.0.0,added in V2.0.0,
engfrozen,eng,frozen,Sample frozen,Sample was frozen before analysis or processing,NA,2.0.0,2.0.0,added in V2.0.0,
engfst,eng,fst,Field sample temperature,Temperature that the sample is stored at while it is being sampled. This field is mainly relevant for composite samples which are either kept at ambient temperature or refrigerated while being sampled.,NA,1.0.0,2.0.0,NA,
engfTularensis,eng,fTularensis,Francisella tularensis,Francisella tularensis,NA,2.2.0,2.2.0,added in V2.2.0,
engfullDictionarySheetSet,eng,fullDictionarySheetSet,Full dictionary sheets set,Worksheets in the full Excel dictionary.,The full dictionary is `ODM_full-dictionary.xlxs,2.0.0,2.0.0,added in V2.0.0,
engfunderCont,eng,funderCont,Funder contact ID,A unique identifier for a funder.,NA,2.0.0,2.0.0,added in V2.0.0,
engfunderID,eng,funderID,Funding agency ID,The funding agency of the dataset.,"Use Organization ID to populate this field, and the organizations table to describe contact information and other details for the funding agency. ",2.0.0,2.0.0,added in V2.0; github issue #205,
engg215c,eng,g215c,g215c delta-variant gene target,g215c delta-variant mutation gene target,NA,2.0.0,2.0.0,added in V2.0.0,
engg339d,eng,g339d,g339d omicron-variant gene target,g339d omicron-variant mutation gene target,NA,2.0.0,2.0.0,added in V2.0.0,
engg496s,eng,g496s,g496s omicron-variant gene target,g496s omicron-variant mutation gene target,NA,2.0.0,2.0.0,added in V2.0.0,
engg662s,eng,g662s,g662s delta-variant gene target,g662s delta-variant mutation gene target,NA,2.0.0,2.0.0,added in V2.0.0,
enggam,eng,gam,Gamma,P.1,NA,2.0.0,2.0.0,added in V2.0.0,
enggas,eng,gas,Gas class,Measures and methods relating to gas and gases.,NA,2.0.0,2.0.0,added in V2.0.0,
enggc,eng,gc,Gene copies,Gene or variant copies,NA,1.0.0,2.0.0,added in V2.0.0,
enggcCrA,eng,gcCrA,Gene copies per copy of crAssphage,Gene or variant copies per copy of crAssphage.,NA,1.0.0,2.0.0,description wording.,
enggcDay100k,eng,gcDay100k,"gene copies per day per 100,000 people","The unit for measures reflecting the gene copies per day per 100,000 people in the population.",NA,2.0.0,2.0.0,added in V2.0.0,
enggCGS,eng,gCGS,Gene copies per gram solids,Gene or variant copies per gram solids.,NA,1.0.0,2.0.0,description wording.,
enggcL,eng,gcL,Gene copies per L,Gene or variant copies per litre.,NA,1.0.0,2.0.0,description wording.,
enggcMl,eng,gcMl,Gene copies per mL,Gene or variant copies per millilitre of solution.,NA,1.0.0,2.0.0,description wording.,
enggcPpmov,eng,gcPpmov,Gene copies per PMMoV copy,Gene or variant copies per copy of PMMoV.,NA,1.0.0,2.0.0,description wording.,
enggeneticUnitSet,eng,geneticUnitSet,Genetics unit set,Unit set for genetic-related measurements.,NA,2.0.0,2.0.0,added in V2.0.0,
enggenMissingnessSet,eng,genMissingnessSet,General missingness set,The general set for missingness values.,NA,2.0.0,2.0.0,added in V2.0.0,
enggenQualitySet,eng,genQualitySet,Generic quality flag set,A quality set to specify any generic quality concerns about a measure or sample.,NA,1.0.0,2.0.0,"description wording, structure",
enggeoEPSG,eng,geoEPSG,European Petroleum Survey Group Coordinates,The unique EPSG code specifying a given geospatial area.,NA,2.0.0,2.0.0,added in V2.0.0,
enggeoLat,eng,geoLat,Latitude,"Geographical location, latitude in decimal coordinates, ie.: (45.424721)",NA,1.0.0,2.0.0,NA,
enggeoLong,eng,geoLong,Longitude,"Geographical location, longitude in decimal coordinates, ie.: (-75.695000)",NA,1.0.0,2.0.0,NA,
enggeoType,eng,geoType,Type of geography,Type of geography that is represented by the polygon.,NA,1.0.0,2.0.0,"description wording, structure",
enggeoTypeSet,eng,geoTypeSet,Geographic set,set for different type of geographic components.,NA,2.0.0,2.0.0,added in V2.0.0,
enggeoWKT,eng,geoWKT,Well-known text,Well-known text of the polygon,NA,1.0.0,2.0.0,"description wording, structure",
enggfdl13,eng,gfdl13,GNU Free Documentation License v1.3,The licensing for the measure or data set is managed under the GNU Free Documentation License v1.3.,NA,2.2.0,2.2.0,added in V2.2.0,
enggm3,eng,gm3,Gram per cubic metre,Density unit.,Used for absolute humidity and other measures.,2.0.0,2.0.0,added in V2.0.0,
enggmn,eng,gmn,Geometric mean,Geometric mean.,NA,1.0.0,2.0.0,NA,
enggonococcusGrp,eng,gonococcusGrp,Gonococcus Group,A group of measures/methods related to gonococcus bacteria.,Used to describe the organism information for general measures.,2.2.0,2.2.0,added in V2.2.0,
enggovt,eng,govt,Government agency,"The category of organization type used for government agencies, programs, or crown-owned bodies.",NA,2.0.0,2.0.0,added in V2.0.0,
enggpl20,eng,gpl20,GNU General Public License v2.0,The licensing for the measure or data set is managed under the GNU General Public License v2.0.,NA,2.2.0,2.2.0,added in V2.2.0,
enggpl30,eng,gpl30,GNU General Public License v3.0,The licensing for the measure or data set is managed under the GNU General Public License v3.0.,NA,2.2.0,2.2.0,added in V2.2.0,
enggrams,eng,grams,Grams,A unit of mass or weight.,NA,2.0.0,2.0.0,added in V2.0.0,
enggraSet,eng,graSet,Gravity settling,"Describes solid separation from a wastewater sample where the sample material is allowed to settle by gravity, and then separated.",NA,2.0.0,2.0.0,added in V2.0.0,
enggrb,eng,grb,Grab sample,A single large representative grab sample.,"If the sample was collected over a series of hours or is a composite sammple, please use partID = comp",1.0.0,2.0.0,"description wording, structure",
enggromstole,eng,gromstole,Gromstole 1.0 Script,Gromstole 1.0 Script for sequencing.,NA,2.0.0,2.0.0,added in V2.0.0,
enggroup,eng,group,Group,"Unique identifier for a group of measures. Mostly applicable for measures, methods, units, and aggregations.","A collection of related measures. For example, SARS-CoV-2 is a group. Within the SARS-CoV-2 group, there are measure classes tht include RNA alleles (N1, N2, E, etc.), mutations, (E484K0), an entire sequence, viral proteins, etc. Currently groups are used for measures only.",2.0.0,2.0.0,added in V2.0.0,
enggroups,eng,groups,Groups,A collection of related measures.,"Used primary to group measurements and methods, this helps pare down the drop down list for a given measurement or ",2.0.0,2.0.0,added in V2.0.0,
engh5n1,eng,h5n1,H5N1 avian influenza A virus (IAV) ,"General measurement for the Highly Pathogenic Avian Influenza Virus (HPAIV), the H5N1 Influenza A Virus (IAV) subtype.",NA,2.2.0,2.2.0,added in V2.2.0,
enghaemophilusGrp,eng,haemophilusGrp,Haemophilus Group,A group of measures/methods related to haemophilus bacteria.,Used to describe the organism information for general measures.,2.2.0,2.2.0,added in V2.2.0,
enghAg,eng,hAg,See Header for Aggregation,An indicator to show in a wide-name that aggregation information is located in a different column.,Not a valid value for aggregation in the standard long-format.,2.2.0,2.2.0,added in V2.2.0,
enghCo,eng,hCo,See Header for Compartment ,A indicator for wide-names that the compartment information is stored in a separate column.,Not a valid value for compartment in the standard long-format.,2.2.0,2.2.0,added in V2.2.0,
enghDucreyi,eng,hDucreyi,Haemophilus ducreyi,Haemophilus ducreyi,NA,2.2.0,2.2.0,added in V2.2.0,
engheader,eng,header,Header,Header for a table. Also known as a table variable or entiy relationship 'attribute'. ,Header is the top row or the variable name in a table.,2.0.0,2.0.0,added in V2.0.0,
enghealthAdm,eng,healthAdm,Health administration or planning agency,Health adminstrative or planning organization. ,NA,2.0.0,2.0.0,added in V2.0.0,
enghealthRegion,eng,healthRegion,Health Region for a Site,A free-text variable for listing the health region for a given site.,NA,2.1.0,2.1.0,added in V2.1.0,
engheatInacSARS,eng,heatInacSARS,Heat inactivated sars-cov-2 virus spike target,Heat inactivated SARS-CoV-2 virus is used as the recovery efficiency control target.,NA,2.0.0,2.0.0,added in V2.0.0,
enghepA,eng,hepA,Hepatitis A,Hepatitis A,NA,2.2.0,2.2.0,added in V2.2.0,
enghepB,eng,hepB,Hepatitis B,Hepatitis B,NA,2.2.0,2.2.0,added in V2.2.0,
enghepC,eng,hepC,Hepatitis C,Hepatitis C,NA,2.2.0,2.2.0,added in V2.2.0,
enghepE,eng,hepE,Hepatitis E,Hepatitis E,NA,2.2.0,2.2.0,added in V2.2.0,
enghepGRna,eng,hepGRna,hep g armored rna,Measure of the amount Hepatitis G Armored RNA.,NA,2.0.0,2.0.0,added in V2.0.0,
enghepGRnaMat,eng,hepGRnaMat,hep g armored rna spike target,Hepatitis G armored RNA is used as the recovery efficiency control target.,NA,2.0.0,2.0.0,added in V2.0.0,
enghepGrp,eng,hepGrp,Hepatitis Group,A group of measures/methods related to hepatitis viruses.,Used to describe the organism information for general measures.,2.2.0,2.2.0,added in V2.2.0,
engherpesGrp,eng,herpesGrp,Herpes Virus Group,A group of measures/methods related to herpes viruses.,Used to describe the organism information for general measures.,2.2.0,2.2.0,added in V2.2.0,
enghf183,eng,hf183,HF183 Bacteriodes 16S,Human-Specific HF183 Bacteriodes 16S rRNA ,NA,2.2.0,2.2.0,added in V2.2.0,
enghFr,eng,hFr,See Header for Fraction Analyzed,An indicator in wide-names to show that information on the fraction analyzed in found under a separate header.,Not a valid value for fraction analyzed in the standard long-format.,2.2.0,2.2.0,added in V2.2.0,
enghiaa5,eng,hiaa5, 5-hydroxyindoleacetic acid (5-HIAA),"A serotonin metaboliteused for normalizing wastewater surveillance signal. Analysis of 5-HIAA is done in clinical settings to assess the possibility of carcinoid syndorme in patients, and used in wastewater analysis to estimate human population numbers. Studies have shown that 5-HIAA can be quanitified in samples from WWTPs, and that measured quantities of this molecule have a positive correlation with  the population calculated using hydrochemical parameters, and are  also correlated well with the census population measures.",NA,2.2.0,2.2.0,added in V2.2.0,
enghigh,eng,high,High severity,"Indicates a very sever quality issue, likely meaning the data should not be reported.",NA,2.0.0,2.0.0,added in V2.0.0,
enghInfluenzae,eng,hInfluenzae,Haemophilus influenzae,Haemophilus influenzae,NA,2.2.0,2.2.0,added in V2.2.0,
enghiv,eng,hiv,Human Immunodeficiency Virus (HIV),Human Immunodeficiency Virus (HIV),NA,2.2.0,2.2.0,added in V2.2.0,
enghivGrp,eng,hivGrp,HIV Group,A group of measures/methods related to Human Immunodeficiency Virus (HIV).,Used to describe the organism information for general measures.,2.2.0,2.2.0,added in V2.2.0,
enghlthReg,eng,hlthReg,Sewer Network Health Region,Health region served by the sewer network,NA,1.0.0,2.0.0,Name Change (from Polygon Type),
enghma,eng,hma,Hand Measurement,Handheld measurement analyzer.,A handheld measurement analyzer.,1.0.0,2.0.0,"description wording, structure",
enghMe,eng,hMe,See Header for Measure,An indicator to show in a wide-name that measure information is located in a different column.,Not a valid value for measure in the standard long-format.,2.2.0,2.2.0,added in V2.2.0,
enghmpv,eng,hmpv,Human Metapneumovirus (HMPV) ,Human Metapneumovirus (HMPV) ,NA,2.2.0,2.2.0,added in V2.2.0,
enghollowFiberUF,eng,hollowFiberUF,Hollow fiber dead end ultrafiltration,Hollow fiber dead end ultrafiltration,NA,2.0.0,2.0.0,"added in V2.0.0, added from NWSS",
enghosa,eng,hosa,General Hospital Admissions,Hospital admissions or patients newly admitted to hospital.,NA,1.0.0,2.0.0,now a unit for any group or biologic infection,
enghosc,eng,hosc,Hospital Census,Hospital census or the number of people admitted with an ailment.,NA,1.0.0,2.0.0,now a unit for any group or biologic infection,
enghosptl,eng,hosptl,Hospital,Hospital,NA,1.0.0,2.0.0,"description wording, structure",
enghoTaWa,eng,hoTaWa,Holding tank wastewater depreciated,"Wastewater from a holding tank, such as from an airplane or ship","Deprecated in version 2, please do not use. Duplicate of the sampleMat categories - refer to those.",1.0.0,2.0.0,depreciated,
enghours,eng,hours,Hours,A unit for indicating a length of time in hours.,NA,2.0.0,2.0.0,added in V2.0.0,
enghpiv,eng,hpiv,Human Parainfluenza Virus (HPIV),Human Parainfluenza Virus (HPIV),NA,2.2.0,2.2.0,added in V2.2.0,
enghpv,eng,hpv,Human Papiloma Virus (HPV),Human Papiloma Virus (HPV),NA,2.2.0,2.2.0,added in V2.2.0,
enghrv,eng,hrv,Human Rhinovirus (HRV),Human Rhinovirus (HRV),NA,2.2.0,2.2.0,added in V2.2.0,
enghrvA,eng,hrvA,Human Rhinovirus (HRV) A,Human Rhinovirus (HRV) A,NA,2.2.0,2.2.0,added in V2.2.0,
enghrvB,eng,hrvB,Human Rhinovirus (HRV) B,Human Rhinovirus (HRV) B,NA,2.2.0,2.2.0,added in V2.2.0,
enghrvC,eng,hrvC,Human Rhinovirus (HRV) C,Human Rhinovirus (HRV) C,NA,2.2.0,2.2.0,added in V2.2.0,
enghrvGrp,eng,hrvGrp,Rhinovirus Group,A group of measures/methods related to rhinoviruses.,Used to describe the organism information for general measures.,2.2.0,2.2.0,added in V2.2.0,
enghSp,eng,hSp,See Header for Specimen,An indicator to show in a wide-name that specimen information is located in a different column.,Not a valid value for specimen in the standard long-format.,2.2.0,2.2.0,added in V2.2.0,
enghsv,eng,hsv,Herpes Simplex Virus,Herpes Simplex Virus,NA,2.2.0,2.2.0,added in V2.2.0,
enghtSam,eng,htSam,Holding tank wastewater,"Wastewater sampled from a holding tank, such as from an airplane or ship",NA,2.0.0,2.0.0,NA,
enghtSite,eng,htSite,Holding tank,Holding tank,NA,1.0.0,2.0.0,"description wording, structure",
enghum,eng,hum,Human compartment,A measure or observation made about a human.,NA,2.0.0,2.0.0,added in V2.0.0,
enghumanCompartmentSet,eng,humanCompartmentSet,Human compartment set,A compartment set for measures and methods in the human compartment.,NA,2.0.0,2.0.0,added in V2.0.0,
enghumid,eng,humid,Humidity class,Measures and methods related to humidity.,NA,2.0.0,2.0.0,added in V2.0.0,
enghUn,eng,hUn,See Header for Unit,An indicator to show in a wide-name that unit information is located in a different column.,Not a valid value for unit in the standard long-format.,2.2.0,2.2.0,added in V2.2.0,
engi1566v,eng,i1566v,i1566v omicron-variant gene target,i1566v omicron-variant mutation gene target,NA,2.0.0,2.0.0,added in V2.0.0,
engi3758v,eng,i3758v,i3758v omicron-variant gene target,i3758v omicron-variant mutation gene target,NA,2.0.0,2.0.0,added in V2.0.0,
engi82t,eng,i82t,i82t delta-variant gene target,i82t delta-variant mutation gene target,NA,2.0.0,2.0.0,added in V2.0.0,
engibu,eng,ibu,Ibuprofen,Ibuprofen (usually measured as a human fecal chemical indicator),NA,2.2.0,2.2.0,added in V2.2.0,
engicd,eng,icd,International Classification of Diseases,Classification system for diseases in humans.,NA,2.0.0,2.0.0,added in V2.0.0,
engicu,eng,icu,Intensive care unit patients,Units for describing a population measure of patients who are in intensive care due to a given cause.,Unit for a population or disease measure to explain population-level clinical effects.,2.0.0,2.0.0,added in V2.0.0,
engin,eng,in,Instrument table Shorthand,The abbreviated short name used to reference the The table that contains information about instruments.,table,2.2.2,2.2.2,added in V 2.2.2,
engindex,eng,index,Index,Index number in case the measurement was taken multiple times.,NA,1.1.0,2.0.0,NA,
engindusIn,eng,indusIn,Industrial input,Percentage of total wastewater input coming from industrial sources.,NA,2.2.0,2.2.0,added in V2.2.0,
enginfluEqui,eng,influEqui,Influent equilibration,Binary indicator for whether a site stores influent wastewater prior to treatment to equilibrate flow rates.,NA,2.2.0,2.2.0,added in V2.2.0,
enginhibitionSet,eng,inhibitionSet,Inhibition set,Category set for inhibition methods.,NA,2.0.0,2.0.0,added in V2.0.0,
enginhibMe,eng,inhibMe,Inhibition measure,Parameter to report whether or not inhibition was detected in the sample.,"Detected = TRUE, not detected = FALSE.",1.1.0,2.0.0,structure change,
enginhibMeth,eng,inhibMeth,Inhibition method,Description of the method used to evaluate molecular inhibition.,Description of the inhibition parameters.,1.0.0,2.0.0,structure change,
enginnovaprepUF,eng,innovaprepUF,Innovaprep ultrafiltration,Innovaprep ultrafiltration,NA,2.0.0,2.0.0,"added in V2.0.0, added from NWSS",
enginput,eng,input,Input,Input for a table. Indicates if a part can be used in a table.,"“Input” is used to indicate if a part can be used as an entry in a table (something with partType = table). For example, covN1 is a specific measure that can be entered in the measureID field of the measures table. Therefore, covN1 is has a value ""input"" in the measures column in the parts list. ODM users can generate their own custom template by modifying using the value ""input"" for only the parts that are applicable for their program.",2.0.0,2.0.0,added in V2.0.0,
engins214epe,eng,ins214epe,Omicron Variant ins214epe Insertion,Omicron Variant ins214epe Insertion mutation.,NA,2.2.0,2.2.0,added in V2.2.0,
enginstrumentID,eng,instrumentID,Instrument ID,A unique identifier for an instrument.,NA,1.1.0,2.0.0,"description wording, structure",
enginstruments,eng,instruments,Instrument table,The table that contains information about instruments.,adapt from verson 1 documentation,1.0.0,2.0.0,"description wording, structure",
enginstrumentsOrder,eng,instrumentsOrder,Instruments table column order,Specifies the order of the columns in the Instruments table.,NA,2.0.0,2.0.0,added in V2.0.0,
enginstrumentsRequired,eng,instrumentsRequired,Instrutment table required headers,Specifies the columns required in the Instruments table.,NA,2.0.0,2.0.0,added in V2.0.0,
enginstrumentTypeOther,eng,instrumentTypeOther,Other instrument,Type of instrument other than those included in the PHES-ODM.,An other type of measurement instrument. Add description to  notes. See documentation for how to request new instruments added to the dictionary. ,1.0.0,2.0.0,"description wording, structure, one of the two ""other"" field that was not depricated in the transition from V1 to V2",
enginsType,eng,insType,Instrument Type,Type of instrument used to perform the measurement.,NA,1.0.0,2.0.0,none,
enginsTypeOth,eng,insTypeOth,"Describe other instrument type, if applicable",Description of the instrument in case it is not listed in instrumentType.,NA,1.0.0,2.0.0,"none, one of the two ""other"" field that was not depricated in the transition from V1 to V2",
enginsTypeSet,eng,insTypeSet,Instrument set,List of instruments that are used for measures and methods,NA,2.0.0,2.0.0,added in V2.0.0,
engintAMRGrp,eng,intAMRGrp,Integrase Anti-microbial resistance Group,The group for measures and methods pertaining to integrase-related anti-microbial resistance.,NA,2.1.0,2.1.0,added in V2.1.0,
enginteger,eng,integer,Integer data type,The data type for integers.,Only used for the dictionary entries of parts.,2.0.0,2.0.0,added in V2.0.0,
engintegraseCl1,eng,integraseCl1,Integrase Class I gene target,Integrase anti-microbial resistance gene target.,NA,2.2.0,2.2.0,added in V2.2.0,
enginter,eng,inter,Intercept,Intercept value of the calibration curve.,"Used for storing calibration curve information, potentially also applicable for other curve types.",2.0.0,2.0.0,added in V2.0.0,
engip2ip4,eng,ip2ip4,Combined ip2 and ip4 sars-cov-2 gene target,Combined ip2 and ip4 sars-cov-2 gene target.,NA,2.0.0,2.0.0,added in V2.0.0,
engisc,eng,isc,ISC,The licensing for the measure or data set is managed under the ISC license.,NA,2.2.0,2.2.0,added in V2.2.0,
engiso6391,eng,iso6391,ISO639-1,The first part of the ISO 639 series of international standards for language codes. Part 1 covers the registration of two-letter codes. There are 183 two-letter codes registered as of June 2021. The registered codes cover the world's major languages.,Part of the metedata for a languageID.,2.0.0,2.0.0,added in V2.0.0,
engiso6392B,eng,iso6392B,ISO639-2B,"A set of international standards that lists short codes for language names. These ISO639-2 are the three-letter codes defined in part two (ISO 639-2) of the standard, including the corresponding two-letter (ISO 639-1) codes where they exist. The 'B' specifies the bibliographic code (B code).",Part of the metedata for a languageID.,2.0.0,3.0.0,removed from languages table to avoid duplication of identical values across columns.,
engiso6392T,eng,iso6392T,ISO639-2T,"A set of international standards that lists short codes for language names. These ISO639-2 are the three-letter codes defined in part two (ISO 639-2) of the standard, including the corresponding two-letter (ISO 639-1) codes where they exist. The 'T' specifies the terminological code (T code).",Part of the metedata for a languageID.,2.0.0,2.0.0,added in V2.0.0,
engiso6393,eng,iso6393,ISO639-3,A set of international standards that lists short codes for language names. ISO 639-3 extends the ISO 639-2 alpha-3 codes with an aim to cover all known natural languages. ,Part of the metedata for a languageID.,2.0.0,3.0.0,removed from languages table to avoid duplication of identical values across columns.,
engiso6396,eng,iso6396,ISO639-6,"A set of international standards that lists short codes for language names. ISO 639-6 builds off ISO639-3 with the use of four-letter codes, and allowing users to differenciate between variants of languages and language families, such as histroical vs. revived versions of languages.",Part of the metedata for a languageID.,2.0.0,3.0.0,removed from languages table to avoid duplication of identical values across columns.,
engisoCode,eng,isoCode,ISO 3166-1 alpha-2 country code,"The ISO 3166-1 alpha-2 code, a two-letter country code which is also used to create the ISO 3166-2 country subdivision code and the Internet country code top-level domain.","Preprogrammed into dictionary tables, not editable by users.",2.1.0,3.0.0,"removed as a ""template"" input in addresses, as is a synonym for the ""country"" field anyway.",
engisoCodeX,eng,isoCodeX,ISO 3166-1 alpha-3 country code,"The ISO 3166-1 alpha-3 code, a three-letter country code which may allow a better visual association between the code and the country names than the 3166-1 alpha-2 code.","Preprogrammed into dictionary tables, not editable by users.",2.1.0,2.1.0,added in V2.1.0,
engisoZone,eng,isoZone,ISO 3166-2 code for country sub-domain,"The ISO 3166-2 codes for the names of the principal subdivisions (e.g., provinces, states, departments, regions) of all countries coded in ISO 3166-1.","Preprogrammed into dictionary tables, not editable by users.",2.1.0,3.0.0,"removed as a ""template"" input in addresses, as is a synonym for the ""stateProvReg"" field anyway.",
engjn17V,eng,jn17V,JN.1.7 Variant,"The JN.1.7 variant of SARS-CoV-2, one of the FLiRT variants.",NA,2.0.0,2.0.0,added in V2.0.0,
engjn1V,eng,jn1V,JN.1 Variant,"The JN.1 variant is a subvariant of Omicron variant BA.2.86, and contains several mutations that are associated with escape from vaccine-mediated immune protection. The source of the FLiRT variants of SARS-CoV-2.",NA,2.0.0,2.0.0,added in V2.0.0,
engk856r,eng,k856r,k856r omicron-variant gene target,k856r omicron-variant mutation gene target,NA,2.0.0,2.0.0,added in V2.0.0,
engkgS,eng,kgS,Kilogram per second,Kilograms per second.,NA,1.0.0,2.0.0,description wording.,
engkl,eng,kl,Kilolitres,Kilolitres of volume,NA,2.0.0,2.0.0,added in V2.0.0,
engklebsiellaGrp,eng,klebsiellaGrp,Klebsiella Group,A group of measures/methods related to klbsiella bacteria.,Used to describe the organism information for general measures.,2.2.0,2.2.0,added in V2.2.0,
engklebsiellaPneu,eng,klebsiellaPneu,Klebsiella pneumoniae,Klebsiella pneumoniae,NA,2.2.0,2.2.0,added in V2.2.0,
engkp11V,eng,kp11V,KP.1.1 Variant,"The KP.1.1 variant of SARS-CoV-2, one of the FLiRT variants.",NA,2.0.0,2.0.0,added in V2.0.0,
engkp1V,eng,kp1V,KP.1 Variant,"The KP.1 variant of SARS-CoV-2, one of the FLiRT variants.",NA,2.0.0,2.0.0,added in V2.0.0,
engkp2V,eng,kp2V,KP.2 Variant,"The KP.2 variant of SARS-CoV-2, one of the FLiRT variants.",NA,2.0.0,2.0.0,added in V2.0.0,
engl,eng,l,Litres,Litres of volume,NA,2.0.0,2.0.0,New variable in category,
engl24s,eng,l24s,Omicron Variant l24s mutation,Omicron Variant l24s mutation,NA,2.2.0,2.2.0,added in V2.2.0,
engl452r,eng,l452r,l452r delta-variant gene target,l452r delta-variant mutation gene target,NA,2.0.0,2.0.0,added in V2.0.0,
engl455s,eng,l455s,L455S Mutation,The FLiRT/SLip variant mutation L455S.,NA,2.2.0,2.2.0,added in V2.2.0,
engl981f,eng,l981f,l981f omicron-variant gene target,l981f omicron-variant mutation gene target,NA,2.0.0,2.0.0,added in V2.0.0,
engla,eng,la,Language Look-up table Shorthand,"The abbreviated short name used to reference the Look up table for all languages, used to give structure to the translation table.",table,2.2.2,2.2.2,added in V 2.2.2,
englab,eng,lab,Laboratory,Laboratory for environmental testing.,NA,2.0.0,2.0.0,added in V2.0.0,
englabDefDep,eng,labDefDep,Lab ID default depricated,Used as default when a new sample is created by this reporter. See ID in Lab table.,"Deprecated as of version 2, no defaults please specify.",1.0.0,2.0.0,depreciated,
englabDuplicate,eng,labDuplicate,Laboratory duplicate ,Second (time or more) processing and analysis of sample. Usually for general chemistry or metals analyses.,NA,2.0.0,2.0.0,added in V2.0; GitHub issue #94,
englabel,eng,label,Label,A human readable label of a part.,"Typically, a part label has no acrynomns (every word is spelled out). Equivalent to a LOINC common name.",2.0.0,2.0.0,added in V2.0.0,
englabID,eng,labID,Lab ID,Unique identifier for a laboratory.,NA,1.0.0,2.1.0,"description wording, structure",
englAGC,eng,lAGC,Low Average Genome Coverage,Average coverage of the genome is low/poor.,NA,2.3.0,2.3.0,added in v 2.3.0,
englagoon,eng,lagoon,Lagoon system,Lagoon system for extensive wastewater treatment,NA,1.0.0,2.0.0,"description wording, structure",
englake,eng,lake,"Lake,  natural water body","Lake, natural water body",NA,1.0.0,2.0.0,"description wording, structure",
englamba,eng,lamba,Lambda,C.37,NA,2.0.0,2.0.0,added in V2.0.0,
englandTH,eng,landTH,Land-based Transit Hub,A transport hub is a place where passengers and cargo are exchanged between land-based vehicles and/or between land-based transport modes.,Used when not greater detail can be provided,2.2.3,2.2.3,added in v2.2.3,
englang,eng,lang,Language ID,"Language code for translation purposes. Specifies the langage for each translation, other than the default English. Uses the ISO-6393 code.",Follow the ISO639-3 codes for now.,2.0.0,2.0.0,added in V2.0.0,
englangFam,eng,langFam,Language family,Specifies the language family of a given language for translation and language tracking purposes.,Part of the metedata for a languageID.,2.0.0,2.0.0,added in V2.0.0,
englangName,eng,langName,Language name,Specifies the name of the language in roman alphabet characters for translation and language tracking purposes.,Part of the metedata for a languageID.,2.0.0,2.0.0,added in V2.0.0,
englangScript,eng,langScript,National language script,The language(s) and script(s) used for the country’s capital endonyms.,"The scripts are listed in parenthesis, in the order of their appearance. Preprogrammed into dictionary tables, not editable by users.",2.1.0,2.1.0,added in V2.1.0,
englanguages,eng,languages,Language Look-up table,"Look up table for all languages, used to give structure to the translation table.",NA,2.0.0,2.0.0,added in V2.0.0,
englanguagesOrder,eng,languagesOrder,Language table column order,Specifies the order of the columns in the Languages table.,NA,2.0.0,2.0.0,added in V2.0.0,
englanguagesRequired,eng,languagesRequired,Language table required headers,Required headers in the Languages  table.,NA,2.0.0,2.0.0,added in V2.0.0,
englastEdited,eng,lastEdited,Last edited,The date the entry was last updated.,"Use lastEdited if an entry is updated. Leave lastEdited blank or 'NA' for the first entry. Updates can include additions or revisions of the entry for any reason. For example, a wastewater measure was repeated later with an improved method. You can revise the entry by updating the value and then adding the date the new measure was performed to 'lastEdited'.  To ensure data provenance, the best practice in this example is to generate a new entry with the same measureID as the original measureID. The original and new measures are kept in the database with a date in the 'lastEdited' field for the new entry but not the original one. Some databases may choose a delete-and-replace approach where the original entry is deleted and replaced by a new entry. In this approach, the 'lastEdited' field indicates the delete and replace occurred.",1.0.0,2.0.0,added in V2.0.0,
englastName,eng,lastName,Last name of contact,Specifies the last name of a given contact.,NA,2.0.0,2.0.0,added in V2.0.0,
englastUpdated,eng,lastUpdated,Last updated version,The version in which the part was last updated.,Any change to the part of list will result in a change in the lastUpdated field to the dictionary version where the update occurred. ,2.0.0,2.0.0,added in V2.0.0,
englatExp,eng,latExp,LaTeX expression,"LaTeX expression used to generate formulas, symbols, etc.  Mainly relevant for units. ",NA,2.0.0,2.0.0,added in V2.0.0,
englatrine,eng,latrine,Latrine,"A toilet or outhouse, especially a communal one in a camp or barracks.",NA,2.2.3,2.2.3,added in v2.2.3,
englBC,eng,lBC,Low breadth of coverage,The percentage of the genome covered by reads (the breadth) is low.,NA,2.0.0,2.0.0,added in V2.0.0,
englcsd,eng,lcsd,Laboratory control sample duplicate,"Known amounts of an analyte or representative compounds are added to a second ""clean"" matrix (lab water or clean sand) in laboratory. Duplicate of LCS",NA,2.0.0,2.0.0,added in V2.0; GitHub issue #94,
englDC,eng,lDC,Low depth of coverage,"Poor coverage, specifically an insufficient number of reads or too many sequencing reads that are mapped incorrectly.",NA,2.0.0,2.0.0,added in V2.0.0,
engleaked,eng,leaked,Leaked sample,"Sample leaked, some volume and material was lost.",NA,2.0.0,2.0.0,added in V2.0.0,
englegionella,eng,legionella,Legionella,Legionella,NA,2.2.0,2.2.0,added in V2.2.0,
englegionellaGrp,eng,legionellaGrp,Legionella Group,A group of measures/methods related to legionella bacteria.,Used to describe the organism information for general measures.,2.2.0,2.2.0,added in V2.2.0,
englentiGrp,eng,lentiGrp,Lentivirus Group,"A group of measures/methods related to lentiviruses, including viral vectors such as the Puro virus vector.",Used to describe the organism information for general measures.,2.2.0,2.2.0,added in V2.2.0,
englgpl21,eng,lgpl21,GNU Lesser General Public License v2.1,The licensing for the measure or data set is managed under the GNU Lesser General Public License v2.1.,NA,2.2.0,2.2.0,added in V2.2.0,
englgpl30,eng,lgpl30,GNU Lesser General Public License v3.0,The licensing for the measure or data set is managed under the GNU Lesser General Public License v3.0.,NA,2.2.0,2.2.0,added in V2.2.0,
engli,eng,li,Link,Link to an external reference that describes the geometry of the polygon.,"Deprecated as of version 2, please avoid use. Use referenceLink instead.",1.0.0,2.0.0,"Depreciated and collapsed into the generic part, partID =""refLink""",
englicense,eng,license,License,The license of a dataset.,"Specify the dataset's license name or provide a description of the license. Individual measures may possess their own licenses, which take precedence over the overall database license.",2.0.0,2.0.0,added in V2.0; github issue #205,
englicSet,eng,licSet,Data license set,The set to describe valid categorical values for the licensing fields for measures or datasets.,NA,2.2.0,2.2.0,added in V2.2.0,
englinearAggrSet,eng,linearAggrSet,Linear scale aggregation set,The aggregation set that contains all aggregations that exist on the linear scale.,NA,2.0.0,2.0.0,added in V2.0.0,
engliq,eng,liq,Liquid fraction,Liquid fraction of a sample.,NA,1.0.0,2.0.0,added in V2.0.0,
engliquid,eng,liquid,Liquid/Supernatant retained,The liquid or supernatant is retained after solid separation/centrifugation.,NA,2.2.0,2.2.0,added in V2.2.0,
englisteria,eng,listeria,Listeria,Listeria,NA,2.2.0,2.2.0,added in V2.2.0,
englisteriaGrp,eng,listeriaGrp,Listeria Group,A group of measures/methods related to listeria bacteria.,Used to describe the organism information for general measures.,2.2.0,2.2.0,added in V2.2.0,
englists,eng,lists,List worksheet,Parts lists for template dropdowns and other documentation.,Sheets or tabs for the ODM Excel dictionary include: all ERD tables (look-up tables and data entry tables) and additional supportig tables. ,2.0.0,2.0.0,added in V2.0.0,
englistSet,eng,listSet,List set,"PartTypes that contain categories, sets, or lists.",Used to generate documentation.,2.0.0,2.0.0,added in V2.0.0,
englocalHA,eng,localHA,Access to local ha,"If this is 'no', the, data will not be available to local health authorities. If missing, data will be available to local health authorities.",NA,1.0.0,2.0.0,"depreciated, sharing moved to sharing schema",
englod,eng,lod,Limit of detection (LOD),"Limit of detection, ie. the minimum level of a genetic target.",NA,1.1.0,3.0.0,changed quality indicator set from general to measure.,
englodSewa,eng,lodSewa,Limit of detection (LOD) - sewage,"Limit of detection, ie. the minimum level of a genetic target, for sewage samples.",NA,2.0.0,3.0.0,changed quality indicator set from general to measure.,
englog10cpG,eng,log10cpG,log10 gene copies per g,Unit for log10 copies per gram,NA,2.2.0,2.2.0,added in V2.2.0,
englog10cpL,eng,log10cpL,log10 gene copies per L,Unit for log10 copies per litre,NA,2.2.0,2.2.0,added in V2.2.0,
englog10cpml,eng,log10cpml,log10 gene copies per mL,Unit for log10 copies per mililitre,NA,2.2.0,2.2.0,added in V2.2.0,
englog10ugG,eng,log10ugG,log10 micrograms per g,Unit for log10 micrograms per gram,NA,2.2.0,2.2.0,added in V2.2.0,
englog10ugL,eng,log10ugL,log10 micrograms per L,Unit for log10 micrograms per litre,NA,2.2.0,2.2.0,added in V2.2.0,
englogAggrSet,eng,logAggrSet,Logarithmic scale aggregation set,The aggregation set that contains all aggregations that exist on the logarithmic scale (rather than linear or qualitative).,NA,2.0.0,2.0.0,added in V2.0.0,
englookup,eng,lookup,Dictionary tables,Tables to describe and support the ODM dictionary. ,"These tables hold information on sets, all parts, and support multiple languages and translations. The tables are updated by the ODM development team when a new ODM version is created.",2.0.0,2.0.0,added in V2.0.0,
engloq,eng,loq,Limit of quantification (LOQ),"Sample limit of quantification (LOQ) is defined as “the concentration of a target that can be quantified with an acceptable level of precision when present in a sample” (Ahmed et al., 2021).",Limit of quantification (LOQ) for this method if one exists.,1.1.0,3.0.0,changed quality indicator set from general to measure.,
englow,eng,low,Low severity,A marker for low severity,NA,2.0.0,2.0.0,added in V2.0.0,
englowCovMut,eng,lowCovMut,Low Coverage of Characteristic Mutations,Low coverage of characteristic mutations.,NA,2.3.0,2.3.0,added in v 2.3.0,
englowerCI95,eng,lowerCI95,Lower limit of a 95% confidence interval,Specifies the the lower limit of a 95% confidence interval.,"Should typically be linked to an upper limit, and some indication of data spread (ie. standard deviation), and a mean/median measure.",2.0.0,2.0.0,added in V2.0.0,
englowQualSeq,eng,lowQualSeq,Low-quality Sequence,Low-quality sequence.,NA,2.3.0,2.3.0,added in v 2.3.0,
englowSNRatio,eng,lowSNRatio,Low Signal-to-Noise Ratio,Low signal-to-noise ratio.,NA,2.3.0,2.3.0,added in v 2.3.0,
englowVol,eng,lowVol,Low-volume sample,"Sample is low-volume, but was run regardless. ",NA,2.0.0,2.0.0,added in V2.0.0,
englPGC,eng,lPGC,Low Percent of Genome Captured,Only captured a small/low percentage of the genome. ,NA,2.3.0,2.3.0,added in v 2.3.0,
englppa24s,eng,lppa24s,Omicron Variant LPPA24S mutation,Omicron Variant LPPA24S mutation,NA,2.2.0,2.2.0,added in V2.2.0,
englppl13c,eng,lppl13c,LaTeX Project Public License v1.3c,The licensing for the measure or data set is managed under the LaTeX Project Public License v1.3c.,NA,2.2.0,2.2.0,added in V2.2.0,
engltcf,eng,ltcf,Long-term care facility,A residential healthcare facility that provides 24-medical care. These are also called skilled nursing facilities.,NA,1.0.0,2.0.0,added in V2.0.0,
engltcfAl,eng,ltcfAl,Long-term care - assisted living or retirement home,A residential facility that provides assistance with daily care but generally does not provide skilled nursing care. ,NA,2.0.0,2.0.0,added in V2.0.0,
engltcfO,eng,ltcfO,Other long-term care,"Other residential facilities that provide daily and/or medical care, but are not defined as nursing home/skilled nursing facilities or assisted living facilities. ",NA,2.0.0,2.0.0,added in V2.0.0,
engltDpcr,eng,ltDpcr,Life technologies digital PCR,Describes a PCR analysis done using Life Technologies' digital PCR technology.,NA,2.0.0,2.0.0,added in V2.0.0,
engluminWWExtract,eng,luminWWExtract,luminultra wastewater extraction kit,luminultra wastewater extraction kit,NA,2.2.0,2.2.0,added in V2.2.0,
englysi,eng,lysi,Lysis buffer,Lysis buffer.,NA,2.0.0,2.0.0,added in V2.0.0,
engm3D,eng,m3D,Cubic metres per day,Cubic metres per day.,NA,1.1.0,2.0.0,added in V2.0.0,
engm3H,eng,m3H,Cubic metres per hour,Cubic metres per hour.,NA,1.1.0,2.0.0,added in V2.0.0,
engm3S,eng,m3S,Cubic metres per second,Cubic metre per second.,NA,1.0.0,2.0.0,added in V2.0.0,
engmalariaGrp,eng,malariaGrp,Plasmodium or Malaria Group,A group of measures/methods related to plasmodium parasites or malaria.,Used to describe the organism information for general measures.,2.2.0,2.2.0,added in V2.2.0,
engmanComp,eng,manComp,Manual Composite Sample,Specifies a composite sample where the sub-samples were collected manually.,NA,2.2.0,2.2.0,added in V2.2.0,
engmanufacturer,eng,manufacturer,Manufacturer,Manufacturer of an instrument.,NA,2.0.0,2.0.0,added in V2.0.0,
engmateLay,eng,mateLay,Mate pair layout,Specifies the mate pair layout for a sequencing method.,NA,2.0.0,2.0.0,added in V2.0.0,
engmaxLength,eng,maxLength,Maximum length,The maximum length of the value of a part or measure. ,NA,2.0.0,2.0.0,added in V2.0.0,
engmaxVal,eng,maxVal,Maximum value,Highest value in a range of values for a measure.,NA,1.0.0,2.0.0,added in V2.0.0,
engmaxValue,eng,maxValue,Maximum value part support,The maximum value of a part. ,NA,2.0.0,2.0.0,added in V2.0.0,
engmcr11,eng,mcr11,MCR-1.1 Colistin-resistence gene target,The MCR-1.1 colistin anti-microbial resistance gene target.,NA,2.2.0,2.2.0,added in V2.2.0,
engme,eng,me,Arithmetic mean,Arithmetic mean.,NA,1.0.0,2.0.0,added in V2.0.0,
engmeasGrp,eng,measGrp,Measurement group,A group of measures that cannot be otherwise categorized.,NA,2.0.0,2.0.0,added in V2.0.0,
engmeasles,eng,measles,Measles,Measles,NA,2.2.0,2.2.0,added in V2.2.0,
engmeaslesGrp,eng,measlesGrp,Measles Group,A group of measures/methods related to the measles virus.,Used to describe the organism information for general measures.,2.2.0,2.2.0,added in V2.2.0,
engmeasOth,eng,measOth,Other Measure,"Other measure, not otherwise specified in measures.",Add description to categoryOther.,1.0.0,2.0.0,"Depreciated in version 2 with all ""other"" fields",
engmeasQualitySet,eng,measQualitySet,Measures quality set,"A quality set for any measure, includes all the quality flag options for any measure.","Used as an ""any quality set"" for measures, but excludes the sample quality flags to avoid confusion and data entry errors.",2.0.0,2.0.0,added in V2.0.0,
engmeasure,eng,measure,Measure,"A measurement or observation of any substance including a biological, physical or chemical substance."," An measurement is recorded from a specimen (i.e. a site, sample, person or population). Measures are organized into groups and classes (sub-groups). ",1.0.0,2.0.0,added in V2.0.0,
engmeasureInput,eng,measureInput,Measure input (wide table),The partID for the measure being used in a wide name.,NA,2.2.0,2.2.0,added in V2.2.0,
engmeasureLic,eng,measureLic,Measure license,Specifies the access and use licensing for a given single measurement.,Populated by partID = licenseID,2.0.0,2.0.0,added in V2.0.0,
engmeasurements,eng,measurements,Measures,"The attribute to describe a part type of measures. All measures have `partType` = ""measure"". ",NA,2.0.0,2.0.0,added in V2.0.0,
engmeasureName,eng,measureName,Measure name (wide table),The measure referenced for the wide name.,NA,2.2.0,2.2.0,added in V2.2.0,
engmeasureRepID,eng,measureRepID,Report ID,Unique identifier for a measurement.,Report IDs cannot be repeated.,1.0.0,2.0.0,added in V2.0.0,
engmeasures,eng,measures,Measure report table,The table that contains information and details about a given measure,adapt from verson 1 documentation,1.0.0,2.0.0,combined all measures tables into a single table,
engmeasureSetRepID,eng,measureSetRepID,Measure set report set ID,Unique identifier that links together a group of related measures.,NA,2.0.0,2.0.0,added in V2.0.0,
engmeasureSets,eng,measureSets,Measure set report table,The table that identifies sets of measures.,"Examples of measure sets include a set of replicates, dilutions (used to generate a Ct curve) or varients that are identified in a single sample.",2.0.0,2.0.0,added in V2.0.0,
engmeasureSetsOrder,eng,measureSetsOrder,Measure sets table column order,Specifies the order of the columns in a Measure Sets table.,NA,2.0.0,2.0.0,added in V2.0.0,
engmeasureSetsRequired,eng,measureSetsRequired,Measure Set table required headers,Specifies the columns required in a Measure Sets table.,NA,2.0.0,2.0.0,added in V2.0.0,
engmeasuresOrder,eng,measuresOrder,Measures table column order,Specifies the order of the columns in a Measures table.,NA,2.0.0,2.0.0,added in V2.0.0,
engmeasuresRequired,eng,measuresRequired,Measures table required headers,Specifies the columns required in a Measures table.,NA,2.0.0,2.0.0,added in V2.0.0,
engmed,eng,med,Median,Median.,NA,1.0.0,2.0.0,added in V2.0.0,
engmemMgCl3,eng,memMgCl3,membrane filtration with addition of mgcl3,membrane filtration with addition of mgcl3,NA,2.2.0,2.2.0,added in V2.2.0,
engmenr,eng,menr,Normalized arithmetic mean,"Arithmetic mean, normalized.",NA,1.0.0,2.0.0,added in V2.0.0,
engmeOthDe,eng,meOthDe,Other Measure Description,Description of other measure (measOtherDesc).,NA,1.0.0,2.0.0,"Depreciated in version 2 with all ""other"" fields",
engmes,eng,mes,Measures Part-type Shorthand,"The abbreviated short name used to reference the The attribute to describe a part type of measures. All measures have `partType` = ""measurements"". ",part type,2.2.2,2.2.2,added in V 2.2.2,
engmet,eng,met,Methods part-type Shorthand,The abbreviated short name used to reference the Procedures or steps for collecting samples or performing measures.,part type,2.2.2,2.2.2,added in V 2.2.2,
engmetaboliteGrp,eng,metaboliteGrp,Metabolite Group,A group of measures/methods related to metabolites.,NA,2.2.0,2.2.0,added in V2.2.0,
engmethod,eng,method,Method,A procedure for collecting a sample or performing a measure.,NA,1.0.0,2.0.0,added in V2.0.0,
engmethodConc,eng,methodConc,Concentration method,Description of the method to concentrate a wastewater sample.,Description of the method used to concentrate the sample,1.0.0,2.0.0,added in V2.0.0,
engmethodConcSet,eng,methodConcSet,Concentration method set,A set a concentration methods.,NA,2.0.0,2.0.0,added in V2.0.0,
engmethodInput,eng,methodInput,Method input (wide table),The partID for the method being used in a wide name.,NA,2.2.0,2.2.0,added in V2.2.0,
engmethodName,eng,methodName,Method name (wide table),The method referenced for the wide name.,NA,2.2.0,2.2.0,added in V2.2.0,
engmethods,eng,methods,Methods,Procedures or steps for collecting samples or performing measures.,"For example, `methodExtract` is a method that describes the how a sample was extracted.",2.0.0,2.0.0,added in V2.0.0,
engmfAcidmgcl2,eng,mfAcidmgcl2,Membrane filtration with acidification and mgcl2,Membrane filtration with acidification and mgcl2,NA,2.0.0,2.0.0,added in V2.0.0,
engmfAcidmgcl2SS,eng,mfAcidmgcl2SS,"Membrane filtration with acidification and mgcl2, membrane recombined with separated solids","Membrane filtration with acidification and mgcl2, membrane recombined with separated solids",NA,2.0.0,2.0.0,added in V2.0.0,
engmfMgcl2,eng,mfMgcl2,Membrane filtration with addition of mgcl2,Membrane filtration with addition of mgcl2,NA,2.0.0,2.0.0,added in V2.0.0,
engmfMgcl2SS,eng,mfMgcl2SS,Membrane filtration with  mgcl2 and separated solids,"Membrane filtration with addition of mgcl2, membrane recombined with separated solids",NA,2.0.0,2.0.0,added in V2.0.0,
engmfNoAmend,eng,mfNoAmend,Membrane filtration with no amendment,Membrane filtration with no amendment,NA,2.0.0,2.0.0,added in V2.0.0,
engmfNoAmendSS,eng,mfNoAmendSS,"Membrane filtration with no amendment, membrane recombined with separated solids","Membrane filtration with no amendment, membrane recombined with separated solids",NA,2.0.0,2.0.0,added in V2.0.0,
engmfSampleAcid,eng,mfSampleAcid,Membrane filtration with sample acidification,Membrane filtration with sample acidification,NA,2.0.0,2.0.0,added in V2.0.0,
engmfSampleAcidSS,eng,mfSampleAcidSS,"Membrane filtration with sample acidification, membrane recombined with separated solids","Membrane filtration with sample acidification, membrane recombined with separated solids",NA,2.0.0,2.0.0,added in V2.0.0,
engmgd,eng,mgd,Millions of gallons per day (MG/D),"A unit for measuring of design capacity for wastewater treatment plants, represented as millions of gallons per day. Also can be used to measure flow.",NA,2.0.0,2.0.0,added in V2.0; github issue #123,
engmGenitalus,eng,mGenitalus,Mycoplasma genitalus,Mycoplasma genitalus,NA,2.2.0,2.2.0,added in V2.2.0,
engmgL,eng,mgL,Milligrams per litre,Milligrams per litre.,NA,1.1.0,2.0.0,added in V2.0.0,
engmhv,eng,mhv,Murine Hepatitis Virus,A measure for amount of murine hepatitis viurs.,NA,2.0.0,2.0.0,added in V2.0.0,
engmhvSpike,eng,mhvSpike,murine hepatitis virus (MHV) spike target,Murine hepatitis virus is used as the recovery efficiency control target.,NA,2.2.0,2.2.0,added in V2.2.0,
engmI,eng,mI,Multiple issues,Multiple issues have arisen in the sequencing process. ,"When using the 'multiple issues' quality flag, please specify the issues and details in the notes section.",2.0.0,2.0.0,added in V2.0.0,
engmid,eng,mid,Mid-level severity,"A marker for med-level severity, where there are some concerns.",NA,2.0.0,2.0.0,added in V2.0.0,
engminLength,eng,minLength,Minimum length,The maximum value of measure.,NA,2.0.0,2.0.0,added in V2.0.0,
engminutes,eng,minutes,Minutes,A unit for indicating a length of time in minutes.,NA,2.0.0,2.0.0,added in V2.0.0,
engminVal,eng,minVal,Minimum value,Lowest value in a range of values for a measure.,NA,1.0.0,2.0.0,added in V2.0.0,
engminValue,eng,minValue,Minimum value part support,The minimum value of part.,NA,2.0.0,2.0.0,added in V2.0.0,
engmiscAttr,eng,miscAttr,Miscellaneous attribute group,A group of miscellaneous measurement-like attributes.,"Examples of these would be longitude and latitude, or EPSG coordinates.",2.0.0,2.0.0,added in V2.0.0,
engmiscMeas,eng,miscMeas,Miscellaneous measure group,A group of measures that cannot be otherwise categorized.,NA,2.0.0,2.0.0,added in V2.0.0,
engmissingness,eng,missingness,Missingness,The part type for missingness values.,Only used for the dictionary entries of parts.,2.0.0,2.0.0,added in V2.0.0,
engmissingnessSet,eng,missingnessSet,Missingness Set,"Missingness sets for measures, methods or attributes. ","Inputted data into an ODM field may have missing data. The missingness set lists valid missing categories for the measure, method, or attribute.",2.0.0,2.0.0,added in V2.0.0,
engmissingnessSets,eng,missingnessSets,Missingness sets,Set of missingness values.,"Examples of missingness sets may include NR or NA esclusive sets, or general all-purpose sets.",2.0.0,2.0.0,added in V2.0.0,
engmit,eng,mit,MIT,The licensing for the measure or data set is managed under the MIT license.,NA,2.2.0,2.2.0,added in V2.2.0,
engmit0,eng,mit0,MIT No Attribution,The licensing for the measure or data set is managed under the MIT no attribution license.,NA,2.2.0,2.2.0,added in V2.2.0,
engmix,eng,mix,Mixed/homogenized sample,Mixed or homogenized sample or fraction analyzed.,NA,1.0.0,2.0.0,added in V2.0.0,
engml,eng,ml,Millilitres,Millilitres of volume,NA,2.0.0,2.0.0,added in V2.0.0,
engmld,eng,mld,Megalitres per day (ML/d),Megalitres per day.,NA,2.0.0,2.0.0,added in V2.0.0,
engmlod,eng,mlod,Method Limit of Detection (LOD),"The minimum level of a target necessary for its consistent detection considering all sample processing steps as in the definition of
SLOD), but considering biases attributable to method losses. The MLOD is experimentally determined using a rigorous and iterative testing approach and it is sensitive to the recovery surrogate used and the sample matrix encountered.",NA,2.2.0,3.0.0,changed quality indicator set from general to measure.,
engmm,eng,mm,Millimetres,Unit part for the SI unit of millimetres.,NA,1.1.0,2.0.0,added in V2.0.0,
engmmaSet,eng,mmaSet,"Measure, Method, or Attribute Set Header","The set for a measure, method, or attribute. Only applicable for categorical fields, and the categories that populate them.",NA,2.0.0,2.0.0,added in V2.0.0,
engmmaSets,eng,mmaSets,"Measure, method, or attribute sets","A set of categories. For example, site type has a list of different sites, such as a wastewater treatment plant, a septic tank, or a pumping station.",Only used for the dictionary entries of parts.,2.0.0,2.0.0,added in V2.0.0,
engmodel,eng,model,Model,Model number or version of the instrument.,NA,1.0.0,2.0.0,added in V2.0.0,
engmonarchRNA,eng,monarchRNA,monarch total RNA miniprep kit (new england biolabs) + onestep PCR inhibitor removal kit (zymo),monarch total RNA miniprep kit (new england biolabs) + onestep PCR inhibitor removal kit (zymo),NA,2.2.0,2.2.0,added in V2.2.0,
engmonths,eng,months,Months,A unit for indicating a length of time in months.,NA,2.0.0,2.0.0,added in V2.0.0,
engmoorSw,eng,moorSw,Moore swab passive sample,Moore swab passive sample.,Use collectionPeriod to describe how many hours the Moore swab was used to collect the sample,1.0.0,2.0.0,added in V2.0.0,
engmpl20,eng,mpl20,Mozilla Public License 2.0,The licensing for the measure or data set is managed under the Mozilla Public License 2.0.,NA,2.2.0,2.2.0,added in V2.2.0,
engmpox,eng,mpox,Mpox,"The virus known as Mpox, previously also known as Monkey Pox.",NA,2.1.0,2.1.0,added in V2.1.0,
engmpoxCldIGrp,eng,mpoxCldIGrp,MPox Clade I Group,"A group of measures/methods related to Mpox Clade I (formerly ""Monkey Pox"").",Used to describe the organism information for general measures.,2.2.0,2.2.0,added in V2.2.0,
engmpoxCldIIGrp,eng,mpoxCldIIGrp,MPox Clade II Group,"A group of measures/methods related to Mpox Clade II (formerly ""Monkey Pox"").",Used to describe the organism information for general measures.,2.2.0,2.2.0,added in V2.2.0,
engmpoxGrp,eng,mpoxGrp,MPox Group,"A group of measures/methods related to Mpox (formerly ""Monkey Pox"").",Used to describe the organism information for general measures.,2.2.0,2.2.0,added in V2.2.0,
engmps,eng,mps,Metres per second,metres per second.,NA,2.0.0,2.0.0,added in V2.0.0,
engmpvGrp,eng,mpvGrp,Metapneumovirus Group,A group of measures/methods related to metapneumoviruses.,Used to describe the organism information for general measures.,2.2.0,2.2.0,added in V2.2.0,
engmpxB6R,eng,mpxB6R,Mpox B6R Gene Target,Human MPox Virus (hMPXV) gene target. Envelope protien gene CDC Assay; selective for MPXV.,NA,2.2.0,2.2.0,added in V2.2.0,
engmpxC3L,eng,mpxC3L,Clade I Mpox C3L Gene Target,Human MPox Virus (hMPXV) Clade I gene target. hMPXV C3L primers and probe detect Clade I viruses.,NA,2.2.0,2.2.0,added in V2.2.0,
engmpxe9lNVAR,eng,mpxe9lNVAR,Mpox & Orthopox E9L-NVAR Gene Target,Human MPox Virus (hMPXV) gene target for Orthopoxvirus DNA polymerase. CDC Assay detects all hMPXV​ clades and non-variola Orthopox viruses.,NA,2.2.0,2.2.0,added in V2.2.0,
engmpxe9lOPX3,eng,mpxe9lOPX3,Mpox & Orthopox E9L-OPX3 Gene Target,Human MPox Virus (hMPXV) gene target using the generic orthopox virus OPX3. Lower sensitivity for MPox.,NA,2.2.0,2.2.0,added in V2.2.0,
engmpxF3L,eng,mpxF3L,Mpox Clade I F3L Gene Target,"Human MPox Virus (hMPXV) Clade I gene target, F3L",NA,2.3.0,2.3.0,added in V2.3.0,
engmpxG2RG,eng,mpxG2RG,Mpox G2R-G Gene Target,Human MPox Virus (hMPXV) gene target using the G2R_G primers and probe which  detects all MPox Virus strains ​.,NA,2.2.0,2.2.0,added in V2.2.0,
engmpxG2RNML,eng,mpxG2RNML,Mpox G2R-NML Gene Target,Human MPox Virus (hMPXV) gene target using the G2R_NML primers and probe which  detects all MPox Virus strains ​.,NA,2.3.0,2.3.0,added in V2.3.0,
engmpxG2RWA,eng,mpxG2RWA,Clade II Mpox G2R-WA Gene Target,"Human MPox Virus (hMPXV) Clade II gene target, measured with G2R_WA primers and probe to detects Clade II viruses. ",NA,2.2.0,2.2.0,added in V2.2.0,
engmpxGTmol,eng,mpxGTmol,Mpox GT Molecular Gene Target,Human MPox Virus (hMPXV) gene target - this specific measure and gene target are proprietary to GT Molecular,NA,2.2.0,2.2.0,added in V2.2.0,
engmr,eng,mr,Measure report table Shorthand,The abbreviated short name used to reference the The table that contains information and details about a given measure,table,2.2.2,2.2.2,added in V 2.2.2,
engmrsa,eng,mrsa,Methicillin-resistant Staphylococcus aureus (MRSA),Methicillin-resistant Staphylococcus aureus (MRSA),NA,2.2.0,2.2.0,added in V2.2.0,
engms,eng,ms,Measure set report table Shorthand,The abbreviated short name used to reference the The table that identifies sets of measures.,table,2.2.2,2.2.2,added in V 2.2.2,
engms2Col,eng,ms2Col,ms2 coliphage,Measure of the amount of ms2 coliphage.,NA,2.0.0,2.0.0,added in V2.0.0,
engms2ColMat,eng,ms2ColMat,ms2 coliphage spike target,ms2 coliphage is used as the recovery efficiency control target.,NA,2.0.0,2.0.0,added in V2.0.0,
engmsd,eng,msd,Matrix spike duplicate,A known amounts of an analyte or representative compounds are added in the laboratory to a second aliquot of the sample used for matrix spike.,NA,2.0.0,2.0.0,added in V2.0; GitHub issue #94,
engmspl,eng,mspl,Microsoft Public License,The licensing for the measure or data set is managed under the Microsoft Public License.,NA,2.2.0,2.2.0,added in V2.2.0,
engmspsDep,eng,mspsDep,Moore swab passive sample depreciated,Moore swab passive sample.,"Deprecated in version 2, please do not use.",1.0.0,2.0.0,"added in V2.0, depreciated after",
engmSwrPpl,eng,mSwrPpl,Major sewer pipeline,Major sewer pipeline,NA,1.0.0,2.0.0,added in V2.0.0,
engmTuberculosis,eng,mTuberculosis,Mycobacterium tuberculosis,Mycobacterium tuberculosis,NA,2.2.0,2.2.0,added in V2.2.0,
engmu,eng,mu,Mu,B.1.621,NA,2.0.0,2.0.0,added in V2.0.0,
engmuCo,eng,muCo,murine coronavirus,Measure of the amount of murine coronavirus.,NA,2.0.0,2.0.0,added in V2.0.0,
engmuCoMat,eng,muCoMat,murine coronavirus spike target,Murine coronavirus is used as the recovery efficiency control target.,NA,2.0.0,2.0.0,added in V2.0.0,
engmul,eng,mul,Multiple fraction,Multiple fractions were analyzed separately and aggregated together post-analysis.,This fractionID is intended for use for archival data and should not be used for newly added new moving forward (2022). Please also specify in the notes section which fractions were used for the multiple fractions (ex. solid and liquid) to avoid loss of information.,2.0.0,2.0.0,added in V2.0.0,
engmulanPSL20,eng,mulanPSL20,"Mulan Permissive Software License, Version 2",The licensing for the measure or data set is managed under version 2 of the Mulan Permissive Software License.,NA,2.2.0,2.2.0,added in V2.2.0,
engmultiple,eng,multiple,Multiple Purpose,"A measure or sample taken for multiple purposes, not easily captured by the other purpose categories.",Useful for parent samples where various subsamples will have different purposes/,2.0.0,2.0.0,added in V2.0.0,
engmumps,eng,mumps,Mumps,Mumps,NA,2.2.0,2.2.0,added in V2.2.0,
engmumpsGrp,eng,mumpsGrp,Mumps Group,A group of measures/methods related to the mumps virus.,Used to describe the organism information for general measures.,2.2.0,2.2.0,added in V2.2.0,
engmunicipalLevel,eng,municipalLevel,Municipalities or communes,Municipalities or communes,NA,2.0.0,3.0.0,"Reactivated as organization level and sector categorical inputs, rather than attributes.",
engmunicp,eng,municp,Municipality,"A complete municipality, this specifies an entire metropolitan area, either a city, town, etc.",NA,2.0.0,2.0.0,added in V2.0.0,
engmutation,eng,mutation,Mutations class,Measures and methods related to mutations.,NA,2.0.0,2.3.0,depreciated in version 2.3.0 - collapsed into pcr or sequencing classes.,
engmutationPanel,eng,mutationPanel,Mutation panels class,Measures and methods related to a panel or list of more than one mutation from the same sequence read.,NA,2.0.0,3.0.0,officially activate in v 3.0.0,
engmycoplasmaGrp,eng,mycoplasmaGrp,Mycoplasma Group,A group of measures/methods related to mycoplasma bacteria.,Used to describe the organism information for general measures.,2.2.0,2.2.0,added in V2.2.0,
engn,eng,n,N sars-cov-2 gene target,N sars-cov-2 gene target,NA,2.0.0,2.0.0,added in V2.0.0,
engn1n2,eng,n1n2,Combined N1 and N2 sars-cov-2 gene target,Combined N1 and N2 sars-cov-2 gene target,NA,2.0.0,2.0.0,added in V2.0.0,
engn211i,eng,n211i,Omicron Variant n211i mutation,Omicron Variant n211i mutation & gene target.,NA,2.2.0,2.2.0,added in V2.2.0,
engn679k,eng,n679k,Omicron Variant n679k mutation,Omicron Variant n679k mutation & gene target.,NA,2.2.0,2.2.0,added in V2.2.0,
engn856k,eng,n856k,Omicron Variant n856k mutation,Omicron Variant n856k mutation & gene target.,NA,2.2.0,2.2.0,added in V2.2.0,
engn969k,eng,n969k,Omicron Variant n969k mutation,Omicron Variant n969k mutation & gene target.,NA,2.2.0,2.2.0,added in V2.2.0,
engNA,eng,NA,Not applicable,The field for which the expected value is not a property of the described object.,Missing value indicator for missing data with no explanation.,1.0.0,2.0.0,added in V2.0.0,
engnaAggr,eng,naAggr,Aggregation not applicable,Not applicable for aggregations.,Used for parts for which an aggregation value is not applicable or appropriate.,2.0.0,2.0.0,added in V2.0.0,
engnaAggrScale,eng,naAggrScale,Aggregation scale not applicable,Not application for aggregation sets.,Used for parts for which an aggregation scale value is not applicable or appropriate.,2.0.0,2.0.0,added in V2.0.0,
engnaAggrSet,eng,naAggrSet,Aggregation set not applicable,Not application for aggregation sets.,Used for parts for which an aggregation set value is not applicable or appropriate.,2.0.0,2.0.0,added in V2.0.0,
engnaClass,eng,naClass,Class not applicable,Class is not applicable.,Use this for all parts that don't have classes (most non-measure or method parts),2.0.0,2.0.0,added in V2.0.0,
engnaCompartment,eng,naCompartment,Compartment not applicable,Compartment not applicable.,NA,2.0.0,2.0.0,added in V2.0.0,
engnaCompartmentSet,eng,naCompartmentSet,Compartment set not applicable,Compartment not applicable.,NA,2.0.0,2.0.0,added in V2.0.0,
engnaDomain,eng,naDomain,Domain not applicable,Not applicable. ,Use 'not applicable' when there is no domain for the part,2.0.0,2.0.0,added in V2.0.0,
engnaGroup,eng,naGroup,Group not applicable,Used when there is no group; ie. group is not applicable.,Use 'not applicable' when there is no group for the part,2.0.0,2.0.0,added in V2.0.0,
engname,eng,name,Name,"Name of a domain, specimen, group, class, attribute, unit, nomeclature or other entity.","Name of any entity. Use a prefix to distinguish names from different report tables. See fully specified name (FSN) list.  i.e. Si-name = Site name, Po-name = Polygon name, Or-name = Organization name, Me-name = Method-name. ",2.0.0,2.0.0,added in V2.0.0,
engnameEngl,eng,nameEngl,English name for countries,English-language name of a given country.,"Preprogrammed into dictionary tables, not editable by users.",2.1.0,2.1.0,added in V2.1.0,
engnameOfficial,eng,nameOfficial,Official state name,Official english-language name of a given state.,"Preprogrammed into dictionary tables, not editable by users.",2.1.0,2.1.0,added in V2.1.0,
engnan,eng,nan,Not a number,"The outcome of a measurement is not a valid number (plus or minus infinity, error, ...)",Missing values indicator for when a numeric value is expected but not given.,1.0.0,2.0.0,added in V2.0.0,
engnaNomenclature,eng,naNomenclature,Nomenclature not applicable,Not applicable. ,Use 'not applicable' when there is no nomenclature for the part,2.0.0,2.0.0,added in V2.0.0,
engnaSpecimen,eng,naSpecimen,Specimen not applicable,Non applicable specimen.,Use 'not applicable' when there is no specimen/set for the part,2.0.0,2.0.0,added in V2.0.0,
engnaSpecimenSet,eng,naSpecimenSet,Specimen set not applicable,A specimen set for when specimen/specimen set is not applicable.,Use 'not applicable' when there is no specimen/set for the part,2.0.0,2.0.0,added in V2.0.0,
engnatName,eng,natName,Native Name,"The native name of the language, i.e. what the language is called by its speakers.",Part of the metedata for a languageID.,2.0.0,2.0.0,added in V2.0.0,
engnaUnit,eng,naUnit,Unit not applicable,Not appliable for units.,NA,2.0.0,2.0.0,added in V2.0.0,
engnaUnitSet,eng,naUnitSet,Unit set not applicable,Not applicable for unit sets.,NA,2.0.0,2.0.0,added in V2.0.0,
engncbi,eng,ncbi,National Center for Biotechnology Information,NCBI header,NA,2.0.0,2.0.0,added in V2.0.0,
engncbiForm,eng,ncbiForm,NCBI Format,Dataset was originally recorded and/or stored in NCBI format.,NA,3.0.0,3.0.0,added in V3.0.0,
engncbiNom,eng,ncbiNom,Nomenclaturre from the NCBI,Nomenclaturre from the National Center for Biotechnology Information,NA,2.0.0,2.0.0,added in V2.0.0,
engncbiNotes,eng,ncbiNotes,NCBI - notes,NCBI notes,NA,2.0.0,2.0.0,added in V2.0.0,
engncsa,eng,ncsa,University of Illinois/NCSA Open Source License,The licensing for the measure or data set is managed under the University of Illinois/NCSA Open Source License.,NA,2.2.0,2.2.0,added in V2.2.0,
engneigh,eng,neigh,Neighbourhood,"A municipal neighbourhood, this specifies a sub-section of a larger municipality.",NA,2.0.0,2.0.0,added in V2.0.0,
engneighborLevel,eng,neighborLevel,Local administrative units or neighborhoods,Local administrative units or neighborhoods,NA,2.0.0,3.0.0,"Reactivated as organization level and sector categorical inputs, rather than attributes.",
engnewVax,eng,newVax,Population of newly vaccinated persons,Population of newly vaccinated persons,A unit used for for specifying a population-wide vaccination level measure.,2.0.0,2.0.0,added in V2.0.0,
engnextclade,eng,nextclade,NextClade nomenclature,Specifies variant or genetic nomenclature as set out by NextClade.,NA,2.0.0,2.0.0,added in V2.0.0,
engngmn,eng,ngmn,Normalized geometric mean,"Geometric mean, normalized.",NA,1.0.0,2.0.0,added in V2.0.0,
engnGonorrhoeae,eng,nGonorrhoeae,Neisseria gonorrhoeae,Neisseria gonorrhoeae,NA,2.2.0,2.2.0,added in V2.2.0,
engnH4N,eng,nH4N,Ammonium Nitrogen,"Ammonium nitrogen concentration, as N.",NA,1.0.0,2.0.0,added in V2.0.0,
engniid19,eng,niid19,niid_2019-ncov_n sars-cov-2 gene target,niid_2019-ncov_n sars-cov-2 gene target,NA,2.0.0,2.0.0,added in V2.0.0,
engnM,eng,nM,Nano-molar,the unit of nanomolar.,NA,2.2.0,2.2.0,added in V2.2.0,
engnoConcern,eng,noConcern,No quality concerns,A flag to indicate there is are no quality concern about the measure or sample.,NA,1.0.0,2.0.0,added in V2.0.0,
engnoLabel,eng,noLabel,Sample not labelled,Sample had no label,NA,2.0.0,2.0.0,added in V2.0.0,
engnoliquid,eng,noliquid,"No liquid concentration, liquid recombined with separated solids","No liquid concentration, liquid recombined with separated solids",NA,2.0.0,2.0.0,"added in V2.0.0, added from NWSS",
engnomenclature,eng,nomenclature,Nomenclature,"A classification system to report the measure class. Only applicable to variants, mutations, and diseases.","Currently only used for class = variant, mutation, or disease. Valid options are currently restricted to 'NextClade', 'Pangolin', 'WHO', or 'ICD'.",2.0.0,2.0.0,added in V2.0.0,
engnomenclatures,eng,nomenclatures,Nomenclatures,A classification system to report the measure class. ,See partID = nomenclatureID.,2.0.0,2.0.0,added in V2.0.0,
engnoRain,eng,noRain,No rain,"Qualitative category for the weather measure, specifying no rainfall for a given day.",NA,2.2.0,2.2.0,added in V2.2.0,
engnorm,eng,norm,Purpose is normalization,The purpose of a measure or sample is for normalization.,NA,2.3.0,2.3.0,added in V2.3.0,
engnorman,eng,norman,NORMAN,NORMAN header,NA,2.0.0,2.0.0,added in V2.0.0,
engnormanForm,eng,normanForm,Norman Format,Dataset was originally recorded and/or stored in Norman format.,NA,3.0.0,3.0.0,added in V3.0.0,
engnormanNotes,eng,normanNotes,NORMAN - notes,Norman notes,NA,2.0.0,2.0.0,added in V2.0.0,
engnoro,eng,noro,Norovirus,Norovirus.,NA,2.1.0,2.1.0,added in V2.1.0,
engnoroG1,eng,noroG1,Norovirus G1,Norovirus genogroup 1,NA,2.0.0,2.0.0,added in V2.0.0,
engnoroG2,eng,noroG2,Norovirus G2,Norovirus genogroup 2,NA,2.0.0,2.0.0,added in V2.0.0,
engnoroGIGrp,eng,noroGIGrp,Norovirus GI Group,A group of measures/methods related to norovirus GI.,Used to describe the organism information for general measures.,2.2.0,2.2.0,added in V2.2.0,
engnoroGIIGrp,eng,noroGIIGrp,Norovirus GII Group,A group of measures/methods related to norovirus GII.,Used to describe the organism information for general measures.,2.2.0,2.2.0,added in V2.2.0,
engnoroGrp,eng,noroGrp,Norovirus Group,A group of measures/methods related to noroviruses.,Used to describe the organism information for general measures.,2.2.0,2.2.0,added in V2.2.0,
engnoSep,eng,noSep,No Seperation or Concentration,"Denoted that a sample did not undergo a solids separation protocol, or did not undergo a sample concentration protocol.",NA,2.2.0,2.2.0,added in V2.2.0,
engnotes,eng,notes,Notes,A note used to describe details that are not captured in other attributes,There is no recommended structure of a note. Use notes as needed.,2.0.0,2.0.0,added in V2.0.0,
engnoTime,eng,noTime,Sample missing time stamp,Sample is missing the autosampler time; incomplete metadata on collection.,NA,2.0.0,2.0.0,added in V2.0.0,
engnr,eng,nr,Not reported,"A value could have been recorded, however, it was not.",Missing value indicator for data that is absent because it was not reported.,1.0.0,2.0.0,added in V2.0.0,
engnrNAMissingnessSet,eng,nrNAMissingnessSet,"Not reported, Not applicable missing set","Not reported, Not applicable missing set.",NA,2.0.0,2.0.0,added in V2.0.0,
engnSarbec,eng,nSarbec,Sarbecovirus-specific N sars-cov-2 gene target,Sarbecovirus-specific N sars-cov-2 gene target,NA,2.0.0,2.0.0,added in V2.0.0,
engntcAmp,eng,ntcAmp,NTC Amplification Detected,"Quality flag for when the non-template control (NTC) still sees amplification - ie. The NTCs in qPCR show a Ct value less than 40, or NTCs in a ddPCR have 3 or more positive droplets.",NA,2.0.0,3.0.0,Tidied and officially activated and launched in v 3.0.0,
engntcFlag,eng,ntcFlag,Control-plate Flag - NTCs,quality indicator for when there is observed amplicifation in the non-template controls (NTCs) of a PCR reaction.,NA,2.0.0,3.0.0,Realized there was duplication with partID = ntcAmp and was deactivated.,
engntu,eng,ntu,Nephelometric turbidity unit,"Nephelometric Turbidity Units, a unit used in the measurement of turbidity (see ""turbidity"" under measureIDs).",Nephelometric turbidity units (NTU) are based on white light (400–680nm) and 90° incident angle.,2.0.0,2.0.0,added in V2.0; github issue #122,
engnucAuto,eng,nucAuto,Nuclisens automated magnetic bead extraction kit,Nucleic acid extraction performed using the nuclisens automated magnetic bead extraction kit.,NA,2.0.0,2.0.0,"added in V2.0.0, added from NWSS",
engnucKingfish,eng,nucKingfish,nucleomag (ref. 744220.4) using kingfisher automated instrument,nucleomag (ref. 744220.4) using kingfisher automated instrument,NA,2.2.0,2.2.0,added in V2.2.0,
engnucManu,eng,nucManu,Nuclisens manual magnetic bead extraction kit,Nucleic acid extraction performed using the nuclisens manual magnetic bead extraction kit.,NA,2.0.0,2.0.0,"added in V2.0.0, added from NWSS",
engNULL,eng,NULL,Null,A logical representation of a statement that is neither TRUE nor FALSE.,Missing value indicator when the value is neither TRUE nor FALSE.,1.0.0,3.0.0,updated to gave partID be all caps to match general coding language structure.,
engnumCode,eng,numCode,ISO 3166-1 numeric country code,"The ISO 3166-1 numeric code, a three-digit country code which is identical to that developed and maintained by the United Nations Statistics Division, with the advantage of script (writing system) independence, and hence useful for people or systems using non-Latin scripts.","Preprogrammed into dictionary tables, not editable by users.",2.1.0,2.1.0,added in V2.1.0,
engnumNTC,eng,numNTC,Number of NTCs per Run,The number of no-template controls included in each PCR instrument run.,NA,2.2.0,2.2.0,added in V2.2.0,
engnwss,eng,nwss,National Wastewater Surveillance System,NWSS header,NA,2.0.0,2.0.0,added in V2.0.0,
engnwssForm,eng,nwssForm,US-CDC NWSS Format,Dataset was originally recorded and/or stored in the US-CDC's NWSS format.,NA,3.0.0,3.0.0,added in V3.0.0,
engnwssNotes,eng,nwssNotes,NWSS - notes,NWSS notes,NA,2.0.0,2.0.0,added in V2.0.0,
engnwssProcess,eng,nwssProcess,NWSS - process,NWSS process,NA,2.0.0,2.0.0,added in V2.0.0,
engnww,eng,nww,Water,"Non-wastewater, coming from any kind of water body",NA,1.0.0,2.0.0,added in V2.0.0,
engoc43,eng,oc43,coronavirus OC43,Measure of the amount of coronavirus OC43.,NA,2.0.0,2.0.0,added in V2.0.0,
engoc43Mat,eng,oc43Mat,oc43 spike target,Human coronavirus OC43 is used as the recovery efficiency control target.,NA,2.0.0,2.0.0,added in V2.0.0,
engocean,eng,ocean,"Ocean, natural water body","Ocean, natural water body",NA,1.0.0,2.0.0,added in V2.0.0,
engoColDep,eng,oColDep,Other Collection depreciated,Other type of collection method. Add description to collectionOther.,"Deprecated as of version 2, please avoid use. Specify in type, or contact the PHES-ODM research team to add your specific item via a github issue (https://github.com/Big-Life-Lab/PHES-ODM/issues), or at phesd_odm@ohri.ca",1.0.0,2.0.0,"Depreciated in version 2 with all ""other"" fields",
engofl11,eng,ofl11,SIL Open Font License 1.1,The licensing for the measure or data set is managed under the SIL Open Font License 1.1.,NA,2.2.0,2.2.0,added in V2.2.0,
engola,eng,ola,Lab Analysis,Offline laboratory analysis.,NA,1.0.0,2.0.0,added in V2.0.0,
engomicr1,eng,omicr1,Omicron BA.1,Omicron B.1.1.529,NA,2.0.0,2.0.0,added in V2.0.0,
engomicr2,eng,omicr2,Omicron BA.2,Omicron BA.2,NA,2.0.0,2.0.0,added in V2.0.0,
engomicr275,eng,omicr275,Omicron BA.2.75,Omicron BA.2.75,NA,2.0.0,2.0.0,added in V2.0.0,
engomicr4,eng,omicr4,Omicron BA.4,Omicron BA.4,NA,2.0.0,2.0.0,added in V2.0.0,
engomicr5,eng,omicr5,Omicron BA.5,Omicron BA.5,NA,2.0.0,2.0.0,added in V2.0.0,
engomicronGrp,eng,omicronGrp,SARS-CoV-2 Omicron Variant Group,A group of measures/methods related to the SARS-CoV-2 Omicron Variant.,NA,2.0.0,2.0.0,added in V2.0.0,
engonsDate,eng,onsDate,Onset date,"Earliest that symptoms were reported for this case. This data is often not known and reported. In lieu, episode is used.",NA,1.0.0,2.0.0,added in V2.0; depreciated,
engonse,eng,onse,Online Sensor,Online sensor,An online sensor,1.0.0,2.0.0,added in V2.0.0,
engontologyRef,eng,ontologyRef,Ontology reference,Ontology reference for a part.,"This field contains a link to an existing ontology reference for the part. ODM content spans several existing ontologies. ODM does not strive to generate a new ontology, rather ODM seeks to harmonize and extend dictionaries for application in environmental and public health surveillance. ",2.0.0,2.0.0,added in V2.0.0,
engoor,eng,oor,Value out of range,Value is outside of the allowable range for quality control.,NA,2.0.0,2.0.0,added in V2.0.0,
engopen,eng,open,Open license not otherwise described,The licensing for the measure or data set is managed under an open license not otherwise described.,NA,2.2.0,2.2.0,added in V2.2.0,
engophos,eng,ophos,Orthophosphates,Ortho-phosphate concentration.,NA,1.0.0,2.0.0,added in V2.0.0,
engor,eng,or,Organization table Shorthand,The abbreviated short name used to reference the The table that contains information about a laboratory.,table,2.2.2,2.2.2,added in V 2.2.2,
engorb,eng,orb,Other residential building,Individual residential buildings or institutions not captured in other categories,NA,2.0.0,2.0.0,added in V2.0.0,
engorBoo,eng,orBoo,OR Boolean aggregation,"""OR"" aggreation.","If any value in the aggregation is ""TRUE"" then the OR aggregation is also ""TRUE"". If all values in the aggregation is ""FALSE"" then the OR aggregation is also ""FALSE"".",2.0.0,2.0.0,added in V2.0.0,
engorf1a,eng,orf1a,ORF1a sars-cov-2 gene target,ORF1a sars-cov-2 gene target,NA,2.0.0,2.0.0,added in V2.0.0,
engorf1ab,eng,orf1ab,ORF1ab sars-cov-2 gene target,ORF1ab sars-cov-2 gene target,NA,2.0.0,2.0.0,added in V2.0.0,
engorf1b,eng,orf1b,ORF1b sars-cov-2 gene target,ORF1b sars-cov-2 gene target,NA,2.0.0,2.0.0,added in V2.0.0,
engorganism,eng,organism,Organism,Organism class,"Identify class = `organism` for when a part identifies an organism and partType = `groups`. Indivdual measures should be recorded with a class for the specific measure type. i.e. allele, variant, mutation, etc. ",2.2.0,2.2.0,added in V2.2.0,
engorganizationID,eng,organizationID,Organization ID,A unique identifier for the organization to which the reporter is affiliated.,NA,1.1.0,2.0.0,added in V2.0.0,
engorganizations,eng,organizations,Organization table,The table that contains information about a laboratory.,adapt from verson 1 documentation,1.0.0,2.0.0,"description wording, structure",
engorganizationsOrder,eng,organizationsOrder,Organizations table column order,Specifies the order of the columns in a Organizations table.,NA,2.0.0,2.0.0,added in V2.0.0,
engorganizationsRequired,eng,organizationsRequired,Organziation table required headers,Specifies the columns required in a Organizations table.,NA,2.0.0,2.0.0,added in V2.0.0,
engorgLevel,eng,orgLevel,Organization level,The geographic level of an organization.,There are six levels based on International Standard Classification of Administrative Units (ISCU). ,2.0.0,2.0.0,added in V2.0.0,
engorgLevelSet,eng,orgLevelSet,Organization level set,Categories of organization levels.,NA,2.0.0,2.0.0,added in V2.0.0,
engorgSector,eng,orgSector,Organization sector,The sector of an organization,NA,2.0.0,2.0.0,added in V2.0.0,
engorgSectorSet,eng,orgSectorSet,Organization sector set,Cateogries of organization sectors.,NA,2.0.0,2.0.0,added in V2.0.0,
engorgType,eng,orgType,Organization Type,Specifies the type or purpose of a given organization. ,NA,2.0.0,2.0.0,added in V2.0.0,
engorgTypeSet,eng,orgTypeSet,Organization type set,The set for storing organization types.,NA,2.0.0,2.0.0,added in V2.0.0,
engorigin,eng,origin,Sample origin,An attribute of a sample specifying the origin.,NA,2.0.0,2.0.0,added in V2.0; GitHub issue #94,
engoriginalFormat,eng,originalFormat,Original Data Format,The original structure or model used to record and store the data. This helps indicate if data have been transformed or mapped into the ODM structure. ,NA,3.0.0,3.0.0,added in V3.0.0,
engoriginSet,eng,originSet,Sample Origin set,The set for storing the valid categorical values of sample origin.,NA,2.0.0,2.0.0,added in V2.0.0,
engorthoGrp,eng,orthoGrp,Orthopox Virus Group,A group of measures/methods related to orthopox viruses (excluding variolla viruses).,NA,2.2.0,2.2.0,added in V2.2.0,
engosl30,eng,osl30,Open Software License 3.0,The licensing for the measure or data set is managed under the Open Software License 3.0.,NA,2.2.0,2.2.0,added in V2.2.0,
engotco,eng,otco,Other Collection depreciated,Other type of collection method. Add description to collectionOther.,"Deprecated as of version 2, please avoid use. Specify in type, or contact the PHES-ODM research team to add your specific item via a github issue (https://github.com/Big-Life-Lab/PHES-ODM/issues), or at phesd_odm@ohri.ca",1.0.0,2.0.0,"Depreciated in version 2 with all ""other"" fields",
engothAgg,eng,othAgg,Other aggregation scale,"Specifies an aggregation scale that can't be described as either ""qualitative"" or ""quantitative"".",NA,2.0.0,2.0.0,added in V2.0.0,
engother,eng,other,Other,Other,"Other category. A categorical response for several variables in version 1. Also accompanied by a free text field. Depreciated in version 2, with common text fields added as new categories in version 2.0.0",2.0.0,2.0.0,NA,
engotherAggrSet,eng,otherAggrSet,Other aggregation set,Aggregation set used for unitless measures.,NA,2.0.0,2.0.0,added in V2.0.0,
engotherDep,eng,otherDep,Other aggregation depricated,Other aggregation method. Add description to aggregationOther,"Deprecated as of version 2, please avoid use. Specify in type, or contact the PHES-ODM research team to add your specific item via a github issue (https://github.com/Big-Life-Lab/PHES-ODM/issues), or at phesd_odm@ohri.ca",1.0.0,2.0.0,"Depreciated in version 2 with all ""other"" fields",
engotherForm,eng,otherForm,Other (or proprietary) Format,Dataset was originally recorded and/or stored in a format not otherwise described.,"Please name (and optionally describe) the data format in the ""notes"" section when using this value.",3.0.0,3.0.0,added in V3.0.0,
engotherProvDep,eng,otherProvDep,Access to other prov depricated,"If this is 'no', this data will not be available to other data providers not listed before. If missing, data will be available to other data providers not listed before",NA,1.0.0,2.0.0,"depreciated, sharing moved to sharing schema",
engotherReportTableSet,eng,otherReportTableSet,Other report table set,Additional tables that form the full data model.,NA,2.0.0,2.0.0,added in V2.0.0,
engotherV,eng,otherV,Variants Other,Used for reporting variants detected for which a specific measureID doesn't already exist. The ODM team will periodically migrate collected responses in this category into set measureIDs.,"Please write in an official name for the new variant that was detected, and specify which nomenclature you're using with the nomenclatureID.",2.0.0,2.0.0,added in V2.0.0,
engotsisaDep,eng,otsisaDep,Other Site - sample depreciated ,Other type of site. Add description to typeOther.,"Deprecated as of version 2, please avoid use. Specify in type, or contact the PHES-ODM research team to add your specific item via a github issue (https://github.com/Big-Life-Lab/PHES-ODM/issues), or at phesd_odm@ohri.ca",1.0.0,2.0.0,"Depreciated in version 2 with all ""other"" fields",
engotsisiDep,eng,otsisiDep,Other Site - Site depreciated,Other site type. Add description to typeOther,NA,1.0.0,2.0.0,"Depreciated in version 2 with all ""other"" fields",
engotunDep,eng,otunDep,Other Unit depricated,Other measurement of viral copies or wastewater treatment plant parameter. Add description to UnitOther.,"Deprecated as of version 2, please avoid use. Specify in type, or contact the PHES-ODM research team to add your specific item via a github issue (https://github.com/Big-Life-Lab/PHES-ODM/issues), or at phesd_odm@ohri.ca",1.0.0,2.0.0,"Depreciated in version 2 with all ""other"" fields",
engout,eng,out,Value is an outlier,Value is an outlier and may be of questionable quality.,NA,2.0.0,2.0.0,added in V2.0.0,
engoutb,eng,outb,Outbreak declaration,"Public health action type used to indicate outbreak status. Given that when outbreaks occur, full data on case counts may not be available or completely accurate, using this measure indicates that case counts may be approximate.",The datetime for the measure helps indicate that start and end periods for an outbreak.,2.0.0,3.0.0,"Adjusted to work within the new phActions table, now a categorical value for phAction Type",
engoutbEnd,eng,outbEnd,End of Outbreak,Indicates an outbreak has ended.,NA,2.0.0,3.0.0,"Adjusted to work within the new phActions table, now a categorical value for phAction.",
engoutbOngoing,eng,outbOngoing,Outbreak - on-going,Indicates an outbreak is on-going.,NA,2.0.0,3.0.0,"Adjusted to work within the new phActions table, now a categorical value for phAction.",
engoutbreak,eng,outbreak,Outbreak class,Measures and methods relating to public health outbreaks.,NA,2.0.0,3.0.0,depreciated in v3.0.0 with the migration of outbreak from measures to the phActions table.,
engoutbreakSet,eng,outbreakSet,Outbreak declaration Value Set,set for the valid values of the outbreak measure.,NA,2.0.0,3.0.0,"Adjusted to work within the new phActions table, now a set for the categories for phAction with a ""outbreak"" phAction type.",
engoutbStart,eng,outbStart,Declared outbreak or Outbreak start,Indicates an outbreak began.,NA,2.0.0,3.0.0,"Adjusted to work within the new phActions table, now a categorical value for phAction.",
engp100l,eng,p100l,Delta Variant p100l mutation,Delta Variant p100l mutation & gene target.,NA,2.2.0,2.2.0,added in V2.2.0,
engp13L,eng,p13L,Omicron Variant p13l mutation,Omicron Variant p13l mutation,NA,2.2.0,2.2.0,added in V2.2.0,
engp2046l,eng,p2046l,Delta Variant p2046l mutation,Delta Variant p2046l mutation & gene target.,NA,2.2.0,2.2.0,added in V2.2.0,
engp2287s,eng,p2287s,Delta Variant  p2287s mutation,Delta Variant  p2287s mutation & gene target.,NA,2.2.0,2.2.0,added in V2.2.0,
engp3395h,eng,p3395h,Omicron Variant p3395h mutation,Omicron Variant p3395h mutation & gene target.,NA,2.2.0,2.2.0,added in V2.2.0,
engp681r,eng,p681r,Delta Variant p681r,Delta Variant p681r mutation & gene target.,NA,2.2.0,2.2.0,added in V2.2.0,
engpa,eng,pa,Parts Look-up table Shorthand,The abbreviated short name used to reference the Look up table containing all parts in of the data model.,table,2.2.2,2.2.2,added in V 2.2.2,
engpAct,eng,pAct,polymerase activation,Describes the polymerase activation cycle in a PCR process.,NA,2.2.0,2.2.0,added in V2.2.0,
engpairLay,eng,pairLay,Paired Layout,Specifies the paired layout for a sequencing method,NA,2.0.0,2.0.0,added in V2.0.0,
engpangolin,eng,pangolin,Pangolin nomenclature,Specifies variant or genetic nomenclature as set out by the Phylogenetic Assignment of Named Global Outbreak Lineages (Pangolin).,NA,2.0.0,2.0.0,added in V2.0.0,
engpapilomavirusGrp,eng,papilomavirusGrp,Papilomavirus Group,A group of measures/methods related to papilomaviruses.,Used to describe the organism information for general measures.,2.2.0,2.2.0,added in V2.2.0,
engpara,eng,para,Paraxanthine (PARA),"A metabolite of the common central nervous system stimulant caffeine, measred levels of paraxanthine have been found to be less affected by the genetic heterogeneity and population structure than caffeine is, and it may serve as a useful population biomarker in wastewater.",NA,2.2.0,2.2.0,added in V2.2.0,
engparafluGrp,eng,parafluGrp,Parainfluenza Group,A group of measures/methods related to parainfluenza viruses.,Used to describe the organism information for general measures.,2.2.0,2.2.0,added in V2.2.0,
engparapoxSpike,eng,parapoxSpike,Parapoxvirus Orf Virus Spike Target,parapoxvirus // Orf virus is used as the recovery efficiency control target.,NA,2.2.0,2.2.0,added in V2.2.0,
engparDatasetID,eng,parDatasetID,Parent dataset ID,The datasetID that is a parent to another datasetID. ,NA,2.0.0,2.0.0,added in V2.0.0,
engparent,eng,parent,Parent sample ID,If this sample has been pooled into one big sample for analysis this indicates the sample of the larger pooled sample.,NA,1.1.0,2.0.0,Replaced in V2 with approach to describe sample relationships that allows greater flexibility than soley parents.,
engparSiteID,eng,parSiteID,Parent Site ID,The siteID that is a parent to another siteID; usually the sub-site will be contained in the parentSite.,"An example would be surface testing in a LTC facility. The LTC facility would be the parentSiteID, and the various rooms/surfaces would be the sub-sites, or child-sites.",2.0.0,2.0.0,added in V2.0.0,
engpartDesc,eng,partDesc,Part description,The description of the part.,"Provides description of the part, used for tranlsation.",2.0.0,2.0.0,added in V2.0.0,
engpartID,eng,partID,eng_label,eng_descr,eng_instr,1.0.0,2.0.0,NA,
engpartInstr,eng,partInstr,Part instruction,Additional notes and instructions on how a part is used and/or defined.,NA,2.0.0,2.0.0,added in V2.0.0,
engparts,eng,parts,Parts Look-up table,Look up table containing all parts in of the data model.,"Contains all parts, including self-referential parts.",2.0.0,2.0.0,added in V2.0.0,
engpartsOrder,eng,partsOrder,Parts table column order,Order of headers in the Parts table.,NA,2.0.0,2.0.0,added in V2.0.0,
engpartsRequired,eng,partsRequired,Parts table required headers,Required headers in the Parts table.,NA,2.0.0,2.0.0,added in V2.0.0,
engpartSupport,eng,partSupport,Part Support,Parts designed to support the metadata definition of other parts in the parts table.,NA,2.0.0,2.0.0,added in V2.0.0,
engpartType,eng,partType,Part types,Part types describe the purpose or use of the part. ,"Enivornment data has three main part types: measure (i.e. covN1 viral measures, wasteawater flow rate, temperature), method (e.g. how the measure was taken), and attribute (such as a site name). See description of each of the part types within categorySetID = partTypeCatSets.",2.0.0,2.0.0,added in V2.0.0,
engpartTypeInput,eng,partTypeInput,Part type input (wide table),The partID for the part type being used in a wide name.,NA,2.2.0,2.2.0,added in V2.2.0,
engpartTypeName,eng,partTypeName,Part type name (wide table),The part type being used in a wide name.,NA,2.2.0,2.2.0,added in V2.2.0,
engpassiveGen,eng,passiveGen,Passive Sample - General,Used to specify a passive sampling method not otherwise specified was used to collect the sample.,NA,2.2.0,2.2.0,added in V2.2.0,
engpasteur,eng,pasteur,Pasteurized sample,Binary indicator for whether a sample was pasteurized as part of its processing.,NA,2.2.0,2.2.0,added in V2.2.0,
engpceDep,eng,pceDep,Primary Clarifier Effluent depreciated,Effluent obtained after primary clarifiers.,"Deprecated in version 2, please do not use. Duplicate of the sampleMat categories - refer to those.",1.0.0,2.0.0,"depreciated, site material like this is now captured in the sample table",
engpCode,eng,pCode,Postal or Zip Code,"The zip code or postal code for a given address, specifying a specifc geographic area.",NA,2.0.0,2.0.0,added in V2.0.0,
engpcr,eng,pcr,qPCR Class,Measures and methods relating to qPCR.,NA,2.0.0,2.0.0,added in V2.0.0,
engpcrAct,eng,pcrAct,PCR Action/Activity,Describes a given PCR cycle for delineating more method information.,NA,2.2.0,2.2.0,added in V2.2.0,
engpcrActSet,eng,pcrActSet,PCR action/activity set,The set capturing containing all of the valid methods for the PCR activity cycles.,NA,2.2.0,2.2.0,added in V2.2.0,
engpcrmeth,eng,pcrmeth,PCR method,Description of the PCR method.,Description of the PCR method used,1.0.0,2.0.0,description wording,
engpcrQualitySet,eng,pcrQualitySet,PCR quality set,Quality set for PCR measures.,NA,2.0.0,2.0.0,added in V2.0.0,
engpcrSeq,eng,pcrSeq,PCR Sequencing Selection Method,"Specifies the PCR selection method for sequencing, ie. that a pre-determined primer was used.",Primer should be specified if this is selected.,2.0.0,3.0.0,corrected part type to be categories rather than methods,
engpcrSet,eng,pcrSet,PCR Method set,The set capturing containing all of the valid methods for the PCR method.,NA,2.0.0,2.0.0,added in V2.0.0,
engpcs,eng,pcs,Primary Clarifier Sludge depreciated,Sludge produced by primary clarifiers.,NA,1.0.0,2.0.0,"depreciated, site material like this is now captured in the sample table",
engpEfflu,eng,pEfflu,Primary clarifier effluent,Effluent obtained after primary clarifiers,NA,1.0.0,2.0.0,NA,
engpeg,eng,peg,Polyethyleneglycol (PEG) precipitation,Peg precipitation,NA,2.0.0,2.0.0,"added in V2.0.0, added from NWSS",
engperc,eng,perc,Percent,Percentage.,NA,2.0.0,2.0.0,added in V2.0.0,
engpercRec,eng,percRec,Percent recovery,Percent of the surrogate recovery for a recovery efficiency control assay (as a unit).,Use this for reporting the results of any recovery control assay.,1.0.0,2.0.0,"description wording, structure",
engph,eng,ph,pH,pH measurement,NA,1.1.0,2.0.0,"description wording, structure",
engpha4geForm,eng,pha4geForm,PHA4GE Format,Dataset was originally recorded and/or stored in PHA4GE format.,NA,3.0.0,3.0.0,added in V3.0.0,
engphac,eng,phac,Access to phac,"If this is 'no', the data will not be available to employees of the Public Health Agency of Canada - PHAC. If missing, data will be available to employees of the Public Health Agency of Canada - PHAC.",NA,1.0.0,2.0.0,"depreciated, sharing moved to sharing schema",
engphage,eng,phage,PHAGE,PHAGE header,NA,2.0.0,2.0.0,added in V2.0.0,
engphageGrp,eng,phageGrp,Bacteriophage Group,A group of measures/methods related to bacteriophages.,Used to describe the organism information for general measures.,2.2.0,2.2.0,added in V2.2.0,
engphageNotes,eng,phageNotes,PHAGE - notes,PHAGE notes,NA,2.0.0,2.0.0,added in V2.0.0,
engpHClass,eng,pHClass,pH class,Measures and methods relating to pH.,NA,2.0.0,2.0.0,added in V2.0.0,
engphenCl,eng,phenCl,Phenol chloroform,Nucleic acid extraction performed using phenol chloroform.,NA,2.0.0,2.0.0,"added in V2.0.0, added from NWSS",
engphesODMFormV1,eng,phesODMFormV1,PHES-ODM Version 1 Format,Dataset was originally recorded and/or stored in PHES-ODM version 1 format.,NA,3.0.0,3.0.0,added in V3.0.0,
engphesODMFormV2,eng,phesODMFormV2,PHES-ODM Version 2 Format,Dataset was originally recorded and/or stored in PHES-ODM version 2 format.,NA,3.0.0,3.0.0,added in V3.0.0,
engphesODMFormV3,eng,phesODMFormV3,PHES-ODM Version 3 Format,Dataset was originally recorded and/or stored in PHES-ODM version 3 format.,NA,3.0.0,3.0.0,added in V3.0.0,
engphi6,eng,phi6,Pseudomonas virus phi6,Measure of the amount of pseudomonas virus phi6.,NA,2.0.0,2.0.0,added in V2.0.0,
engphi6Mat,eng,phi6Mat,phi6 spike target,Pseudomonas virus phi6is used as the recovery efficiency control target.,NA,2.0.0,2.0.0,added in V2.0.0,
engphone,eng,phone,Country national phone prefix,International dialing code for the country.,"Preprogrammed into dictionary tables, not editable by users.",2.1.0,2.1.0,added in V2.1.0,
engphos,eng,phos,Total phosphorous,Total phosphorous,NA,1.1.0,2.0.0,"description wording, structure",
engphostot,eng,phostot,Total Phosphates,Total phosphates,NA,1.1.0,2.0.0,"description wording, structure",
engphred,eng,phred,PHRED quality score,PHRED Quality Score For Sequencing,NA,2.0.0,2.0.0,added in V2.0.0,
engphy,eng,phy,Physical property,"A physical property or object not characterized by life or chemistry.	",NA,2.0.0,2.0.0,added in V2.0.0,
engphysical,eng,physical,Physical class,Measures and methods related to generic physical properties.,NA,2.0.0,2.0.0,added in V2.0.0,
engpK,eng,pK,Primary key,Primary key for a table. ,All report tables have a primary key. Each row in a report table has unique identifier recorded in the primary key. ,2.0.0,2.0.0,added in V2.0.0,
engplasmodium,eng,plasmodium,Plasmodium,Plasmodium,NA,2.2.0,2.2.0,added in V2.2.0,
engpmFloMean,eng,pmFloMean,PMMoV- and flow-normalized mean,Mean measure normalized to amount of PMMoV and wastewater flow.,"Mostly used for reporting specific alleles (N1, N2, E, etc.)",2.0.0,2.0.0,added in V2.0.0,
engpmmovGrp,eng,pmmovGrp,PMMoV Group,A group of measures/methods related to the Pepper Mild Mottle Virus (PMMoV).,Used to describe the organism information for general measures.,2.2.0,2.2.0,added in V2.2.0,
engpmmovNorm,eng,pmmovNorm,PMMoV-normalized mean,Mean measure normalized to amount of PMMoV.,"Mostly used for reporting specific alleles (N1, N2, E, etc.)",2.0.0,2.0.0,added in V2.0.0,
engpmmvABIFor,eng,pmmvABIFor,PMMV forward primer (ABI),PMMV forward primer (ABI),NA,2.2.0,2.2.0,added in V2.2.0,
engpmmvABIProbe,eng,pmmvABIProbe,PMMV probe (ABI),PMMV probe (ABI),NA,2.2.0,2.2.0,added in V2.2.0,
engpmmvABIRev,eng,pmmvABIRev,PMMV reverse primer (ABI),PMMV reverse primer (ABI),NA,2.2.0,2.2.0,added in V2.2.0,
engpo,eng,po,Polygon table Shorthand,The abbreviated short name used to reference the The table that contains information about the geometry of a geographic area.,table,2.2.2,2.2.2,added in V 2.2.2,
engpogr,eng,pogr,Post-Grit depreciated,Raw wastewater after a treatment plant's headworks.,NA,1.0.0,2.0.0,"depreciated, site material like this is now captured in the sample table",
engpoLic,eng,poLic,Polygon License,The license for the availability of the polygon shapefile.,NA,3.0.0,3.0.0,added in V3.0.0,
engpolicy,eng,policy,Policy and political sector or organization,Describes organizations whose core focus is on policy or political activity.,NA,2.2.0,2.2.0,added in V2.2.0,
engpolioGrp,eng,polioGrp,Poliovirus Group,A group of measures/methods related to polioviruses.,Used to describe the organism information for general measures.,2.2.0,2.2.0,added in V2.2.0,
engpolygonID,eng,polygonID,Polygon ID,Unique identifier for the polygon.,A polygon is a geographic are representing the capment area of an environmental sample.,1.0.0,2.0.0,"description wording, structure",
engpolygons,eng,polygons,Polygon table,The table that contains information about the geometry of a geographic area.,NA,1.0.0,2.0.0,"description wording, structure",
engpolygonsOrder,eng,polygonsOrder,Polygons table column order,Specifies the order of the columns in a Polygons table.,NA,2.0.0,2.0.0,added in V2.0.0,
engpolygonsRequired,eng,polygonsRequired,Polygon table required headers,Specifies the columns required in a Polygons table.,NA,2.0.0,2.0.0,added in V2.0.0,
engpolyPop,eng,polyPop,Polygon Population,"An attribute of a polygon, which specifies the population of that polygon. A rough estimate of the number of human residents.",NA,2.0.0,2.3.0,Updated to a measurement after being removed as a header in the polygons table.,
engpooled,eng,pooled,Pooled,"Is this a pooled sample, and therefore composed of multiple child samples obtained at different sites",NA,1.0.0,2.0.0,added in V2.0.0,
engpop,eng,pop,Population,An measure or observation for a geographic area or population. ,"Examples include human compartment measures such as case numbers, hospitalization rates for diseases or surface or air compartment measures such as snow coverage or ambient temperature.",1.0.0,2.0.0,added in V2.0.0,
engpopClass,eng,popClass,Population Class,"Measures and methods relating to population (ie. Measures of population, location).",NA,3.0.0,3.0.0,added in V3.0.0,
engpopDateTypeDep,eng,popDateTypeDep,Type of date for case reporting depreciated,"Type of date used for confirmed cases. Typically, report or episode are reported. Onset and test date is not usually reported within aggregate data.",NA,1.0.0,2.0.0,depreciated,
engpopEq,eng,popEq,Population equivalents,"A unit for measuring of design capacity for wastewater treatment plants, represented as the approximate amount of water a signle person would use.",NA,1.0.0,2.0.0,"description wording, structure; github issue #123",
engpopGrp,eng,popGrp,Population group,A group of measures/methods related to population-level factors.,"Examples might be case numbers, hospitalization rates, etc.",2.0.0,2.0.0,added in V2.0.0,
engpopServ,eng,popServ,Population Served,"An measure of a site, which specifies the population of/population served by a given site. ",NA,2.0.0,2.3.0,Updated to a measurement after being removed as a header in the sites table.,
engpopulationUnitSet,eng,populationUnitSet,Population unit set,Unit set for hospital-related measurements.,NA,2.0.0,2.0.0,added in V2.0.0,
engport,eng,port,Port or Harbour,A harbor is any sheltered body of water where boats or ships may moor or anchor. A port is an installation that has been built around a harbor with facilities for loading and unloading such vessels.,NA,2.2.3,2.2.3,added in v2.2.3,
engpoSaSpecimenSet,eng,poSaSpecimenSet,Population or sample set,A specimen set that inculdes population or sample specimen.,NA,2.0.0,2.0.0,added in V2.0.0,
engpoSiSpecimenSet,eng,poSiSpecimenSet,Population or site set,A specimen set that inculdes population or site specimen.,NA,2.0.0,2.0.0,added in V2.0.0,
engpoSpecimenSet,eng,poSpecimenSet,Population specimen set,A specimen set that inculdes only a population specimen.,NA,2.0.0,2.0.0,added in V2.0.0,
engpostgreSQL,eng,postgreSQL,PostgreSQL License,The licensing for the measure or data set is managed under the PostgreSQL License.,NA,2.2.0,2.2.0,added in V2.2.0,
engpp,eng,pp,Percent positive,Percent positive of sample measures.,"Can use for Moore swabs, etc.",1.0.0,2.0.0,description wording.,
engppm,eng,ppm,parts per million,Parts per million.,NA,1.0.0,2.0.0,description wording.,
engppmv,eng,ppmv,PMMoV-CP,Pepper mild mottle virus capsid protein gene region,NA,1.0.0,2.0.0,"description wording, structure",
engpprt,eng,pprt,Percent positivity rate,Percent positivity rate of tests conducted within a day in a given region.,NA,1.0.0,2.0.0,now a unit for any group or biologic infection,
engpps,eng,pps,Percent primary sludge,"Percentage of total solids, for primary sludge.",NA,1.0.0,2.0.0,description wording.,
engpr,eng,pr,Protocol relationships table Shorthand,"The abbreviated short name used to reference the The table that contains the organizational information and details (such as order) about a given protocol, recorded as a series of protocol steps (protocolSteps). ",table,2.2.2,2.2.2,added in V 2.2.2,
engprecipitation,eng,precipitation,Precipitation class,Measures and methods related to precipitation.,NA,2.0.0,2.0.0,added in V2.0.0,
engprecipitationUnitSet,eng,precipitationUnitSet,Precipitation unit set,Unit set for percipitation measurements.,NA,2.0.0,2.0.0,added in V2.0.0,
engpreConcTemp,eng,preConcTemp,Storage temperature prior to concentration,The temperature at which a sample was stored between collection and concentration.,NA,2.2.0,2.2.0,added in V2.2.0,
engpreConcTime,eng,preConcTime,Storage time prior to concentration,Length of time for which a sample is stored between collection and concentration.,NA,2.2.0,2.2.0,added in V2.2.0,
engpreExtractTemp,eng,preExtractTemp,Storage temperature prior to extraction,The temperature at which a sample was stored between concentration and extraction.,NA,2.2.0,2.2.0,added in V2.2.0,
engpreExtractTime,eng,preExtractTime,Storage time prior to extraction,Length of time for which a sample is stored between concentration and extraction.,NA,2.2.0,2.2.0,added in V2.2.0,
engpretreat,eng,pretreat,Pretreatment,Was the sample chemically treated in anyway with the addition of stabilizers or other,Pretrement method can be describe using a method. See methodID.,1.0.0,2.0.0,NA,
engprimer,eng,primer,Genetic primer,Method ID used for indicating the primer used for a PCR or sequencing assay.,NA,2.0.0,2.0.0,added in V2.0.0,
engprimerSet,eng,primerSet,Genetic primer set,The set for genetic primers used in sequencing or PCR assays.,NA,2.0.0,2.0.0,added in V2.0.0,
engpriv,eng,priv,Private sector,The category of organization type used for private sector or non-profit groups that are not otherwise captured by the academic category.,NA,2.0.0,2.0.0,added in V2.0.0,
engprivate,eng,private,Private data - not for disemination,The measure or data set is  private data - not for disemination.,NA,2.2.0,2.2.0,added in V2.2.0,
engpro,eng,pro,Protocols table Shorthand,The abbreviated short name used to reference the the table that contains the summary information and details about a given protocol. ,table,2.2.2,2.2.2,added in V 2.2.2,
engprocGrp,eng,procGrp,Processing group,A group of measures/methods related to processing samples for analysis.,NA,2.0.0,2.0.0,added in V2.0.0,
engprogramDescr,eng,programDescr,Program decription tables,Tables used to describe surveillance and testing programs.,"Program description tables record metadata on the organizations, locations, and protocols. Information include the name, location, and other contact information.These tables are usually completed once and they are updated only when contact information changes.",2.0.0,2.0.0,added in V2.0.0,
engpromAuto,eng,promAuto,promega automated tna kit,Nucleic acid extraction performed using the promega automated tna kit.,NA,2.0.0,2.0.0,"added in V2.0.0, added from NWSS",
engpromegaLVTNA,eng,promegaLVTNA,promega wastewater large volume tna capture kit,promega wastewater large volume tna capture kit,NA,2.2.0,2.2.0,added in V2.2.0,
engpromHt,eng,promHt,promega ht tna kit,Nucleic acid extraction performed using the promega ht tna kit.,NA,2.0.0,2.0.0,"added in V2.0.0, added from NWSS",
engpromManu,eng,promManu,promega manual tna kit,Nucleic acid extraction performed using the promega manual tna kit.,NA,2.0.0,2.0.0,"added in V2.0.0, added from NWSS",
engpromWW,eng,promWW,promega wastewater large volume tna capture kit,Nucleic acid extraction performed using the promega wastewater large volume tna capture kit.,NA,2.0.0,2.0.0,"added in V2.0.0, added from NWSS",
engprop,eng,prop,Proportion of total,Proportion as a precent of total.,NA,1.0.0,2.0.0,description wording.,
engpropV,eng,propV,Proportion of variant in sample,Proportion of a variant as percent of total variants.,NA,1.1.0,2.0.0,description wording.,
engprotein,eng,protein,Proteins class,Measures and methods related to proteins.,NA,2.0.0,2.0.0,added in V2.0.0,
engprotocolID,eng,protocolID,Protocol ID,A unique identifier for a given protocol.,NA,2.0.0,2.0.0,added in V2.0.0,
engprotocolIDContainer,eng,protocolIDContainer,Protocol ID container,Unique identifier for the protocol and the steps and other protocols that make it up.,Protocol ID Container in popuated by a protocolID (partID = protocolID),2.0.0,2.0.0,added in V2.0.0,
engprotocolIDObj,eng,protocolIDObj,Protocol ID object,"The object of the relationship between one protocol and another protocol or step, within a given protocol ID container.","Populate this field using Protocol ID (partID = protocolID). Together with `protocolIDSub` or `stepIDSub` and `relationshipID`, the protocol relationship is defined as: [protocolIDSubject or stepIDSubject]  [relationshipID] [protocolIDObject or stepIDObject]. Ex: stepIDSubject  precedes protocolIDObject.",2.0.0,2.0.0,added in V2.0.0,
engprotocolIDSub,eng,protocolIDSub,Protocol ID subject,"The subject of the relationship between one protocol and another protocol or step, within a given protocol ID container.",Populate this field using Protocol ID (partID = protocolID). Together with `protocolIDObj` or `stepIDObj` and `relationshipID` the row of `protocolRelationships` should say: [protocolIDSubject or stepIDSubject]  [relationshipID] [protocolIDObject or stepIDObject]. Ex: stepIDSubject  precedes protocolIDObject.,2.0.0,2.0.0,added in V2.0.0,
engprotocolRelationships,eng,protocolRelationships,Protocol relationships table,"The table that contains the organizational information and details (such as order) about a given protocol, recorded as a series of protocol steps (protocolSteps). ","Protocols are a group of related protocol steps. For example a protocol step can describe a sample concentration, extraction, inhibition or a measurement. Protocols can include both methodID (a proceedure) and measureIDs (a measure). An example of a method is centrifugation; where the centriguation rotation speed is described as a measure.",2.0.0,2.0.0,added in V2.0.0,
engprotocolRelationshipsID,eng,protocolRelationshipsID,Synthetic ID for the protocolRelationships table,"A unique, autoincremental ID generated to produce a unique identifier and primary key for each row of the protocolRelationships table.",NA,2.2.0,2.2.0,added in V2.2.0,
engprotocolRelationshipsOrder,eng,protocolRelationshipsOrder,Protocol relationships table column order,Specifies the order of the columns in the Protocol Organization table.,NA,2.0.0,2.0.0,added in V2.0.0,
engprotocolRelationshipsRequired,eng,protocolRelationshipsRequired,Protocol Relationship table required headers,Specifies the columns required in the Protocol Organization table.,NA,2.0.0,2.0.0,added in V2.0.0,
engprotocolRelSet,eng,protocolRelSet,Protocol Relationships set,set for valid values of relationshipID in the protocolRelationships table.,Use only for protocolRelationships table relationshipID.,2.0.0,2.0.0,added in V2.0.0,
engprotocols,eng,protocols,Protocols table,The table for protocols.,NA,2.0.0,2.0.0,added in V2.0.0,
engprotocolsOrder,eng,protocolsOrder,Protocols table column order,Specifies the order of the columns in the Protocols table.,NA,2.0.0,2.0.0,added in V2.0.0,
engprotocolsRequired,eng,protocolsRequired,Protocols table required headers,Specifies the columns required in the Protocols table.,NA,2.0.0,2.0.0,added in V2.0.0,
engprotocolSteps,eng,protocolSteps,Protocol steps table,"The table for collecting metadata on individual steps in a protocol, methodological process, or assay.",NA,1.0.0,2.0.0,"updated from assay method into 2 tables, restructured.",
engprotocolStepsOrder,eng,protocolStepsOrder,Protocol steps table column order,Specifies the order of the columns in a Protocol Steps table.,NA,2.0.0,2.0.0,added in V2.0.0,
engprotocolStepsRequired,eng,protocolStepsRequired,Protocol steps table required headers,Specifies the columns required in a Protocol Steps table.,NA,2.0.0,2.0.0,added in V2.0.0,
engprotocolTableSet,eng,protocolTableSet,Protocol table set,Tables holding information on the methods used for sample collection or measurement.,NA,2.0.0,2.0.0,added in V2.0.0,
engprotocolVersion,eng,protocolVersion,Protocol version,Specifies the version of a method set.,Version of the method set. Semantic versioning is recommended.,2.0.0,2.0.0,added in V2.0.0,
engprovHA,eng,provHA,Access to prov ha,"If this is 'no', this data will not be available to provincial health authorities. If missing, data will be available to provincial health authorities.",NA,1.0.0,2.0.0,"depreciated, sharing moved to sharing schema.",
engprovisional,eng,provisional,Provisional report,A provisional or interm report.,Use for measurement that are not yet finalized. Typically this purpose is not publicly reported. ,2.0.0,2.0.0,added in V2.0.0,
engps,eng,ps,Protocol steps table Shorthand,"The abbreviated short name used to reference the The table for collecting metadata on individual steps in a protocol, methodological process, or assay.",table,2.2.2,2.2.2,added in V 2.2.2,
engpseudomonas,eng,pseudomonas,Pseudomonas,Pseudomonas,NA,2.2.0,2.2.0,added in V2.2.0,
engpseudomonasGrp,eng,pseudomonasGrp,Pseudomonas Group,A group of measures/methods related to pseudomonas bacteria.,Used to describe the organism information for general measures.,2.2.0,2.2.0,added in V2.2.0,
engpSludge,eng,pSludge,Primary clarifier sludge,Sludge produced by primary clarifiers,NA,1.0.0,2.0.0,NA,
engpStat,eng,pStat,Pumping station,Pumping station,NA,1.0.0,2.0.0,"description wording, structure",
engpstGrit,eng,pstGrit,Post-grit,Raw wastewater after a treatment plant's headworks (post grit or removal of large solids at a treatment plant but priort to a primary clarifier),NA,1.0.0,2.0.0,NA,
engptDescDep,eng,ptDescDep,Pretreatment description -  depreciated,If preTreatment then describe the treatment that was performed.,"Deprecated in version 2, please do not use. Use pretreatment methodID and specify further in summary and/or notes, if necessary.",1.0.0,2.0.0,"depreciated, absorbed into more general ""description"" part",
engptot,eng,ptot,Number of positive tests,Number of positive tests conducted within a day in a given region.,NA,1.0.0,2.0.0,now a unit for any group or biologic infection,
engpubHealth,eng,pubHealth,Public health agency,Public health agency.,NA,2.0.0,2.0.0,added in V2.0.0,
engpublic,eng,public,Access to public,"If this is 'no', this data will not be available to the public. If missing, data will be available to the public.",NA,1.0.0,2.0.0,"depreciated, sharing moved to sharing schema.",
engpuro,eng,puro,Puro virus,Measure of the amount of puro virus.,NA,2.0.0,2.0.0,added in V2.0.0,
engpuroMat,eng,puroMat,Puro virus spike target,Puro Virus is used as the recovery efficiency control target.,NA,2.0.0,2.0.0,added in V2.0.0,
engpurpose,eng,purpose,Purpose,The reason the measure or sample was taken.,"See allowed categories: report, quality control, validation study, test",2.0.0,2.0.0,NA,
engpurposeSet,eng,purposeSet,Purpose set,Purpose set for a sample or measure.,NA,2.0.0,2.0.0,added in V2.0.0,
engpv2,eng,pv2,Poliovirus type 2,Poliovirus type 2,NA,2.2.0,2.2.0,added in V2.2.0,
engq19e,eng,q19e,q19e omicron-variant gene target,q19e omicron-variant mutation gene target,NA,2.0.0,2.0.0,added in V2.0.0,
engq493r,eng,q493r,q493r omicron-variant gene target,q493r omicron-variant mutation gene target,NA,2.0.0,2.0.0,added in V2.0.0,
engq498r,eng,q498r,q498r omicron-variant gene target,q498r omicron-variant mutation gene target,NA,2.0.0,2.0.0,added in V2.0.0,
engq954h,eng,q954h,q954h omicron-variant gene target,q954h omicron-variant mutation gene target,NA,2.0.0,2.0.0,added in V2.0.0,
engqaqc,eng,qaqc,Quaility assurance method,Quality assurance and quality control method.,Description of the quality control steps taken,1.0.0,2.0.0,"description wording, deprecated",
engqf1,eng,qf1,Quality concerns,"A flag to indicate there is a quality concern, not otherwise sepcified.",NA,1.0.0,2.0.0,added in V2.0.0,
engqgDNARNA,eng,qgDNARNA,qiagen allprep dna/rna kit,Nucleic acid extraction performed using the qiagen allprep dna/rna kit.,NA,2.0.0,2.0.0,"added in V2.0.0, added from NWSS",
engqgDpcr,eng,qgDpcr,qiagen digital PCR,Describes a PCR analysis done using Qiagen's digital PCR technology.,NA,2.0.0,2.0.0,added in V2.0.0,
engqgEz1,eng,qgEz1,qiagen ez1 virus mini kit v2.0,Nucleic acid extraction performed using the qiagen ez1 virus mini kit v2.0.,NA,2.0.0,2.0.0,"added in V2.0.0, added from NWSS",
engqgPwrFecal,eng,qgPwrFecal,qiagen allprep powerfecal dna/rna kit,Nucleic acid extraction performed using the qiagen allprep powerfecal dna/rna kit.,NA,2.0.0,2.0.0,"added in V2.0.0, added from NWSS",
engqgPwrViral,eng,qgPwrViral,qiagen allprep powerviral dna/rna kit,Nucleic acid extraction performed using the qiagen allprep powerviral dna/rna kit.,NA,2.0.0,2.0.0,"added in V2.0.0, added from NWSS",
engqgPwrWtr,eng,qgPwrWtr,qiagen powerwater kit,Nucleic acid extraction performed using the qiagen powerwater kit.,NA,2.0.0,2.0.0,"added in V2.0.0, added from NWSS",
engqgQiAmp,eng,qgQiAmp,qiagen qiaamp buffers with epoch columns,Nucleic acid extraction performed using the qiagen qiaamp buffers with epoch columns.,NA,2.0.0,2.0.0,"added in V2.0.0, added from NWSS",
engqgRneasy,eng,qgRneasy,qiagen rneasy kit,Nucleic acid extraction performed using the qiagen rneasy kit.,NA,2.0.0,2.0.0,"added in V2.0.0, added from NWSS",
engqgRneasyPwr,eng,qgRneasyPwr,qiagen rneasy powermicrobiome kit,Nucleic acid extraction performed using the qiagen rneasy powermicrobiome kit.,NA,2.0.0,2.0.0,"added in V2.0.0, added from NWSS",
engqiAllprep,eng,qiAllprep,qiagen allprep dna/rna kit,qiagen allprep dna/rna kit,NA,2.2.0,2.2.0,added in V2.2.0,
engqiampDSP,eng,qiampDSP,qiagen qiaamp dsp viral rna mini kit,qiagen qiaamp dsp viral rna mini kit,NA,2.2.0,2.2.0,added in V2.2.0,
engqpcr,eng,qpcr,Quantitative Real-Time PCR,"Real-time PCR, also called 'quantAggScale' PCR",NA,2.0.0,2.0.0,added in V2.0.0,
engqr,eng,qr,Quality reports table Shorthand,The abbreviated short name used to reference the The table for recording the various quality metrics and indicators for samples and measures.,table,2.2.2,2.2.2,added in V 2.2.2,
engqualAggScale,eng,qualAggScale,Qualitative,The qualitative aggregation scale.,NA,2.0.0,2.0.0,added in V2.0.0,
engqualityControl,eng,qualityControl,Quality control,A measure or sample taken for the purpose of quality control.,Measures with this category are take to assess quality control.,2.0.0,2.0.0,added in V2.0.0,
engqualityFlag,eng,qualityFlag,Quality flag,A field for reporting any quality concerns - of lack thereof - for a sample or measure.,Types of quality flag vary on context; please see the qulaityFlagSet to be confirm.,2.0.0,2.0.0,added in V2.0.0,
engqualityIndicators,eng,qualityIndicators,Quality indicators,A measure of the quality of a reported value or sample.,Only used for the dictionary entries of parts.,2.0.0,2.0.0,added in V2.0.0,
engqualityIndSet,eng,qualityIndSet,Quality Indicator Set Header,The quality set that corresponds to a given part. Only applicable for samples and measures.,NA,2.0.0,2.0.0,added in V2.0.0,
engqualityIndSets,eng,qualityIndSets,Quality indicator sets,"Sets of quality indicators or measures. For example, PCR have a quality measure set.",NA,2.0.0,2.0.0,added in V2.0.0,
engqualityReportID,eng,qualityReportID,Quality report ID,A unique identifier for a given quality report.,NA,2.0.0,2.0.0,added in V2.0.0,
engqualityReports,eng,qualityReports,Quality reports table,The table for recording the various quality metrics and indicators for samples and measures.,NA,2.0.0,2.0.0,added in V2.0.0,
engqualityReportsOrder,eng,qualityReportsOrder,Quality rerpots table column order,Specifies the order of the columns in the Quality Reports table.,NA,2.0.0,2.0.0,added in V2.0.0,
engqualityReportsRequired,eng,qualityReportsRequired,Quality report table required headers,Specifies the columns required in the Quality Reports table.,NA,2.0.0,2.0.0,added in V2.0.0,
engquantAggScale,eng,quantAggScale,Quantitative,"The ""quantAggScale"" aggregation scale.",NA,2.0.0,2.0.0,added in V2.0.0,
engr2,eng,r2,R squared,R-squared value of the calibration curve.,"Used for storing calibration curve information, potentially also applicable for other curve types.",2.0.0,2.0.0,added in V2.0.0,
engr203m,eng,r203m,r203m delta-variant gene target,r203m delta-variant mutation gene target,NA,2.0.0,2.0.0,added in V2.0.0,
engr346t,eng,r346t,R346T Mutation,The FLiRT/SLip variant mutation R346T.,NA,2.2.0,2.2.0,added in V2.2.0,
engrainDpcr,eng,rainDpcr,Raindance digital PCR,Describes a PCR analysis done using Raindance's digital PCR technology.,NA,2.0.0,2.0.0,added in V2.0.0,
engrainy,eng,rainy,Rainy,"Qualitative category for the weather measure, specifying a rainy day.",NA,2.0.0,2.0.0,"added in V2.0.0, github issue #124 and #204",
engranSeq,eng,ranSeq,Random sequencing selection method,Specifies the random selection method for sequencing,No primer set should be used if this is selected.,2.0.0,2.0.0,added in V2.0.0,
engratio,eng,ratio,Ratio,Ratio (unitless),Report as a real number or fration. i.e 10:2 ratio is reported as 5. The specifics of the ratio (the numerator and the demoninator) are described in the measure.,2.0.0,2.0.0,added in V2.0.0,
engraws,eng,raws,Raw wastewater,Raw wastes water sample,NA,1.0.0,2.0.0,NA,
engrawWW,eng,rawWW,Raw sewage at site,Wastewater without any form of treatment,NA,1.0.0,2.0.0,NA,
engrawWWdown,eng,rawWWdown,Raw sewage downstream from a site,Downstream from a site. See partType = rawWWup.,NA,2.0.0,2.0.0,added in V2.0.0,
engrawWWup,eng,rawWWup,Raw sewage upstream from a site,"Upstream from a site. Used when there is not direct access to a site's wastewater inconjuctiion with downstream sample. For example, if the site is a long-term care home, but ther is not access to the building or property cleanout. Use two sameple, one sample upstream and one sample downstream.",NA,2.0.0,2.0.0,added in V2.0.0,
engrdrpIP2,eng,rdrpIP2,IP2 rdrp sars-cov-2 gene target,IP2 rdrp sars-cov-2 gene target,NA,2.0.0,2.0.0,added in V2.0.0,
engrdrpIP4,eng,rdrpIP4,IP4 rdrp sars-cov-2 gene target,IP4 rdrp sars-cov-2 gene target,NA,2.0.0,2.0.0,added in V2.0.0,
engrecDate,eng,recDate,Date sample recieved,The date the sample was received at the laboratory for analysis.,NA,2.0.0,2.0.0,"added in V2.0.0, Update in line with Github Issue #211",
engrecov,eng,recov,Recovered patients,Units for describing a population measure of patients who have recovered from a given disease.,Unit for a population or disease measure to explain population-level clinical effects.,2.0.0,2.0.0,added in V2.0.0,
engrefLink,eng,refLink,Reference link,"Link to the reference material for a part. May link to literature on a method, measure, etc.","Link to standard operating procedure for a measure or part. Part reference is a reference to a technical document that describes the part in detail. The reference could be a URL, DOI, or reference to a techincal report.",1.0.0,2.0.0,"description wording, structure",
engregular,eng,regular,Regular Pathogen Surveillance,A measure or sample taken for surveillance or epidemiology.,A 'regular' measure is the default. Missing data will be recoded to this purpose.,2.0.0,2.0.0,added in V2.0.0,
engregularReportTableSet,eng,regularReportTableSet,Regular reports table set,Tables used for daily reporting of new measurements and information on sample collection.,NA,2.0.0,2.0.0,added in V2.0.0,
engrelationshipID,eng,relationshipID,Relationship between entities,Attribute for specifying the relationship between a sample subject and object.,"Together with `sampleIDSubject` and `sampleRelID`, a row of the `sampleRelationships` should say: [sampleIDSubject] is a [sampleID] of [sampleIDObject]",2.0.0,2.0.0,added in V2.0.0,
engrelDateEnd,eng,relDateEnd,Measure relevance end date,The end date of the relevancy period of a measure - mostly for time-varrying metrics for sites or polygons.,NA,2.3.0,2.3.0,added in V2.3.0,
engrelDateStart,eng,relDateStart,Measure relevance start date,The start date of the relevancy period of a measure - mostly for time-varrying metrics for sites or polygons.,NA,2.3.0,2.3.0,added in V2.3.0,
engrelHum,eng,relHum,Relative humidity,"The unit of relative humidity, or the air-water mixture. The ratio of the partial pressure of water vapor in the mixture to the equilibrium vapor pressure of water over a flat surface. of pure water at a given temperature.",NA,2.0.0,2.0.0,"added in V2.0.0, github issue #124 and #204",
engrelHumidUnitSet,eng,relHumidUnitSet,Relative humidity unit set,Unit set for relative humidity measurements.,NA,2.0.0,2.0.0,added in V2.0.0,
engrelNR,eng,relNR,Relationship Not Reported,"A relationship ID used in relationship tables across the ODM when two entities are related or connected in some way, but the actual nature of that relationship is not clear or reported.",This is mostly used when mapping data from other data formats wherein protocol relationships (for example) do not report clear temporal relationships or order to method steps.,3.0.0,3.0.0,added in V3.0.0,
engrelSet,eng,relSet,General Relationship Set,set for valid values of relationshipID across all fields and tables.,NA,2.2.3,2.2.3,added in v 2.2.3,
engrepGrab,eng,repGrab,Representative grab sample,A single large representative grab sample.,"Deprecated in version 2, please do not use.",1.0.0,2.0.0,depreciated,
engreplicateSet,eng,replicateSet,Replicate Type set,The set for storing valid categorical values of replicate type.,NA,2.0.0,2.0.0,added in V2.0.0,
engrepNum,eng,repNum,replicate number,The replicate number for a Ct or Cq value - used for specifying out a protocol standard curve.,"Only applies and used for aggregated standard curves, or curves that are used across multiple plates. Otherwise, these details can be captured in a measure report and specified by measure index.",2.0.0,2.0.0,added in V2.0.0,
engrepOrg1,eng,repOrg1,Primary reporting authority ID,"The primary or most responsible authority for rountine surveillance reports or findings, or where the site is located. ","Use the `organizations` table to describe attributes such as the name and address of the organziation. Use `orgType`, `orgLevel` and `orgSector` to describe additional attributes. For example,whether the organization is a government agency (`orgType`), local (`orgLevel`), or public health (`orgSector). If the attributes are not specified, the default is version 1.1.0 `publicHealthDepartment` defined as 'The public health department or region where the site is located. See also `healthReg` if there is a separate regional health care delivery authority.`",1.1.0,2.0.0,"description wording, structure",
engrepOrg2,eng,repOrg2,Secondary reporting authority ID,"The secondary, additional or alternative authority for rountine surveillance reports or findings, or where the site is located. ","Use the `organizations` table to describe attributes such as the name and address of the organziation. Use `orgType`, `orgLevel` and `orgSector` to describe additional attributes. For example,whether the organization is a government agency (`orgType`), local (`orgLevel`), or public health (`orgSector). If the attributes are not specified, the default is version 1.1.0 `healthRegion`, The health planning authority where is site is located. defined as 'The public health department or region where the site is located.'",1.1.0,2.0.0,"description wording, structure",
engreportable,eng,reportable,Reportable,"Flag for whether a measure is reportable or not, based on confidence in the measure and methods applied.",NA,2.0.0,2.1.0,added in V2.0.0,
engreportDate,eng,reportDate,Report date,The date a measure was reported.,This date is the first date the laboratory or enity reported the measure findings to the public health or other enity who ordered the measure or is responsible for action. Use the analyses end date if the measure is part of a research study or other purpose that does not have a reporting entity.,1.0.0,2.0.0,"description wording, structure",
engreporterIDDep,eng,reporterIDDep,Reporter ID depreciated,Unique identifier for the person or organization that is reporting the data.,NA,1.1.0,2.0.0,changed to contactID,
engreportersDep,eng,reportersDep,Reporter table depreciated,"The table that contains information about a reporter of a sample, method, measure, or attribute.",NA,1.0.0,2.0.0,depreciated,
engreportTableInput,eng,reportTableInput,Report table input (wide table),The short name for the listed source table.,NA,2.2.0,2.2.0,added in V2.2.0,
engreportTableName,eng,reportTableName,Report table name (wide table),The report table that the wide name calls from.,NA,2.2.0,2.2.0,added in V2.2.0,
engrepType,eng,repType,Replicate Type,"Attirbute of a sample, specifying whether the sample is unique, or a replicate. And if it is a replicate, what type of replicate is it?",NA,2.0.0,2.0.0,"added in V2.0.0, GitHub issue #94",
engresCosca,eng,resCosca,Resuspend COSCa filter collection,Nucleic acid extraction via resuspension of a sample collected using the COSCa ball method.,See partID = cosca for additional details.,2.0.0,2.0.0,added in V2.0.0,
engresearch,eng,research,Research sector or organization,Describes organizations whose focus is on research generation.,NA,2.2.0,2.2.0,added in V2.2.0,
engrestrict,eng,restrict,Restricted data,Missing data is witheld because it is restricted access.,"Missing value indicator for data that has been classified as resiticted, and not for sharing.",3.0.0,3.0.0,added in V3.0.0,
engresults,eng,results,Results tables,"Tables used to record samples, measures and quality reports.",These tables are updated whenever a new sample is taken or a measure is reported. Quality reports are used to report quality assurance and quality control for samples and measures. ,2.0.0,2.0.0,added in V2.0.0,
engresuspension,eng,resuspension,Resuspension method,Describes the method used for resuspending material.,NA,2.2.0,2.2.0,added in V2.2.0,
engresusSet,eng,resusSet,Resuspension method set,The set to describe valid categorical values for the resuspension method.,NA,2.2.0,2.2.0,added in V2.2.0,
engretainedElement,eng,retainedElement,Retained Element,"The element retained after centrifugation, filtration, solid separation, etc.",NA,2.2.0,2.2.0,added in V2.2.0,
engretElSet,eng,retElSet,Retained Element Set,The set for enumerating the valid possible values of the retained element method.,NA,2.2.0,2.2.0,added in V2.2.0,
engretPond,eng,retPond,Retention pond,Retention pond,NA,1.0.0,2.0.0,"description wording, structure",
engrickettsia,eng,rickettsia,Rickettsia,Rickettsia,NA,2.2.0,2.2.0,added in V2.2.0,
engrickettsiaGrp,eng,rickettsiaGrp,Rickettsia Group,A group of measures/methods related to ricketsia parasites.,Used to describe the organism information for general measures.,2.2.0,2.2.0,added in V2.2.0,
engriver,eng,river,"River, natural water body","River, natural water body",NA,1.0.0,2.0.0,"description wording, structure",
engrna,eng,rna,RNA Template,Ribonucleic Acid (RNA) template is used for PCR or sequencing work.,NA,2.0.0,2.0.0,added in V2.0.0,
engrnaseP,eng,rnaseP,Ribonuclease P (RNase P),Ribonuclease P (RNase P) (usually measured as a human fecal indicator),NA,2.2.0,2.2.0,added in V2.2.0,
engrole,eng,role,Role of contact,Specifies the organizational role of a given contact.,NA,2.0.0,2.0.0,added in V2.0.0,
engrotavirus,eng,rotavirus,Rotavirus,Rotavirus,NA,2.2.0,2.2.0,added in V2.2.0,
engrotavirusGrp,eng,rotavirusGrp,Rotavirus Group,A group of measures/methods related to rotaviruses.,Used to describe the organism information for general measures.,2.2.0,2.2.0,added in V2.2.0,
engrP100,eng,rP100,"Rate per 100,000","Units for describing a population measure of a rate of case incidence per 100,000 people of a given disease.",Unit for a population or disease measure to explain population-level clinical effects.,2.0.0,2.0.0,added in V2.0.0,
engrpm,eng,rpm,Revolutions per minute (RPM),"RPM stands for ""Revolutions per minute."" This is how centrifuge manufacturers generally describe how fast the centrifuge is going. The rotor, regardless of its size, is revolving at that rate.",NA,2.2.0,2.2.0,added in V2.2.0,
engrppw,eng,rppw,Raw post-pasteurized wastewater,Raw wastewater sample post-pasteurization,NA,1.0.0,2.0.0,NA,
engrsvAB,eng,rsvAB,Respiratory syncytial virus A and B combined,Human Respiratory Syncytial Virus Type A (RSV A) and Type B (RSV B).,NA,2.1.0,2.1.3,added in V2.1.0,
engrsvAMe,eng,rsvAMe,Respiratory syncytial virus A,Human Respiratory Syncytial Virus Type A (RSV A).,Refer to Group = `rsv` and `rsv` for measure that are apply to either RSV A or RSV B. ,2.1.0,2.1.3,added in V2.1.0,
engrsvB,eng,rsvB,Respiratory syncytial virus B,Human Respiratory Syncytial Virus Type B (RSV B).,Refer to Group = `rsv` and `rsv` for measure that are apply to either RSV A or RSV B. ,2.1.0,2.1.3,added in V2.1.0,
engrsvGrp,eng,rsvGrp,Respiratory syncytial virus (RSV) Group,Human Respiratory Syncytial virus (RSV).,"Refer to Group = `rsvA` and `rsvB` for measure that are specific to RSV A or RSV B, respectively. ",2.0.0,2.1.2,added in V2.0.0,
engrsvMe,eng,rsvMe,Respiratory syncytial virus,"Human Respiratory Syncytial virus (RSV), generic measure.","Refer to Group = `rsvA` and `rsvB` for measure that are specific to RSV A or RSV B, respectively. ",2.0.0,2.1.2,added in V2.0.0,
engrsvN,eng,rsvN,RSV N-gene,"Human Respiratory syncytial Virus, N-gene region.",NA,2.1.3,2.1.3,added in V2.1.3,
engrt,eng,rt,reverse transcription,Describes the reverse transcription cycle in a PCR process.,NA,2.2.0,2.2.0,added in V2.2.0,
engrubella,eng,rubella,Rubella,Rubella,NA,2.2.0,2.2.0,added in V2.2.0,
engrubellaGrp,eng,rubellaGrp,Rubella Group,A group of measures/methods related to the rubella virus.,Used to describe the organism information for general measures.,2.2.0,2.2.0,added in V2.2.0,
engs2083i,eng,s2083i,s2083i omicron-variant gene target,s2083i omicron-variant mutation gene target,NA,2.0.0,2.0.0,added in V2.0.0,
engs371l,eng,s371l,s371l omicron-variant gene target,s371l omicron-variant mutation gene target,NA,2.0.0,2.0.0,added in V2.0.0,
engs373p,eng,s373p,s373p omicron-variant gene target,s373p omicron-variant mutation gene target,NA,2.0.0,2.0.0,added in V2.0.0,
engs375f,eng,s375f,s375f omicron-variant gene target,s375f omicron-variant mutation gene target,NA,2.0.0,2.0.0,added in V2.0.0,
engs477n,eng,s477n,s477n omicron-variant gene target,s477n omicron-variant mutation gene target,NA,2.0.0,2.0.0,added in V2.0.0,
engsa,eng,sa,Sample,A measure made on a compartment or property from a sample of a substance.,NA,2.0.0,2.0.0,added in V2.0.0,
engsalmonella,eng,salmonella,Salmonella,Salmonella,NA,2.2.0,2.2.0,added in V2.2.0,
engsalmonellaGrp,eng,salmonellaGrp,Salmonella Group,A group of measures/methods related to salmonella bacteria.,Used to describe the organism information for general measures.,2.2.0,2.2.0,added in V2.2.0,
engsaMaterial,eng,saMaterial,Sample material,Type of sample.,NA,1.0.0,2.0.0,description wording additional categories added (from NWSS),
engsamConc,eng,samConc,Sample concentrate,Sample concentrate.,NA,1.0.0,2.0.0,NA,
engsampleID,eng,sampleID,Sample ID,Unique identifier for a sample.,Suggestion:siteID-date-index.,1.1.0,2.0.0,"description wording, structure",
engsampleIDObject,eng,sampleIDObject,Sample ID object,Populated by `sampleID` - this specifies the object of a sample relationship.,Use `sampleID` for this field. Together with `sampleIDSub` and `relationshipID` the row of the `sampleRelationships` should say: [sampleIDSubject] is a[relationshipID] of [sampleIDObject],2.0.0,2.0.0,added in V2.0.0,
engsampleIDSubject,eng,sampleIDSubject,Sample ID subject,Populated by `sampleID` - this specifies the subject of a sample relationship.,Use `sampleID` for this field. Together with `sampleIDSub` and `relationshipID` the row of the `sampleRelationships` should say: [sampleIDSubject] is a[relationshipID] of [sampleIDObject],2.0.0,2.0.0,added in V2.0.0,
engsampleMatSet,eng,sampleMatSet,Sample material set,set for the types of material that can be found in a sample.,NA,2.0.0,2.0.0,added in V2.0.0,
engsampleQualitySet,eng,sampleQualitySet,Sample quality set,Quality set for a sample.,NA,2.0.0,2.0.0,added in V2.0.0,
engsampleRelationships,eng,sampleRelationships,Sample relationships table,Table for recording the relationships between samples.,"Samples can be pooled or split. The sample relationships table holds information on parent-child relationships between samples, and allow for tracking sample lineage for single and pooled samples.",2.0.0,2.0.0,added in V2.0.0,
engsampleRelationshipsID,eng,sampleRelationshipsID,Synthetic ID for the sampleRelationships table,"A unique, autoincremental ID generated to produce a unique identifier and primary key for each row of the sampleRelationships table.",NA,2.2.0,2.2.0,added in V2.2.0,
engsampleRelationshipsOrder,eng,sampleRelationshipsOrder,Sample relationships table column order,Specifies the order of the columns in a Sample Relationships table.,NA,2.0.0,2.0.0,added in V2.0.0,
engsampleRelationshipsRequired,eng,sampleRelationshipsRequired,Sample relationships table required headers,Specifies the columns required in a Sample Relationships table.,NA,2.0.0,2.0.0,added in V2.0.0,
engsampleRelSet,eng,sampleRelSet,Sample relationships set,set for valid values of relationshipID in the sampleRelationships table.,Use only for sampleRelationships table relationshipID.,2.0.0,2.0.0,added in V2.0.0,
engsamples,eng,samples,Sample report table,"The table that contains information about a sample. A sample is defined as a representative volume of wastewater (or other forms of water or liquid), air, or surface area taken from a site.","Samples can be combined, split, stored and reused. The `Sample relationships` (sampleRelationships) is used to describe the relationships between samples.",1.0.0,2.0.0,"Change name, structure",
engsampleShed,eng,sampleShed,Sample shed,"A geographic area, physical space, or structure. A sample is taken from a sampleshed for a representative measurement of a substance(s).","Examples: Airplane, Long-term care home, Neighbourhood, University campus, Municipality",2.0.0,2.0.0,added in V2.0.0,
engsamplesOrder,eng,samplesOrder,Samples table column order,Specifies the order of the columns in a Samples table.,NA,2.0.0,2.0.0,added in V2.0.0,
engsamplesRequired,eng,samplesRequired,Sample table required headers,Specifies the columns required in a Samples table.,NA,2.0.0,2.0.0,added in V2.0.0,
engsampleTypeOther,eng,sampleTypeOther,Collection other depreciated,Description for other type of method not listed in collection. depreciated.,NA,1.0.0,2.0.0,description wording,
engsamVol,eng,samVol,Sample volume,The volume of a given sample.,NA,2.2.0,3.0.0,officially activate in v 3.0.0,
engsapovirus,eng,sapovirus,Sapovirus,Sapovirus,NA,2.2.0,2.2.0,added in V2.2.0,
engsapovirusGrp,eng,sapovirusGrp,Sapovirus Group,A group of measures/methods related to sapoviruses.,Used to describe the organism information for general measures.,2.2.0,2.2.0,added in V2.2.0,
engsar,eng,sar,Sample relationships table Shorthand,The abbreviated short name used to reference the Table for recording the relationships between samples.,table,2.2.2,2.2.2,added in V 2.2.2,
engsarsCov2,eng,sarsCov2,SARS-CoV-2,A group of measures/methods related to the SARS-CoV-2 virus.,"SARS-CoV-2 measures have the following classes: proteins, alleles, variants, mutations, diseases.",2.0.0,2.0.0,added in V2.0.0,
engsas,eng,sas,Sample report table Shorthand,"The abbreviated short name used to reference the The table that contains information about a sample. A sample is defined as a representative volume of wastewater (or other forms of water or liquid), air, or surface area taken from a site.",table,2.2.2,2.2.2,added in V 2.2.2,
engsaSpecimenSet,eng,saSpecimenSet,Sample specimen set,A specimen set that inculdes only a sample specimen.,NA,2.0.0,2.0.0,added in V2.0.0,
engsC,eng,sC,Sparse coverage,"Sequencing shows sparse coverage, ie. numerical breadth of coverage shows as adequate but coverage plots reveal missing genome pieces.","If there are multiple issues to flage, use the multiple issues flag and explain the details in the notes section.",2.0.0,2.0.0,added in V2.0.0,
engsce,eng,sce,Secondary clarifier effluent depreciated,Effluent obtained after secondary clarifiers.,"Deprecated in version 2, please do not use. Duplicate of the sampleMat categories - refer to those.",1.0.0,2.0.0,"depreciated, used to be in site table.",
engscf,eng,scf,Standard curve frequency,A method for specifying the frequecy over which a standard curve (or 'Master Curve') is used.,NA,2.0.0,2.0.0,added in V2.0.0,
engschool,eng,school,School,A school serving students in the kindergarten to 12th grade range,NA,1.0.0,2.0.0,"description wording, structure",
engsciencellRNA,eng,sciencellRNA,sciencell viral rna isolation kit,sciencell viral rna isolation kit,NA,2.2.0,2.2.0,added in V2.2.0,
engscriptSet,eng,scriptSet,Sequencing script version set,The set for script versions ,NA,2.0.0,2.0.0,added in V2.0.0,
engscriptVersion,eng,scriptVersion,Genetic sequencing script version,"Used to specify the script or script version used to extract summary information (i.e. coverage and mutation frequency statistics, etc.) from the sequencing output.",NA,2.0.0,2.0.0,added in V2.0.0,
engscsDep,eng,scsDep,Secondary clarifier sludge depreciated,Sludge produced by secondary clarifiers.,"Deprecated in version 2, please do not use. Duplicate of the sampleMat categories - refer to those.",1.0.0,2.0.0,"depreciated, site material like this now captured in sample table",
engsd,eng,sd,Standard deviation,Standard deviation.,NA,1.0.0,2.0.0,NA,
engsdn,eng,sdn,Normalized standard deviation,"Standard deviation, normalized.",NA,1.0.0,2.0.0,NA,
engse,eng,se,Sets look-up table Shorthand,"The abbreviated short name used to reference the Look up table for all sets, managing how categorical inputs for various methods and attributes are grouped together.",table,2.2.2,2.2.2,added in V 2.2.2,
engsea,eng,sea,"Sea, natural water body","Sea, natural water body",NA,1.0.0,2.0.0,"description wording, structure. Maintained originl sample table entry from v1.",
engseconds,eng,seconds,Seconds,"The unit of time, seconds.",NA,2.2.0,2.2.0,added in V2.2.0,
engseeUnitAggScale,eng,seeUnitAggScale,See unit (aggregation scales),A value for aggregation scale to be used when the aggregation scale depends on that specified in the parts list entry for the unit. ,"When you encounter this value, see the unit being used for that entry and follow that aggregation scale entry.",2.0.0,2.0.0,added in V2.0.0,
engseeUnitData,eng,seeUnitData,See unit (data type),The data type entry when the data type for a given entry is specified by the unit used.,"Only used for measures, which is where the data type entry is used to validate the entry in the value field. For these cases, however, the data type is more dependant on the unit than the measure , and so this entry directs users to consult the data type of the unit.",2.0.0,2.0.0,added in V2.0.0,
engseeUnitVal,eng,seeUnitVal,See unit (value),"A value for maximum or minimum value in the dictionary, use when the maximum or minimum value is determined by the unit. ","Used for measures when the constraints on maximum and minimmum value are specified by the unit, not the measure.",2.0.0,2.0.0,added in V2.0.0,
engsEfflu,eng,sEfflu,Secondary clarifier effluent,Effluent obtained after secondary clarifiers,NA,1.0.0,2.0.0,NA,
engself,eng,self,Access to self,"If this is 'no', this data will not be shown on the portal when this reporter logs in. If missing, data will be available to this reporter.",NA,1.0.0,2.0.0,depreciated,
engsentDate,eng,sentDate,Date sample was sent,Date that the sample was sent from the collection site to the lab.,NA,2.0.0,2.0.0,"added in V2.0.0, Update in line with Github Issue #211",
engseptage,eng,septage,Septic tank wastewater,Wastewater from within a septic tank,NA,1.0.0,2.0.0,NA,
engseptTnk,eng,septTnk,Septic tank,Septic tank,NA,1.0.0,2.0.0,"description wording, structure",
engseqContam,eng,seqContam,Sequence Contaminated,Sequence is contaminated.,NA,2.3.0,2.3.0,added in v 2.3.0,
engseqLay,eng,seqLay,Sequencing Layout,The layout of genetic material used in sequencing.,NA,2.0.0,2.0.0,added in V2.0.0,
engseqLaySet,eng,seqLaySet,Sequencing Layout set,The set for the layout of genetic material used in sequencing,NA,2.0.0,2.0.0,added in V2.0.0,
engseqQualitySet,eng,seqQualitySet,Sequencing quality set,Quality set for sequencing measures,NA,2.0.0,2.0.0,added in V2.0.0,
engseqSel,eng,seqSel,Sequencing selection method,The primer sequence selection method used in sequencing.,NA,2.0.0,2.0.0,added in V2.0.0,
engseqSelSet,eng,seqSelSet,Sequencing selection method set,The set for the selection method used in sequencing,NA,2.0.0,2.0.0,added in V2.0.0,
engseqStrat,eng,seqStrat,Sequencing Strategy,The sequencing strategy used for an analysis.,NA,2.0.0,2.0.0,added in V2.0.0,
engseqStratSet,eng,seqStratSet,Sequencing Strategy set,The set for the sequencing strategy used for an analysis,NA,2.0.0,2.0.0,added in V2.0.0,
engsequence,eng,sequence,Genetic sequences class,Measures and methods related to genetic sequencing.,NA,2.0.0,2.0.0,added in V2.0.0,
engserDil,eng,serDil,serial dillution,Describes a serial dilution process for standard curve generation for PCR.,NA,2.2.0,2.2.0,added in V2.2.0,
engserialDilution,eng,serialDilution,Serial dilution,The serial dilution method for assessing inhibition.,NA,2.0.0,2.0.0,added in V2.0.0,
engseseDep,eng,seseDep,Sewer Sediments Depreciated,Sediments obtained in sewer.,NA,1.0.0,2.0.0,"depreciated, site material like this now captured in sample table",
engsetCompID,eng,setCompID,Composite Set ID,A composite ID generated by concatennating the 'setID' and 'partID' of a given row in the sets table. This allows for a unique primary key and robust relational database structure.,NA,2.2.2,2.2.2,added in V 2.2.2,
engsetID,eng,setID,Set ID,The unique identifier of a value set.,"A set is a group of units, attributes, categories, specimens, or compartments that can be used for a measure, method or attribute.",2.0.0,2.0.0,added in V2.0.0,
engsets,eng,sets,Sets look-up table,"Look up table for all sets, managing how categorical inputs for various methods and attributes are grouped together.",This table manages many-to-many relationships and category recycling within the ODM.,2.0.0,2.0.0,"reformatted to sets from ""look-up""",
engsetsOrder,eng,setsOrder,Sets table column order,Specifies the order of the columns in the Sets table.,NA,2.0.0,2.0.0,added in V2.0.0,
engsetsRequired,eng,setsRequired,Sets table required headers,Required headers in the Sets table.,NA,2.0.0,2.0.0,added in V2.0.0,
engsettsol,eng,settsol,Settled solids,Amount of settled solids from a wastewater sample.,"May be a volume or a weight, see the unitID for a given measure row for details on a given sample.",2.0.0,2.0.0,added in V2.0.0,
engsetType,eng,setType,Set type,"The type of set. i.e. quality set, aggregation set, unit set",NA,2.0.0,2.0.0,NA,
engseverity,eng,severity,Severity indicator,An indicator of the severity or seriousness of a quality flag.,NA,2.0.0,2.0.0,added in V2.0.0,
engsevSet,eng,sevSet,Severity set,A set for severity indicators.,NA,2.0.0,2.0.0,added in V2.0.0,
engsewEq,eng,sewEq,Sewage equivalent,Equivalent unconcentrated volume of wastewater or mass of sludge in PCR reaction,NA,2.2.0,2.2.0,added in V2.2.0,
engsewerNetworkFileBLOB,eng,sewerNetworkFileBLOB,Sewer network file link depreciated,Link to a file that has any detailed information about the sewer network associated with the site (any format).,NA,1.0.0,2.0.0,depreciated,
engsewTrTi,eng,sewTrTi,Sewage travel time,"A measure of sewage travel time, often approximate, from sewage source to the sampling site.",NA,2.2.0,2.2.0,added in V2.2.0,
engshaker,eng,shaker,Shaker aggitation speed,The speed/aggitation level for a shaker plate/shaker platform.,NA,2.2.0,2.2.0,added in V2.2.0,
engshedSet,eng,shedSet,Sampleshed set,The set for all valid values of sampleshed.,NA,2.0.0,2.0.0,added in V2.0.0,
engshigella,eng,shigella,Shigella,Shigella,NA,2.2.0,2.2.0,added in V2.2.0,
engshigellaGrp,eng,shigellaGrp,Shigella Group,A group of measures/methods related to shigella bacteria.,Used to describe the organism information for general measures.,2.2.0,2.2.0,added in V2.2.0,
engship,eng,ship,Ship,A cruise ship or other ship.,NA,2.0.0,2.0.0,added in V2.0.0,
engshipOnIce,eng,shipOnIce,Shipped on ice,Was the sample kept cool while being shipped to the lab,NA,1.0.0,2.0.0,added in V2.0.0,
engshortName,eng,shortName,Short names,Shortened names for tables and other important parts for use in wide names.,NA,2.0.0,2.0.0,added in V2.0.0,
engshortRead,eng,shortRead,Read Lengths Shorter Than Expected,Read lengths are shorter than expected.,NA,2.3.0,2.3.0,added in v 2.3.0,
engshortSets,eng,shortSets,Shorthand or Short Name Set Type,Sets used to group together short names for tables or part types in ODM.,NA,3.0.0,3.0.0,added in V3.0.0,
engshrtNameSet,eng,shrtNameSet,Short Name Set,"The abbreviated short name used to reference the The table that contains information about addresses. Addresses can recorded for sites, organizations or contacts (indivduals). ",NA,2.2.2,2.2.2,added in V 2.2.2,
engsi,eng,si,Sites table Shorthand,The abbreviated short name used to reference the The table that contains information about a site; the location where an environmental sample was taken.,table,2.2.2,2.2.2,added in V 2.2.2,
engsin,eng,sin,Single,"A value that is not an aggregate measurement (ie. not a mean, median, max or any other) and can be a replicate value.",NA,1.0.0,2.0.0,NA,
engsinLay,eng,sinLay,Single Layout,Specifies the single layout for a sequencing method,NA,2.0.0,2.0.0,added in V2.0.0,
engsinProbeOne,eng,sinProbeOne,"Singleplex, probe-based, one-step RT-qPCR","Describes a PCR method that is singleplex, probe-based, and one-step RT-qPCR.",NA,2.2.0,2.2.0,added in V2.2.0,
engsiSaSpecimenSet,eng,siSaSpecimenSet,Site or sample specimen set,A specimen set that inculdes site or sample specimen.,NA,2.0.0,2.0.0,added in V2.0.0,
engsiSpecimenSet,eng,siSpecimenSet,Site specimen set,A specimen set that inculdes only a site specimen.,NA,2.0.0,2.0.0,added in V2.0.0,
engsit,eng,sit,Site,A measure made on a compartment or property at a site.,"An example is the wastewater flow rate, taken at a wasteawater treatment plant.",2.0.0,2.0.0,added in V2.0.0,
engsiteDef,eng,siteDef,Site ID default,Used as default when a new sample is created by this reporter. See ID in Site table.,"Deprecated in version 2, please do not use. Just populate standard SiteID.",1.0.0,2.0.0,depreciated,
engsiteFeat,eng,siteFeat,Site features group,A group of environmental measures/methods and those pertaining to the features of a site.,NA,2.0.0,2.0.0,added in V2.0.0,
engsiteID,eng,siteID,Site ID,Unique identifier for the location where a sample was taken.,NA,1.0.0,2.0.0,"description wording, structure",
engsiteMeasureID,eng,siteMeasureID,Site measure ID,Unique identifier for wide table only. Use when all measures are performed on a single sample.,Depreciate in version 2. siteMeasures ,1.0.0,2.0.0,depreciated,
engsites,eng,sites,Sites table,The table that contains information about a site; the location where an environmental sample was taken.,The site of an eviromental sample. Information in the site table does not regularly change. Consider using the MeasureReport table if the infomation changes often. ,1.0.0,2.0.0,"description wording, structure",
engsitesOrder,eng,sitesOrder,Sites table column order,Specifies the order of the columns in a Sites table.,NA,2.0.0,2.0.0,added in V2.0.0,
engsitesRequired,eng,sitesRequired,Sites table required headers,Specifies the columns required in a Sites table.,NA,2.0.0,2.0.0,added in V2.0.0,
engsiteType,eng,siteType,Site Type,Type of site or institution where sample was taken.,NA,1.0.0,2.0.0,"description wording, structure",
engsiteTypeSet,eng,siteTypeSet,Site set,set for the type of sampling site.,NA,2.0.0,2.0.0,added in V2.0.0,
engskimMilkFloc,eng,skimMilkFloc,Skimmed milk flocculation,Skimmed milk flocculation,NA,2.0.0,2.0.0,added in V2.0.0,
engslod,eng,slod,Sample Limit of Detection (LOD),"The minimum level of a target within a sample that would be consistently detectable considering all sample processing steps, from sample concentration leading up to and including amplification and quantification steps of RT-qPCR. In this Protocol, the SLOD is the concentration factor-adjusted ALOD, which provides a theoretical estimate of the minimum concentration in the original sample that would yield consistent detection of the target, assuming no method losses.",NA,2.2.0,3.0.0,changed quality indicator set from general to measure.,
engslope,eng,slope,slope,Slope value of the calibration curve.,"Used for storing calibration curve information, potentially also applicable for other curve types.",2.0.0,2.0.0,added in V2.0.0,
engsnfl,eng,snfl,Sewer network file link depreciated 2,Link to a file that has any detailed information about the sewer network associated with the site (any format).,Depreciate in version 2. This attribute has been changed to referenceLink. Use po_referenceLink to specify polygon link to sewer network file.,1.0.0,2.0.0,depreciated,
engsnowy,eng,snowy,Snowy,"Qualitative category for the weather measure, specifying a snowy day.",NA,2.0.0,2.0.0,"added in V2.0.0, github issue #124 and #204",
engsol,eng,sol,Solid fraction (general),Solid fraction of a sample.,NA,1.0.0,2.0.0,"description wording, structure",
engsolDry,eng,solDry,Solid Fraction (Dry),"Solid fraction of a sample - dry material is analyzed, by drying, baking, etc. of sludge or other solids.",NA,2.3.0,2.3.0,added in v2.3.0 for mapping support,
engsolid,eng,solid,Solids/Pellet retained,The solids or pellet is retained after solid separation/centrifugation.,NA,2.2.0,2.2.0,added in V2.2.0,
engsolidSep,eng,solidSep,Solid seperation,Process used to separate solid and liquid phases of the sample. ,Solid seperation is used either prior to or in the absence of the concentration method specified in 'methodConc'.,2.0.0,2.0.0,added in V2.0.0,
engsolidSeparationSet,eng,solidSeparationSet,Solid separation set,set for the separation of solids.,NA,2.0.0,2.0.0,added in V2.0.0,
engsolWet,eng,solWet,Solid fraction (Wet),"Solid fraction of a sample - wet material is analyzed, and not dried. Ex. Sludge.",NA,2.3.0,2.3.0,added in v2.3.0 for mapping support,
engsource,eng,source,Wide name source,The database or table sourced for the wide name.,NA,2.2.0,2.2.0,added in V2.2.0,
engsourceProtocol,eng,sourceProtocol,Source Protocol ID,"A protocol that served as a basis for another protocol. This may be due to version changes, or a referencing a protocol that was later adapted.",Populate with protocolID.,2.0.0,2.0.0,added in V2.0.0,
engsourceStep,eng,sourceStep,Protocol step source ID,Specifies the protocol step which serves as a basis for a given protocol step.,Populate with a protocol step ID (stepID).,2.0.0,2.0.0,added in V2.0.0,
engsovereignty,eng,sovereignty,Sovereign status of a country,"Sovereign status of a country, indicating which state has the highest jurisdiction over a given territory.","Preprogrammed into dictionary tables, not editable by users.",2.1.0,2.1.0,added in V2.1.0,
engspecHum,eng,specHum,Specific humidity,"Measure for specific humidity, the unit is the ratio of the mass of water vapour and the mass of total air.",NA,2.0.0,2.0.0,added in V2.0.0,
engspecHumidUnitSet,eng,specHumidUnitSet,Specific humidity unit set,Unit set for specific humidity.,NA,2.0.0,2.0.0,added in V2.0.0,
engspecifies,eng,specifies,Specifies,Specifies that the object step or protocol occurs specifies details for the subject step or protocol in the overall protocol container.,Use only for protocolRelationships table relationshipID.,2.0.0,2.0.0,added in V2.0.0,
engspecimen,eng,specimen,Specimen,The substance or thing upon which the observation was made.,"Specimens include: site, sample, person and population.",2.0.0,2.0.0,added in V2.0.0,
engspecimenInput,eng,specimenInput,Specimen input (wide table),The partID for the specimen being used in a wide name.,NA,2.2.0,2.2.0,added in V2.2.0,
engspecimenName,eng,specimenName,Specimen name (wide table),The specimen referenced for the wide name.,NA,2.2.0,2.2.0,added in V2.2.0,
engspecimens,eng,specimens,Specimens,"Measures or observations are taken from three types of substances: populations (humans or geographic areas), samples, sites.",See partID = specimentID,2.0.0,2.0.0,added in V2.0.0,
engspecimenSet,eng,specimenSet,Specimen Set Header,An idenfication of a set of specimens that can be applied for a measure or method.,NA,2.2.2,2.2.2,added in 2.2.2,
engspecimenSets,eng,specimenSets,Specimen sets,Sets of specimens., Specimen sets are used when a measure or attribute can be recorded for more than one specimen.,2.0.0,2.0.0,added in V2.0.0,
engspeed,eng,speed,Speed class,Measures and methods relating to speed.,NA,2.0.0,2.0.0,added in V2.0.0,
engspeedUnitSet,eng,speedUnitSet,Speed Unit Set,"Unit set for reporting speeds (centrifugation speed, etc.)",NA,2.2.0,2.2.0,added in V2.2.0,
engspike,eng,spike,Spike matrix and recovery,The spike matrix and recovery method for assessing inhibition.,NA,2.0.0,2.0.0,added in V2.0.0,
engspikeConc,eng,spikeConc,Spike Concentration,Concentration of the recovery efficiency target in a spike matrix and recovery assay.,NA,2.2.0,2.2.0,added in V2.2.0,
engspikeMat,eng,spikeMat,Spike material,Material into which the recovery efficiency control target is spiked.,NA,1.0.0,2.0.0,description wording,
engspikeMatSet,eng,spikeMatSet,Spike material set,set for spikeMat (aterial into which the recovery efficiency control target is spiked).,NA,2.0.0,2.0.0,added in V2.0.0,
engspikeTarget,eng,spikeTarget,Recovery efficiency spike target,Method specifying the recovery efficiency control target. This matches on to the the spike material method ID.,Should typically be indexed as a step proceeding the spikeMaterial methodID step.,2.0.0,2.0.0,added in V2.0.0,
engspikeTargetSet,eng,spikeTargetSet,Recovery efficiency spike target set,The set capturing containing all of the valid categories for the recovery efficiency control (or spike) target.,NA,2.0.0,2.0.0,added in V2.0.0,
engspill,eng,spill,Sample spilled,Sample contents spilled from container.,NA,2.0.0,2.0.0,added in V2.0.0,
engsSludge,eng,sSludge,Secondary clarifier sludge,Sludge produced by secondary clarifiers,NA,1.0.0,2.0.0,NA,
engsss,eng,sss,Social services shelter,Other type of social services shelter,NA,2.0.0,2.0.0,added in V2.0.0,
engstabPnd,eng,stabPnd,Stabilization pond,Specifies a site type which is a pond designed and built for wastewater treatment to reduce the organic content and remove pathogens from wastewater.,NA,1.0.0,2.0.0,"description wording, structure",
engstandardConc,eng,standardConc,Standard concentrations class,Measures and methods relating to standard conentrations.,NA,2.0.0,2.0.0,added in V2.0.0,
engstandardCurve,eng,standardCurve,Standard curve class,Measures and methods relating to generating or recording a standard curve.,NA,2.0.0,2.0.0,added in V2.0.0,
engstaphGrp,eng,staphGrp,Staphylococcus Group,A group of measures/methods related to staphylococcus bacteria.,Used to describe the organism information for general measures.,2.2.0,2.2.0,added in V2.2.0,
engstateProvLevel,eng,stateProvLevel,"Departments, states, or provinces","Departments, states, or provinces",NA,2.0.0,3.0.0,"Reactivated as organization level and sector categorical inputs, rather than attributes.",
engstateProvReg,eng,stateProvReg,"State, Province, or Region","The state, province, or region where a site or organization is located; part of the address.",NA,1.0.0,2.0.0,"description wording, structure",
engstatus,eng,status,Status,Whether the part is still active and can be used in the most current ODM version. Values are 'active' or 'inactive'.,The status of the part or list. 'active' means the part is used in the dictionary version. 'inactive' means the part has been retired and not longer used in the version.,1.0.0,2.0.0,added in V2.0.0,
engstatusSet,eng,statusSet,Status set,A set for partID = Status to indicate whether a part is in current use or not.,NA,2.0.0,2.0.0,added in V2.0.0,
engstdConcentrationUnitSet,eng,stdConcentrationUnitSet,Standard concentration unit set,Unit set for concentration measurements.,NA,2.0.0,2.0.0,added in V2.0.0,
engstdCurveMet,eng,stdCurveMet,Standard Curve Calculation Method,Describes the specific approach used for calculating a standard curve.,NA,2.2.0,2.2.0,added in V2.2.0,
engstdCurveSet,eng,stdCurveSet,Standard Curve Calculation Set,The set capturing containing all of the valid methods for the PCR standard curve calculations.,NA,2.2.0,2.2.0,added in V2.2.0,
engstec,eng,stec,Shiga-toxin-producing Escheria coli (STEC),Shiga-toxin-producing Escheria coli (STEC).,NA,2.1.0,2.1.0,added in V2.1.0,
engsTemp,eng,sTemp,Storage temp,Temperature that the sample is stored at in Celsius.,NA,1.0.0,2.0.0,NA,
engstepID,eng,stepID,Protocol Step ID,The unique identifier for a specific protocol step.,"Protocol Steps are the component parts of a larger protocols, the latter being linked to specific measure reports.",2.0.0,2.0.0,added in V2.0.0,
engstepIDObj,eng,stepIDObj,Step ID Object,"The object of the relationship between one protocol step and another step or protocol, within a given protocol ID container.",Populate this field using Protocol Step ID (partID = stepID). Together with `protocolIDSub` or `stepIDSub` and `relationshipID` the row of `protocolRelationships` should say: [protocolIDSubject or stepIDSubject]  [relationshipID] [protocolIDObject or stepIDObject]. Ex: stepIDSubject  precedes protocolIDObject.,2.0.0,2.0.0,added in V2.0.0,
engstepIDSub,eng,stepIDSub,Step ID Subject,"The subject of the relationship between one protocol step and another step or protocol, within a given protocol ID container.",Populate this field using Protocol ID (partID = stepID). Together with `protocolIDSub` or `stepIDSub` and `relationshipID` the row of `protocolRelationships` should say: [protocolIDSubject or stepIDSubject]  [relationshipID] [protocolIDObject or stepIDObject]. Ex: stepIDSubject  precedes protocolIDObject.,2.0.0,2.0.0,added in V2.0.0,
engstepProvenanceID,eng,stepProvenanceID,Method step parent ID,"A method step that served as a basis for another method step. This may be due to version changes, or a referencing a method set that was later adapted.",NA,2.0.0,2.0.0,added in V2.0.0,
engstepVer,eng,stepVer,Protocol step version,Specifies the version of a given protocol step.,Version of the method step. Semantic versioning is recommended.,1.0.0,2.0.0,"description wording, structure",
engstEr,eng,stEr,Standard Error,The standard error of a series of measurements.,NA,2.2.0,2.2.0,added in V2.2.0,
engstercobilin,eng,stercobilin,Stercobilin,Stercobilin is a tetrapyrrolic bile pigment and is one end-product of heme catabolism. It is the chemical responsible for the brown color of human feces and was originally isolated from feces in 1932.,NA,2.2.0,2.2.0,added in V2.2.0,
engstorTempDef,eng,storTempDef,Sewer network file blob,A file blob that has any detailed information about the sewer network associated with the site (any format).,"Deprecated in version 2, please do not use. Refer to WKT and EPSG instead.",1.0.0,2.0.0,depreciated,
engstoTim,eng,stoTim,Storage time,Length of time that a sample was in storage.,NA,2.0.0,2.0.0,added in V2.0.0,
engstrepGrp,eng,strepGrp,Streptococcus Group,A group of measures/methods related to streptococcus bacteria.,Used to describe the organism information for general measures.,2.2.0,2.2.0,added in V2.2.0,
engstrepPneu,eng,strepPneu,Streptococcus pneumoniae,Streptococcus pneumoniae,NA,2.2.0,2.2.0,added in V2.2.0,
engsu,eng,su,Summary worksheet Shorthand,The abbreviated short name used to reference the Summary sheet of the dictionary.xlxs file.,sheet support,2.2.2,3.0.0,depreciated in version 3,
engsubVar,eng,subVar,Sub-variant or lineage,"A unit used to report a specific genetic lineage, or to specify that a reported variant is a sub-variant of another.",Combine in a measure report if necessary.,2.0.0,2.0.0,"added in V2.0.0, github issue #120",
engsuc,eng,suc,Sucralose,Sucralose (usually measured as a human fecal chemical indicator),NA,2.2.0,2.2.0,added in V2.2.0,
engsum14,eng,sum14,Rolling sum of previous 14 days,The rolling sum of case counts/some kind of count over the previous 14 days.,Aggregation for a population or disease measure to explain population-level clinical effects.,2.2.0,2.2.0,added in V2.2.0,
engsumm,eng,summ,Summary,Short description of the assay and how it is different from the other assay methods.,NA,1.0.0,2.0.0,"description wording, structure",
engsummary,eng,summary,Summary worksheet,Summary sheet of the dictionary.xlxs file.,The summary sheet contains versioning and changelog.,2.0.0,2.0.0,added in V2.0.0,
engsunny,eng,sunny,Sunny,"Qualitative category for the weather measure, specifying a clear and sunny day.",NA,2.0.0,2.0.0,"added in V2.0.0, github issue #124 and #204",
engsurf,eng,surf,Surface compartment,A measure or observation made from a substance on a surface.,NA,2.0.0,2.0.0,added in V2.0.0,
engsurface,eng,surface,Other surface,Surface other than floor or desk.,See also categories for floor and desk. ,2.0.0,2.0.0,added in V2.0.0,
engsurfaceCompartmentSet,eng,surfaceCompartmentSet,Surface compartment set,A compartment set for measures and methods in the surface compartment.,NA,2.0.0,2.0.0,added in V2.0.0,
engsurfaceWaterCompartmentSet,eng,surfaceWaterCompartmentSet,Surface and water compartment set,A compartment set for measures and methods in the surface or water compartments.,NA,2.0.0,2.0.0,added in V2.0.0,
engsurfSw,eng,surfSw,Surface swab,Surface swab.,NA,2.0.0,2.0.0,added in V2.0.0,
engswgTrck,eng,swgTrck,Sewage truck,Sewage truck,NA,1.0.0,2.0.0,"description wording, structure",
engswrSed,eng,swrSed,Sewer sediment,Sediments obtained in sewer,NA,1.0.0,2.0.0,NA,
engswrSet,eng,swrSet,Sewer catchment area,Sewer catchment area.,NA,1.0.0,2.0.0,Name Change (from Polygon Type),
engsynthetic,eng,synthetic,Synthetic sample,A synthetic or artificially generated sample.,"Synthetic samples are artificially created by mixing known quantities of target substances or organisms with clean water, often in a laboratory setting. These samples are used as controls, benchmarks, or calibration standards during the analysis process to ensure accurate and reliable results. For instance, a synthetic sample containing a known concentration of a specific pollutant might be used to calibrate analytical equipment or to test the efficiency of a new detection method.",2.0.0,2.0.0,"added in V2.0.0, GitHub issue #94",
engt19r,eng,t19r,t19r delta-variant gene target,t19r delta-variant mutation gene target,NA,2.0.0,2.0.0,added in V2.0.0,
engt3646a,eng,t3646a,t3646a delta-variant gene target,t3646a delta-variant mutation gene target,NA,2.0.0,2.0.0,added in V2.0.0,
engt547k,eng,t547k,t547k omicron-variant gene target,t547k omicron-variant mutation gene target,NA,2.0.0,2.0.0,added in V2.0.0,
engt9i,eng,t9i,t9i omicron-variant gene target,t9i omicron-variant mutation gene target,NA,2.0.0,2.0.0,added in V2.0.0,
engtables,eng,tables,Tables,"Tables are where measures, methods and attributes are recorded. Tables represent the main entities of the environmental surveillance. There","An example of a  table is `site` a collection of attributes such as site name and address to describe where environment samples are taken. PHES-ODM has report tables, but users can create their own tables as well.",2.0.0,2.0.0,added in V2.0.0,
engtableSet,eng,tableSet,Table column set,The set for valid inputs in table columns.,These categories are used in the parts list for columns named after tables to indicate the position and function of a given part in the entity relationship diagram of the data model.,2.0.0,2.0.0,added in V2.0.0,
engtableSupport,eng,tableSupport,Table Support,Parts designed to support the metadata definition oftables in the parts table.,NA,2.0.0,2.0.0,added in V2.0.0,
engtaqpatN,eng,taqpatN,TaqPath N sars-cov-2 gene target,TaqPath N sars-cov-2 mutation gene target,NA,2.0.0,2.0.0,added in V2.0.0,
engtaqpatS,eng,taqpatS,TaqPath S sars-cov-2 gene target,TaqPath N sars-cov-2 mutation gene target,NA,2.0.0,2.0.0,added in V2.0.0,
engtemp,eng,temp,Sample temperature,Temperature of the sample measured in degrees Celcius,NA,1.0.0,2.0.0,"description wording, structure",
engtemperature,eng,temperature,Temperature class,Measures and methods related to temperatures.,NA,2.0.0,2.0.0,added in V2.0.0,
engtemperatureUnitSet,eng,temperatureUnitSet,Temperature unit set,Unit set for temperature measurements.,NA,2.0.0,2.0.0,added in V2.0.0,
engtemplateSheetSet,eng,templateSheetSet,Template Sheet Set,Worksheets in the full generic ODM surveillance template (all tables).,NA,2.0.0,2.0.0,added in V2.0.0,
engtempSet,eng,tempSet,Template Set,The organizing set for templates.,NA,2.2.0,2.2.0,Added in V 2.2.0,
engtempType,eng,tempType,Nucelic Acid Template Type,Specifies whether a PCR or sequencing used RNA or DNA as the template for the reaction.,NA,2.2.0,2.2.0,added in V2.2.0,
engtempVol,eng,tempVol,Nucleic acid template volume,The volume of DNA or RNA template used for PCR. ,NA,2.0.0,2.0.0,added in V2.0.0,
engterminal,eng,terminal,Airport terminal,Airport terminal sample shed category type,NA,2.0.0,2.0.0,added in V2.0.0,
engtesDate,eng,tesDate,Test date,Date that the covid-19 test was performed.,NA,1.0.0,2.0.0,depreciated,
engtest,eng,test,Number of tests performed,Number of tests performed.,NA,1.0.0,2.0.0,now a unit for any group or biologic infection,
engtesting,eng,testing,Protocol testing,A measure or sample taken to test a new method. These measures are typically used for internal lab uses and not reported to external partners.,NA,2.0.0,2.0.0,added in V2.0.0,
engtetAMRGrp,eng,tetAMRGrp,Tetracycline Anti-microbial resistance Group,The group for measures and methods pertaining to tetracycline-related anti-microbial resistance.,NA,2.1.0,2.1.0,added in V2.1.0,
engtetW,eng,tetW,TetW Tetracycline-resistance gene target,The tetW tetracycline anti-microbial resistance gene target.,NA,2.2.0,2.2.0,added in V2.2.0,
engthermMag,eng,thermMag,thermo magmax microbiome ultra nucleic acid isolation kit,Nucleic acid extraction performed using the thermo magmax microbiome ultra nucleic acid isolation kit.,NA,2.0.0,2.0.0,added in V2.0.0,
engthermMagmax,eng,thermMagmax,thermo magmax viral/pathogen nucleic acid isolation kit,thermo magmax viral/pathogen nucleic acid isolation kit,NA,2.2.0,2.2.0,added in V2.2.0,
engtimeClass,eng,timeClass,Time class,Measures and methods relating to time.,NA,2.0.0,3.0.0,"partID changed from ""time"" to ""timeClass""",
engtimePr,eng,timePr,Time proportional sample,A time proportional composite sample generally collected by an autosampler.,Use collectionPeriod to describe how many hours the sample was taken.,1.0.0,2.0.0,Removed time period. Use collection period (collectPer) = 24 for 24hr sample,
engtimeUnitSet,eng,timeUnitSet,Time unit set,The unit set for measures of time.,NA,2.0.0,2.0.0,added in V2.0.0,
engtkn,eng,tkn,Total Kjeldahl Nitrogen,"A measure of Total Kjeldahl Nitrogen; ie. the sum of nitrogen bound in organic substances, nitrogen in ammonia (NH3-N) and in ammonium (NH4+-N) in the chemical analysis of soil, water, or waste water.",NA,2.0.0,2.0.0,added in V2.0.0,
engtld,eng,tld,Country code top-level domain,"The internet top-level domain generally used or reserved for a country, sovereign state, or dependent territory identified with a country code.","Preprogrammed into dictionary tables, not editable by users.",2.1.0,2.1.0,added in V2.1.0,
engtn,eng,tn,Total Nitrogen,"Total nitrogen concentration, as N.",NA,1.0.0,2.0.0,"description wording, structure",
engtotal,eng,total,Total amount or count - the sum,"The total number or final count of cases, or other defined metric.",Aggregation for a population or disease measure to explain population-level clinical effects.,2.2.0,2.2.0,added in V2.2.0,
engtp24s,eng,tp24s,Time Proportional 24hr sample,A time proportional 24-hour composite sample generally collected by an autosampler.,NA,1.0.0,2.0.0,depreciated,
engtPallidum,eng,tPallidum,Treponema pallidum,Treponema pallidum,NA,2.2.0,2.2.0,added in V2.2.0,
engtr,eng,tr,Translation look-up table Shorthand,"The abbreviated short name used to reference the Look up table for translations of the description, label, and instruction for all parts.",table,2.2.2,2.2.2,added in V 2.2.2,
engtrain,eng,train,Train,A series of railroad cars moved as a unit by a locomotive or by integral motors.,NA,2.2.3,2.2.3,added in v2.2.3,
engtranslationID,eng,translationID,Synthetic ID for the translations table,"A unique, autoincremental ID generated to produce a unique identifier and primary key for each row of the translations table.",NA,2.2.0,2.2.0,added in V2.2.0,
engtranslations,eng,translations,Translation look-up table,"Look up table for translations of the description, label, and instruction for all parts.",The default language if a translation is not specified is English.,2.0.0,2.0.0,added in V2.0.0,
engtranslationsOrder,eng,translationsOrder,Translation table column order,Specifies the order of the columns in the Translation table.,NA,2.0.0,2.0.0,added in V2.0.0,
engtranslationsRequired,eng,translationsRequired,Translation table required headers,Required headers in the Translations table.,NA,2.0.0,2.0.0,added in V2.0.0,
engtreponemaGrp,eng,treponemaGrp,Treponema Group,A group of measures/methods related to treponema bacteria.,Used to describe the organism information for general measures.,2.2.0,2.2.0,added in V2.2.0,
engtrichomonasGrp,eng,trichomonasGrp,Trichomonas Group,A group of measures/methods related to trichomonas bacteria.,Used to describe the organism information for general measures.,2.2.0,2.2.0,added in V2.2.0,
engtriturator,eng,triturator,Wastewater Triturator,The location where wastewater transportation vehicles unload wastewater.,NA,2.2.3,2.2.3,added in v 2.2.3,
engtrizol,eng,trizol,"trizol, zymo mag beads w/ zymo clean and concentrator","Nucleic acid extraction performed using the trizol, zymo mag beads w/ zymo clean and concentrator method.",NA,2.0.0,2.0.0,added in V2.0.0,
engtrizolEtOH,eng,trizolEtOH,"trizol, garnet bead beating, alcohol precipitation","trizol, garnet bead beating, alcohol precipitation",NA,2.2.0,2.2.0,added in V2.2.0,
engtrizolRNA,eng,trizolRNA,trizol and RNA purification kit,trizol and RNA purification kit,NA,2.2.0,2.2.0,added in V2.2.0,
engtrStat,eng,trStat,Train Station,A place on a railroad line where trains regularly stop so that passengers can get on or off.,NA,2.2.3,2.2.3,added in v2.2.3,
engts,eng,ts,Total solids concentration,Total solids concentration,NA,1.0.0,2.0.0,"description wording, structure",
engtss,eng,tss,Total suspended solids,Total suspended solids,NA,1.0.0,2.0.0,"description wording, structure",
engtssConc,eng,tssConc,Concentration of total suspended solids,Total suspended solids concentration of the wastewater.,NA,1.0.0,2.0.0,"description wording, structure",
engtuberculosisGrp,eng,tuberculosisGrp,Tuberculosis Group,A group of measures/methods related to tuberculosis.,Used to describe the organism information for general measures.,2.2.0,2.2.0,added in V2.2.0,
engtularemiaGrp,eng,tularemiaGrp,Francisella tularensis (tularemia) Group,A group of measures/methods related to Francisella tularensis.,Used to describe the organism information for general measures.,2.2.0,2.2.0,added in V2.2.0,
engturb,eng,turb,Turbidity,"A measure for the turbidity of water, or a liquid sample, quanitfying the relative clarity or opcaity of a liquid. Highly indicative of water quality.",NA,1.0.0,2.0.0,github issue #122,
engturbidity,eng,turbidity,Turburdity class,Measures and methods relating to water and wastewater turbidity.,NA,2.0.0,2.0.0,added in V2.0.0,
engturbidityUnitSet,eng,turbidityUnitSet,Turbidity unit set,Unit set for turbidity measurements.,NA,2.0.0,2.0.0,added in V2.0.0,
engtVaginalis,eng,tVaginalis,Trichomonas vaginalis,Trichomonas vaginalis,NA,2.2.0,2.2.0,added in V2.2.0,
engtWeighE,eng,tWeighE,Tube weight empty,The weight of the tube used for analysis while empty.,NA,2.0.0,2.0.0,added in V2.0.0,
engtWeighF,eng,tWeighF,Tube weight full,The weight of the tube used for analysis while full of analyte.,NA,2.0.0,2.0.0,added in V2.0.0,
engtyOtDep,eng,tyOtDep,Type other depreciate,Description for other type of sample not listed in,NA,1.0.0,2.0.0,depreciated,
engtyOtDep2,eng,tyOtDep2,Type other depreciate2,Description of the site when the site is not listed. See siteType.,NA,1.0.0,2.0.0,depreciated,
enguCampus,eng,uCampus,University campus,Universityor college campus - comprising an entire campus or part of a campus.,"See also 'Higher Education Domitory"".",1.1.0,2.0.0,added in version 1.1,
engugG,eng,ugG,Micrograms per gram,Micrograms per gram,NA,2.2.0,2.2.0,added in V2.2.0,
engugL,eng,ugL,Micrograms per litre,Micrograms per litre,NA,2.2.0,2.2.0,added in V2.2.0,
engugmg,eng,ugmg,Micrograms per milligram,Concentration unit of micrograms per milligram.,NA,2.2.0,2.2.0,added in V2.2.0,
enguL,eng,uL,Micro-litres,The unit of microlitres.,NA,2.2.0,2.2.0,added in V2.2.0,
engundisc,eng,undisc,Undisclosed or Not Provided,"A value has been recorded, however it was not included in the dataset.",Missing value indicator for data that has not been shared or disclosed with outside parties.,1.0.0,2.0.0,added in V2.0.0,
engunique,eng,unique,Unique sample,"A unique sample, not duplicated.",NA,2.0.0,2.0.0,"added in V2.0.0, GitHub issue #94",
engunit,eng,unit,Unit,The units of a measurement.,Different units that are used to describe measurement values. Units are combined into UnitSetIDs. Please requests new units by creating an issue in the ODM repository.,1.0.0,2.0.0,added in V2.0.0,
engunitInput,eng,unitInput,Unit input (wide table),The partID for the unit being used in a wide name.,NA,2.2.0,2.2.0,added in V2.2.0,
engunitless,eng,unitless,Unitless measure,"A unit for unitless measures, like pH.",NA,2.0.0,2.0.0,added in V2.0.0,
engunitlessUnitSet,eng,unitlessUnitSet,Unitless unit set,Unit set for measurements that does not have units.,NA,2.0.0,2.0.0,added in V2.0.0,
engunitName,eng,unitName,Unit name (wide table),The unit referenced for the wide name.,NA,2.2.0,2.2.0,added in V2.2.0,
engunits,eng,units,Units,The unit of the measurement.,"Every measurement must have a unit. Meaning, `units` are a mandatory field whenever a measurement is recorded.",2.0.0,2.0.0,added in V2.0.0,
engunitSet,eng,unitSet,Unit set,An idenfication of a set of units that can be used for a measure or method.,NA,2.0.0,2.0.0,added in V2.0.0,
engunitSets,eng,unitSets,Unit sets,Sets of units. Contains units that are associated with part types such as measures.,"Sets are lists of input values. Each input value within a set is a part (has a partID) that can be reused between sets. For example, a set A could contain the values of 'yes' and 'no'; and set B could contain the values of 'yes', 'no', and 'maybe.' partTypes with sets include aggregations, compartments, missingness, quality flags, specimens, and units. Measures with categories and dataTypes have their own specific sets (catSetID) because their input values are unique and are not reused.",2.0.0,2.0.0,added in V2.0.0,
engunlicense,eng,unlicense,The Unlicense,The licensing for the measure or data set is managed under The Unlicense.,NA,2.2.0,2.2.0,added in V2.2.0,
enguntracent,eng,untracent,Ultracentrifugation,Ultracentrifugation,"Should typically be linked to a lower limit, and some indication of data spread (ie. standard deviation), and a mean/median measure.",2.0.0,2.0.0,added in V2.0.0,
engupperCI95,eng,upperCI95,Upper limit of a 95% confidence interval,Specifies the the upper limit of a 95% confidence interval.,"A catch-all category for upstream wastewater sampling sites, including major sewer pipelines and pumping stations.",1.0.0,2.0.0,"description wording, structure",
engupstream,eng,upstream,Upstream sites,A general site type for upstream wastewater sampling sites.,NA,1.1.0,2.0.0,description wording.,
engureaplasma,eng,ureaplasma,Ureaplasma,Ureaplasma,NA,2.2.0,2.2.0,added in V2.2.0,
engureaplasmaGrp,eng,ureaplasmaGrp,Ureaplasma Group,A group of measures/methods related to ureaplasma bacteria.,Used to describe the organism information for general measures.,2.2.0,2.2.0,added in V2.2.0,
engurobilin,eng,urobilin,Urobilin or urochrome,"Urobilin or urochrome is the chemical primarily responsible for the yellow color of urine. It is a linear tetrapyrrole compound that, along with the related colorless compound urobilinogen, are degradation products of the cyclic tetrapyrrole heme.",NA,2.2.0,2.2.0,added in V2.2.0,
enguSCm,eng,uSCm,Micro-Siemens per centimetre,Micro-siemens per centimetre.,NA,1.0.0,2.0.0,maintained,
enguSiteMeasureID,eng,uSiteMeasureID,U site measure ID,Unique identifier for each measurement for a site.,NA,2.0.0,2.0.0,added in V2.0.0,
engutc,eng,utc,Coordinated universal time (UTC) zone,UTC – Time zone.,"Preprogrammed into dictionary tables, not editable by users.",2.1.0,2.1.0,added in V2.1.0,
engutcDST,eng,utcDST,Coordinated universal time (UTC) zone in daylight savings,Time zone during Daylight Saving Time.,"Preprogrammed into dictionary tables, not editable by users.",2.1.0,2.1.0,added in V2.1.0,
engutilities,eng,utilities,Utilities sector or organization,"Describes organization that manage or provide utilities services, whether water, gas, heat, etc.",NA,2.2.0,2.2.0,added in V2.2.0,
engv1104l,eng,v1104l,V1104L Mutation,The FLiRT/SLip variant mutation V1104L,NA,2.2.0,2.2.0,added in V2.2.0,
engv2930l,eng,v2930l,v2930l delta-variant gene target,v2930l delta-variant mutation gene target,NA,2.0.0,2.0.0,added in V2.0.0,
engvalidationStudy,eng,validationStudy,Validation study,A meaure or sample taken for a validation study.,NA,2.0.0,2.0.0,added in V2.0.0,
engvalue,eng,value,Value,"Value of a measure, observation or attribute.",Only used for the dictionary entries of parts.,2.0.0,2.0.0,added in V2.0.0,
engvanAA,eng,vanAA,VanA-A Vancomycin-resistance gene target,The VanA-A vancomycin anti-microbial resistance gene target.,NA,2.2.0,2.2.0,added in V2.2.0,
engvanAMRGrp,eng,vanAMRGrp,Vancomycin Anti-microbial resistance Group,The group for measures and methods pertaining to vancomycin-related anti-microbial resistance.,NA,2.1.0,2.1.0,added in V2.1.0,
engvanc,eng,vanc,Vancomycin resistance,Vancomycin resistant bacteria.,NA,2.1.0,2.1.0,added in V2.1.0,
engvarchar,eng,varchar,Variable character data type,The data type for variable character data.,Measured by sequencing.,2.0.0,2.0.0,added in V2.0.0,
engvarFreq,eng,varFreq,Frequency of variants detected,A description of the frequency of a variants detected.,NA,2.0.0,2.0.0,added in V2.0.0,
engvariant,eng,variant,Variants class,Measures and methods relating to variants.,NA,2.0.0,2.0.0,"added in V2.0.0, github issue #144",
engvaricella,eng,varicella,Varicella,Varicella,NA,2.2.0,2.2.0,added in V2.2.0,
engvaricellaGrp,eng,varicellaGrp,Varicella Group,A group of measures/methods related to varicella viruses.,Used to describe the organism information for general measures.,2.2.0,2.2.0,added in V2.2.0,
engvax1,eng,vax1,Population with 1 dose of vaccine,"The population with exactly 1 dose of vaccine, with the vaccine specified in the measure field.",A unit used for for specifying a population-wide vaccination level measure.,2.2.0,2.2.0,Added in V 2.2.0,
engvax1p,eng,vax1p,Proportion of population with 1+ vaccine dose(s),"Specifies the portion of the population with 1 or more doses of vaccine, with the vaccine specified in the measure field.",A unit used for for specifying a population-wide vaccination level measure.,2.2.0,2.2.0,Added in V 2.2.0,
engvax1plus,eng,vax1plus,Population with 1+ dose(s) of vaccine,"The population with 1 or more doses of vaccine, with the vaccine specified in the measure field.",A unit used for for specifying a population-wide vaccination level measure.,2.0.0,2.0.0,now a unit for any group or biologic infection,
engvax2,eng,vax2,Population with 2 or more doses of vaccine,"The population with exactly 2 dose of vaccine, with the vaccine specified in the measure field.",A unit used for for specifying a population-wide vaccination level measure.,2.2.0,2.2.0,Added in V 2.2.0,
engvax2p,eng,vax2p,Proportion of population with 2+ vaccine doses,"Specifies the portion of the population with 2 or more doses of vaccine, with the vaccine specified in the measure field.",A unit used for for specifying a population-wide vaccination level measure.,2.2.0,2.2.0,Added in V 2.2.0,
engvax2plus,eng,vax2plus,Population with 2+ or more doses of vaccine,"The population with 2 or more doses of vaccine, with the vaccine specified in the measure field.",A unit used for for specifying a population-wide vaccination level measure.,2.0.0,2.0.0,now a unit for any group or biologic infection,
engvax3,eng,vax3,Population with 3 or more doses of vaccine,"The population with exactly 3 dose of vaccine, with the vaccine specified in the measure field.",A unit used for for specifying a population-wide vaccination level measure.,2.0.0,2.2.0,Added in V 2.2.0,
engvax3p,eng,vax3p,Proportion of population with 3+ vaccine doses,"Specifies the portion of the population with 3 or more doses of vaccine, with the vaccine specified in the measure field.",A unit used for for specifying a population-wide vaccination level measure.,2.2.0,2.2.0,Added in V 2.2.0,
engvax3plus,eng,vax3plus,Population with 3+ or more doses of vaccine,"The population with 3 or more doses of vaccine, with the vaccine specified in the measure field.",A unit used for for specifying a population-wide vaccination level measure.,2.0.0,2.0.0,added in V2.0.0,
engvax4,eng,vax4,Population with 4 or more doses of vaccine,"The population with exactly 4 dose of vaccine, with the vaccine specified in the measure field.",A unit used for for specifying a population-wide vaccination level measure.,2.2.0,2.2.0,Added in V 2.2.0,
engvax4p,eng,vax4p,Proportion of population with 4+ vaccine doses,"Specifies the portion of the population with 4 or more doses of vaccine, with the vaccine specified in the measure field.",A unit used for for specifying a population-wide vaccination level measure.,2.2.0,2.2.0,Added in V 2.2.0,
engvax4plus,eng,vax4plus,Population with 4+ or more doses of vaccine,"The population with 4 or more doses of vaccine, with the vaccine specified in the measure field.",A unit used for for specifying a population-wide vaccination level measure.,2.2.0,2.2.0,Added in V 2.2.0,
engversion1Category,eng,version1Category,ODM V1 category,ODM V1 category,NA,2.0.0,2.0.0,added in V2.0.0,
engversion1Location,eng,version1Location,ODM V1 location,ODM V1 location,NA,2.0.0,2.0.0,added in V2.0.0,
engversion1Table,eng,version1Table,ODM V1 table,ODM V1 table,NA,2.0.0,2.0.0,added in V2.0.0,
engversion1to2Changes,eng,version1to2Changes,ODM version 1 to 2 changes,Changes for part between ODM v1 and V2,NA,2.0.0,2.0.0,added in V2.0.0,
engversion1Variable,eng,version1Variable,ODM V1 variable,ODM V1 variable,NA,2.0.0,2.0.0,added in V2.0.0,
engvibrio,eng,vibrio,Vibrio,Vibrio,NA,2.2.0,2.2.0,added in V2.2.0,
engvibrioGrp,eng,vibrioGrp,Vibrio Group,A group of measures/methods related to vibrio bacteria.,Used to describe the organism information for general measures.,2.2.0,2.2.0,added in V2.2.0,
engvirusMisc,eng,virusMisc,Miscellaneous viruses group,A group of measures/methods related to miscellaneous viruses.,"The miscallenous viruses are often measured for normalization or standardization and have only one measure or method. When a virus has many measures, they will be given their own groupID in updated dictionary versions.",1.0.0,2.2.0,Depreciated in V2.0.0,
engvol,eng,vol,Size in volume,Total volume of water or sludge sampled.,Used for water or air testing,2.0.0,2.0.0,added in V2.0.0,
engvolPr,eng,volPr,Volume proportional sample,A volume proportional sample generally collected by an autosampler.,"The sampling takes the same wastewater volume at variable time intervals, after a defined volume of wastewater has passed the sampling point.
This is also called constant volume, variable time (CVVT).",2.0.0,2.0.0,added in V2.0.0,
engvolumeUnitSet,eng,volumeUnitSet,Volume unit set,Unit set of volume measurements.,NA,1.0.0,2.0.0,"description wording, structure",
engvss,eng,vss,Volatile suspended solids,Volatile suspended solids,NA,2.0.0,2.0.0,added in V2.0.0,
engvssIg,eng,vssIg,Volatile suspended solids - ignition,"A water quality measure, captured by via the loss on ignition of the mass of measured total suspended solids. This ignition generally takes place in an oven at a temperature of 550 °C to 600 °C. It represents the amount of volatile matter present in the solid fraction of the measured solution.",NA,2.0.0,2.0.0,added in V2.0.0,
engvsv,eng,vsv,Vesicular stomatitis virus (VSV) target,Vesicular stomatitis virus is used as the recovery efficiency control target.,NA,2.0.0,2.0.0,added in V2.0.0,
engvsvABIFor,eng,vsvABIFor,VSV forward primer (ABI),VSV forward primer (ABI),NA,2.2.0,2.2.0,added in V2.2.0,
engvsvABIProbe,eng,vsvABIProbe,VSV probe (ABI),VSV probe (ABI),NA,2.2.0,2.2.0,added in V2.2.0,
engvsvABIRev,eng,vsvABIRev,VSV reverse primer (ABI),VSV reverse primer (ABI),NA,2.2.0,2.2.0,added in V2.2.0,
engvsvGrp,eng,vsvGrp,Vesicular Stomatitis Virus (VSV) Group,A group of measures/methods related to Vesicular Stomatitis Virus (VSV).,Used to describe the organism information for general measures.,2.2.0,2.2.0,added in V2.2.0,
engvtec,eng,vtec,Verotoxin-producing Escherichia coli (VTEC),Verotoxin-producing Escherichia coli (VTEC),NA,2.2.0,2.2.0,added in V2.2.0,
engwat,eng,wat,Water compartment,"A measure or observation made from a substance in the water, including wastewater.",NA,1.0.0,2.0.0,Updated,
engwatConcBuff,eng,watConcBuff,water concentrating buffer (R2042-1),water concentrating buffer (R2042-1),NA,2.2.0,2.2.0,added in V2.2.0,
engwater,eng,water,Water depreciated,"Non-wastewater, coming from any kind of water body.",NA,2.0.0,2.0.0,added in V2.0.0,
engwaterCompartmentSet,eng,waterCompartmentSet,Water compartment set,A compartment set for measures and methods in the water compartment.,NA,1.0.0,2.0.0,"description wording, structure",
engwaterQualityGrp,eng,waterQualityGrp,Water Quality Group,A group of measures/methods related to water quality.,NA,2.2.0,2.2.0,added in V2.2.0,
engwaterTH,eng,waterTH,Water-based Transit Hub,A transport hub is a place where passengers and cargo are exchanged between water-based vehicles and/or between water-based transport modes.,Used when not greater detail can be provided,2.2.3,2.2.3,added in v2.2.3,
engwatTemp,eng,watTemp,Wastewater temperature,Temperature of the wastewater.,NA,2.0.0,2.0.0,"added in V2.0.0, github issue #124 and #204",
engweath,eng,weath,Weather (time of sampling),A measure for weather captured through qualitative categories; part of a larger suite of weather measures that may be useful when collecting samples from outdoor sources.,NA,2.0.0,2.0.0,"added in V2.0.0, github issue #124 and #204",
engweather,eng,weather,Weather class,Measures and methods relating to weather.,NA,2.0.0,2.0.0,added in V2.0.0,
engweathSet,eng,weathSet,Weather set,A set of the valid qualitative categories for the qualitative weather measure.,NA,2.0.0,2.0.0,added in V2.0.0,
engwestNile,eng,westNile,West Nile,West Nile,NA,2.2.0,2.2.0,added in V2.2.0,
engwgs,eng,wgs,Whole genome sequencing,Specifies the whole genome sequencing (WGS) strategy for genetic sequencing,NA,2.0.0,2.0.0,added in V2.0.0,
engwho,eng,who,WHO nomenclature,Specifies variant or genetic nomenclature as set out by the World Health Organization.,"If there are multiple issues to flage, use the multiple issues flag and explain the details in the notes section.",2.0.0,2.0.0,added in V2.0.0,
engwI,eng,wI,Wide 95% interval,"The 95% interval is too wide, low confidence in results.",NA,2.0.0,2.0.0,added in V2.0.0,
engwideAttribute,eng,wideAttribute,Specified attribute (wide table),Unique identifier for an attribute in a wide table only. ,NA,2.2.0,2.2.0,added in V2.2.0,
engwideCompartmentSet,eng,wideCompartmentSet,Compartment set for wide names,Compartment set for wide names.,For wide names.,2.2.0,3.0.0,officially activate in v 3.0.0,
engwideFractionSet,eng,wideFractionSet,Fraction set for wide names,Fraction set for wide names.,For wide names.,2.2.0,2.2.0,Added in V 2.2.0,
engwideMeasure,eng,wideMeasure,Measure identification (wide table),Unique identifier for a measure in a wide table only. ,NA,2.0.0,2.0.0,added in V2.0.0,
engwideName,eng,wideName,Wide Name,Unique identifier for wide table only. Use when all measures are performed on a single sample at the same time and same laboratory. Suggestion: siteID_sampleID_LabID_reportDate_ID.,NA,2.0.0,2.0.0,added in V2.0.0,
engwideNames,eng,wideNames,Wide name table,The table for wide names.,NA,2.0.0,2.0.0,"added in V2.0.0, github issue #124 and #204",
engwideNamesOrder,eng,wideNamesOrder,Wide name table order,Column for indicating the order of the fields in the wide names table.,NA,2.2.0,2.2.0,added in V2.2.0,
engwideNamesRequired,eng,wideNamesRequired,Wide name table required,Column for indicating which fields in the wide names table are mandatory.,NA,2.2.0,2.2.0,added in V2.2.0,
engwideNameType,eng,wideNameType,Wide name type,"The type of wide name generated. Possible options are measure, protocol or attribute.",NA,2.2.0,2.2.0,added in V2.2.0,
engwideProtocol,eng,wideProtocol,Specified protocol (wide table),Unique identifier for a protocol in a wide table only. ,NA,2.2.0,2.2.0,added in V2.2.0,
engwideSpecimenSet,eng,wideSpecimenSet,Speciment set for wide names,Speciment set for wide names.,For wide names.,2.2.0,2.2.0,Added in V 2.2.0,
engwind,eng,wind,Wind Speed,A measure for wind speed; part of a larger suite of weather measures that may be useful when collecting samples from outdoor sources.,NA,2.0.0,2.0.0,added in V2.0.0,
engwindSpeedUnitSet,eng,windSpeedUnitSet,Wind speed unit set,Unit set for wind speed measurements.,NA,1.0.0,2.0.0,"description wording, structure",
engwn,eng,wn,Wide name table Shorthand,The abbreviated short name used to reference the The table for wide names.,table,2.2.2,2.2.2,added in V 2.2.2,
engwrongStorage,eng,wrongStorage,Sample stored incorrectly,Sample was stored inappropriately.,NA,2.0.0,2.0.0,added in V2.0.0,
engwrongTemp,eng,wrongTemp,Sample stored at wrong temperature,Sample was stored at an inappropriate temperature.,NA,2.0.0,2.0.0,added in V2.0.0,
engwSphere,eng,wSphere,World Sphere (W-SPHERE),World Sphere header,NA,2.0.0,2.0.0,added in V2.0.0,
engwSphereForm,eng,wSphereForm,wSphere Format,Dataset was originally recorded and/or stored in wSphere format.,NA,3.0.0,3.0.0,added in V3.0.0,
engwSphereNotes,eng,wSphereNotes,World Sphere (W-SPHERE) notes,W-Shere notes,NA,1.0.0,2.0.0,"description wording, structure",
engwt214,eng,wt214,Delta Variant wt214 gene target,Delta Variant wt214 gene target,NA,2.2.0,2.2.0,added in V2.2.0,
engwtfpl,eng,wtfpl,Do What The F*ck You Want To Public License,The licensing for the measure or data set is managed under the Do What The F*ck You Want To Public License.,NA,2.2.0,2.2.0,added in V2.2.0,
engwwtp,eng,wwtp,Wastewater treatment plant,A general site type for wastewater treatment plants.,"Used as a catch-all category for industrial or municipal wastewater treatment plants that carry combined or sanitary sewage, or lagoons.",1.0.0,2.0.0,"description wording, structure",
engwwtpBack,eng,wwtpBack,Back-up wastewater treatment site,"Indicates a wastewater treatment plant where multiple labs are or were sampling, and where secondary samples are being taken taken.","Maps to units of either million gallons per day, or population equivalents.",2.0.0,2.0.0,"added in V2.0.0, github issue #123",
engwwtpCap,eng,wwtpCap,Wastewater treatment plant designed capacity,"A measure for the designed capacity of a wastewater treatment plant, in terms of how much water it was designed to be able to hold and process.",NA,1.0.0,2.0.0,"description wording, structure",
engwwtpInd,eng,wwtpInd,Industrial wastewater treatment plant,Industrial wastewater treatment plant,NA,1.0.0,2.0.0,"description wording, structure",
engwwtpMuC,eng,wwtpMuC,Municipal wastewater treatment plant for combined sewage,Municipal wastewater treatment plant for combined sewage,NA,1.0.0,2.0.0,"description wording, structure",
engwwtpMuS,eng,wwtpMuS,Municipal wastewater treatment plant for sanitary sewage only,Municipal wastewater treatment plant for sanitary sewage only,NA,2.0.0,2.0.0,added in V2.0.0,
engxg,eng,xg,Relative Centrifugal Force (RCF) or x g units,"RCF (Relative Centrifugal Force) denotes the degree of force exerted on a sample. RCF is quantified in multiples of the gravitational acceleration that is standard at the Earth's surface (x g). Thus, the terms RCF and XG are often used interchangeably in centrifugation protocols.",NA,2.2.0,2.2.0,added in V2.2.0,
engy505h,eng,y505h,y505h omicron-variant gene target,y505h omicron-variant mutation gene target,NA,2.0.0,2.0.0,added in V2.0.0,
engyears,eng,years,Years,A unit for indicating a length of time in years.,NA,2.0.0,2.0.0,added in V2.0.0,
engyEnterocolitica,eng,yEnterocolitica,Yersinia enterocolitica,Yersinia enterocolitica,NA,2.2.0,2.2.0,added in V2.2.0,
engyersiniaGrp,eng,yersiniaGrp,Yersinia Group,A group of measures/methods related to yersinia bacteria.,Used to describe the organism information for general measures.,2.2.0,2.2.0,added in V2.2.0,
engzika,eng,zika,Zika,Zika,NA,2.2.0,2.2.0,added in V2.2.0,
engzlib,eng,zlib,zLib License,The licensing for the measure or data set is managed under the zLib License.,NA,2.2.0,2.2.0,added in V2.2.0,
engzo,eng,zo,Zones look-up table Shorthand,The abbreviated short name used to reference the Look up table for the possible sub-national region or zone inputs.,table,2.2.2,2.2.2,added in V 2.2.2,
engzoneName,eng,zoneName,English name of country sub-domains,The english-language name for a given country sub-domain.,"Preprogrammed into dictionary tables, not editable by users.",2.1.0,2.1.0,added in V2.1.0,
engzones,eng,zones,Zones look-up table,Look up table for the possible sub-national region or zone inputs.,NA,2.1.0,2.1.0,added in V2.1.0,
engzonesOrder,eng,zonesOrder,Zones table column order,Specifies the order of the columns in the zones table.,NA,2.1.0,2.1.0,added in V2.1.0,
engzonesRequired,eng,zonesRequired,Zones table required headers,Required headers in the zones table.,NA,2.1.0,2.1.0,added in V2.1.0,
engzymo1035,eng,zymo1035,zymo quick-rna viral kit #r1035,zymo quick-rna viral kit #r1035,NA,2.2.0,2.2.0,added in V2.2.0,
engzymo1041,eng,zymo1041,zymo quick-rna viral 96 kit #r1041,zymo quick-rna viral 96 kit #r1041,NA,2.2.0,2.2.0,added in V2.2.0,
engzymoEnv,eng,zymoEnv,zymo environ water rna kit/ zymo environ water rna kit (cat. r2042),Nucleic acid extraction performed using the zymo environ water rna kit/ zymo environ water rna kit (cat. r2042).,NA,2.0.0,2.0.0,added in V2.0.0,
engzymoQuick,eng,zymoQuick,zymo quick-rna fungal/bacterial miniprep #r2014,Nucleic acid extraction performed using the zymo quick-rna fungal/bacterial miniprep #r2014 kit.,NA,2.0.0,2.0.0,added in V2.0.0,
engzymoWatRNA,eng,zymoWatRNA,zymo environ water rna kit/ zymo environ water rna kit (cat. r2042),zymo environ water rna kit (cat. r2042),NA,2.2.0,2.2.0,added in V2.2.0,
engFALSE,eng,FALSE,FALSE,Boolean data type = FALSE,"Use these values and their set for any boolean measure or attribute. Use only ""FALSE"" (case sensitive)",1.0.0,2.3.0,"changed part ID from ""false"" to ""FALSE"".",
engTRUE,eng,TRUE,TRUE,Boolean data type = TRUE,"Use only ""TRUE"" (case sensitive)",1.0.0,2.3.0,"changed part ID from ""true"" to ""TRUE"".",
fraa1306s,fra,a1306s,a1306s cible du gène variante delta,Gène cible a1306s de la variante delta.,NA,2.0.0,2.0.0,added in V2.0.0,
fraa1918v,fra,a1918v,a1918v cible du gène variante delta,Gène cible a1918v de la variante delta.,NA,2.0.0,2.0.0,added in V2.0.0,
fraa2710t,fra,a2710t,a2710t cible du gène variante omicron,Gène cible a2710t de la variante omicron.,NA,2.0.0,2.0.0,added in V2.0.0,
fraa63t,fra,a63t,a63t cible du gène variante omicron,Gène cible a63t de la variante omicron.,NA,2.0.0,2.0.0,added in V2.0.0,
fraa67v,fra,a67v,a67v cible du gène variante omicron,Gène cible a67v de la variante omicron.,NA,2.0.0,2.0.0,added in V2.0.0,
fraa67vDel69Del70,fra,a67vDel69Del70,Variante Omicron a67v mutations del69 et del70,La mutation a67v de la variante Omicron et les mutations del 69 et del70 cooccurrentes.,NA,2.2.0,2.2.0,added in V2.2.0,
fraaas,fra,aas,Analyseur manuel,Mesure à l'aide d'un échantillonneur.,NA,1.0.0,2.0.0,"description wording, structure",
fraabsHum,fra,absHum,Humidité absolue,Une mesure de la masse de vapeur d'eau présente dans l'air par volume d'air.,NA,2.0.0,2.0.0,added in V2.0.0,
fraabsHumidUnitSet,fra,absHumidUnitSet,Ensemble d'unités d'humidité absolue,Ensemble d'unités pour les mesures d'humidité absolue.,NA,2.0.0,2.0.0,added in V2.0.0,
fraacadem,fra,academ,Organisation de type d'institution académique,La catégorie de type d'organisation utilisée pour les institutions universitaires ou les groupes de recherche.,NA,2.0.0,2.0.0,added in V2.0.0,
fraacinetobacter,fra,acinetobacter,Acinetobacter,Acinetobacter,NA,2.2.0,2.2.0,added in V2.2.0,
fraacinetobacterGrp,fra,acinetobacterGrp,Groupe Acinetobacter,Un groupe de mesures/méthodes relatives à la bactérie acinebacter.,Utilisé pour décrire les informations sur l'organisme pour les mesures générales.,2.2.0,2.2.0,added in V2.2.0,
fraacti,fra,acti,Nombre de cas actifs,Nombre de cas actifs.,NA,1.0.0,2.0.0,now a unit for any group or biologic infection,
fraactiCaseOn,fra,actiCaseOn,Nombre de cas actifs par date d'apparition,Nombre de cas actifs par date d'apparition.,"La date de l'épisode est la première date d'apparition, de test ou de déclaration d'un cas confirmé.",2.2.0,2.2.0,added in V2.2.0,
fraactiEp,fra,actiEp,Nombre de cas actifs par date d'épisode,Nombre de cas actifs par date d'épisode.,"La date de l'épisode est la première date d'apparition, de test ou de déclaration d'un cas confirmé.",2.2.0,2.2.0,added in V2.2.0,
fraactiRep,fra,actiRep,Nombre de cas actifs par date de rapport,Nombre de cas actifs par date de rapport.,"La date de l'épisode est la première date d'apparition, de test ou de déclaration d'un cas confirmé.",2.2.0,2.2.0,added in V2.2.0,
fraactiTest,fra,actiTest,Nombre de cas actifs par date de test,Nombre de cas actifs par date de test.,"La date de l'épisode est la première date d'apparition, de test ou de déclaration d'un cas confirmé.",2.2.0,2.2.0,added in V2.2.0,
fraactive,fra,active,actif,Indicateur permettant de dire qu'une pièce est en cours d'utilisation dans le modèle. Voir partID = status,NA,2.0.0,2.0.0,added in V2.0.0,
fraad,fra,ad,Raccourci du tableau d'adresses ,"Nom abrégé utilisé pour référencer la table contenant des informations sur les adresses. Les adresses peuvent être enregistrées pour des sites, des organisations ou des contacts (individus). ",table,2.2.2,2.2.2,added in V 2.2.2,
fraaDate,fra,aDate,Date d'analyse,Date à laquelle la mesure a été effectuée au laboratoire.,NA,1.0.0,2.1.0,Github Issue #211,
fraaDateEnd,fra,aDateEnd,Date de l'analyse,Date à laquelle la mesure a été réalisée en laboratoire.,NA,1.0.0,2.0.0,Depreciated. See issue #211. https://github.com/Big-Life-Lab/PHES-ODM/issues/211,
fraaDateStart,fra,aDateStart,Date-heure,Date à laquelle la mesure a été réalisée.,NA,1.0.0,2.0.0,NA,
fraaddL1,fra,addL1,Ligne d'adresse 1,"Ligne 1 (le nom de la rue, le numéro et la direction) pour une adresse donnée.",NA,2.0.0,2.0.0,added in V2.0.0,
fraaddL2,fra,addL2,Ligne d'adresse 2,Ligne 2 (le numéro de l'unité) pour une adresse donnée.,NA,2.0.0,2.0.0,added in V2.0.0,
fraaddresses,fra,addresses,Table d'adresses,La table qui contient de l'information sur les adresses.,NA,2.0.0,2.0.0,NA,
fraaddressesOrder,fra,addressesOrder,L’ordre des colonnes de la table d'adresses,Indique l’ordre des colonnes dans une table d'échantillon.,NA,2.0.0,2.0.0,added in V2.0.0,
fraaddressesRequired,fra,addressesRequired,Exigences de la table d'adresses,Indique les colonnes requises dans une table d'adresses.,NA,2.0.0,2.0.0,added in V2.0.0,
fraaddressID,fra,addressID,ID de l'adresse,Un identifiant unique pour une adresse.,NA,2.0.0,2.0.0,added in V2.0.0,
fraadenovirusF40,fra,adenovirusF40,Adénovirus (F40/41),Adénovirus (F40/41),NA,2.2.0,2.2.0,added in V2.2.0,
fraadenovirusGrp,fra,adenovirusGrp,Groupe Adénovirus,Un groupe de mesures/méthodes relatives aux adénovirus.,Utilisé pour décrire les informations sur l'organisme pour les mesures générales.,2.2.0,2.2.0,added in V2.2.0,
fraadmRegLevel,fra,admRegLevel,Régions administratives,Régions administratives,NA,2.0.0,3.0.0,"Reactivated as organization level and sector categorical inputs, rather than attributes.",
fraadv40,fra,adv40,Adénovirus 40,Adénovirus de sérotype 40.,NA,2.1.0,2.1.0,added in V2.1.0,
fraadv41,fra,adv41,Adénovirus 41,Adénovirus de sérotype 41.,NA,2.1.0,2.1.0,added in V2.1.0,
fraadvF41Fibre,fra,advF41Fibre,Adénovirus F41 Cible du gène de la fibre,Cible du gène des fibres de l'adénovirus humain du groupe F41,NA,2.1.0,2.1.0,added in V2.1.0,
fraafl30,fra,afl30,Licence libre académique v3.0,La licence de la mesure ou de l'ensemble de données est gérée sous la licence libre académique v3.0.,NA,2.2.0,2.2.0,added in V2.2.0,
fraafu,fra,afu,Unité de filtration d'air,Unité de filtration ou de circulation d'air. ,L'unité est généralement équipée d'un ventilateur ou d'une soufflerie. ,2.0.0,2.0.0,added in V2.0.0,
fraaggregationScale,fra,aggregationScale,ID d'échelle d'agrégation,Une échelle utilisée pour une agrégation. Voir partID = ...,NA,2.0.0,3.0.1,fixed partID typo - aggragation to aggregation.,
fraaggregation,fra,aggregation,ID d'agrégation,Mesures statistiques utilisées pour rendre compte d'une mesure. Chaque agrégation a une valeur correspondante.,NA,1.0.0,2.0.0,restructured,
fraaggregationInput,fra,aggregationInput,Entrée de l'agrégation (table large),Le partID de l'agrégation utilisée dans un nom large.,NA,2.2.0,2.2.0,added in V2.2.0,
fraaggregationName,fra,aggregationName,Nom de l'agrégation (tableau large),L'agrégation référencée pour le nom large.,NA,2.2.0,2.2.0,added in V2.2.0,
fraaggregations,fra,aggregations,Agrégation,Mesures statistiques utilisées pour rendre compte d'une mesure. Chaque dataType qui est un nombre doit être rapporté avec une agrégation.,NA,2.0.0,2.0.0,added in V2.0.0,
fraaggregationScales,fra,aggregationScales,Type de partie d'échelle d'agrégation,Le type de partie pour les échelles d'agrégation.,NA,2.0.0,2.0.0,added in V2.0.0,
fraaggregationSet,fra,aggregationSet,ID de l'ensemble d'agrégation,"L'ID d'un ensemble d'agrégations. S'applique principalements aux ""partType = units"".",NA,2.0.0,2.0.0,added in V2.0.0,
fraaggregationSets,fra,aggregationSets,Ensembles d'agrégation,"Ensembles d'agrégations qui peuvent être utilisés pour les mesures. Quelques exemples d'ensembles d'agrégations sont le logarithme, le linéaire et le booléen.","Les ensembles sont des listes de valeurs d'entrée. Chaque valeur d'entrée dans un ensemble est une partie (a un partID) qui peut être réutilisée entre les ensembles. Par exemple, un ensemble A peut contenir les valeurs ""oui"" et ""non"" ; et un ensemble B peut contenir les valeurs ""oui"", ""non"" et ""peut-être"". Les types de partie avec les ensembles comprennent les agrégations, les compartiments, les manques, les indicateurs de qualité, les spécimens et les unités. Les mesures avec catégories et types de données ont leurs propres ensembles de catégories spécifiques (catSetID) car leurs valeurs d'entrée sont uniques et ne sont pas réutilisées.",2.0.0,2.0.0,added in V2.0.0,
fraagpl30,fra,agpl30,Licence publique générale GNU Affero v3.0,La licence de la mesure ou de l'ensemble de données est gérée sous la licence publique générale GNU Affero v3.0.,NA,2.2.0,2.2.0,added in V2.2.0,
fraair,fra,air,Air,Une mesure ou une observation faite à partir d'une substance dans l’air.,NA,2.0.0,2.0.0,"added in V2.0, changed to partType = compartment",
fraairCompartmentSet,fra,airCompartmentSet,Ensemble de compartiments d’air,Un ensemble de compartiments pour les mesures et méthodes dans le compartiment air.,NA,2.0.0,2.0.0,added in V2.0.0,
fraairpln,fra,airpln,Avion,Avion.,NA,1.0.0,2.0.0,"description wording, structure",
fraairport,fra,airport,Aéroport,Type de catégorie du bassin d'échantillonnage de l'aéroport,NA,2.0.0,2.0.0,added in V2.0.0,
fraairportLists,fra,airportLists,Feuille de calcul pour les listes d'aéroports,Listes des parties utilisées pour générer des modèles de saisie de données sur les aéroports et les avions.,NA,2.0.0,2.0.0,added in V2.0.0,
fraairportSheetSet,fra,airportSheetSet,Ensemble de fichiers de l'aéroport,Ensemble de compartiments pour les noms larges.,`ODM_template-planes_{version}.xlxs,2.0.0,2.0.0,added in V2.0.0,
fraairportTemplate,fra,airportTemplate,Modèle de surveillance d'aéroport,Ensemble de fractions pour les noms larges.,NA,2.0.0,2.1.0,Update,
fraairSurfaceCompartmentSet,fra,airSurfaceCompartmentSet,Ensemble de compartiments de surface et d'air.,Un ensemble de compartiments pour les mesures et les méthodes dans les compartiments de l'air ou de la surface.,NA,2.0.0,2.0.0,added in V2.0.0,
fraairTemp,fra,airTemp,Température ambiante,Température ambiante.,NA,1.0.0,2.0.0,"description wording, structure",
fraairWaterCompartmentSet,fra,airWaterCompartmentSet,Ensemble de compartiments d’eau et d'air.,Un ensemble de compartiments pour les mesures et les méthodes dans les compartiments air ou eau.,NA,2.0.0,2.0.0,added in V2.0.0,
fraaliasDep,fra,aliasDep,Alias,Identifiants d'autres instruments présents dans la table qui sont similaires é l'instrument courant. Insérer sous forme de liste séparée par des virgules.,NA,1.0.0,2.0.0,depreciated,
fraaliasIDDep,fra,aliasIDDep,Alias ID,Identifiants d'autres méthodes d'analyse présentes dans la table qui sont similaires é la méthode courante. Insérer sous forme de liste séparée par des virgules.,NA,1.0.0,2.0.0,depreciated,
fraallDo,fra,allDo,Toutes les domains,"Domaine qui précise qu'il peut s'appliquer à tous les domaines : biologique, chimique et physique.",NA,2.0.0,2.0.0,added in V2.0.0,
fraallele,fra,allele,Classe d'allèles,Spécifie une collection de mesures/méthodes relatives aux allèles.,NA,2.0.0,2.0.0,added in V2.0.0,
fraalleleUnitSet,fra,alleleUnitSet,Ensemble de spécimens de site,Un ensemble de spécimens qui ne comprend qu'un spécimen de site.,NA,2.0.0,2.0.0,added in V2.0.0,
fraallOrgs,fra,allOrgs,Accès à Tout,"Si ""Non"", la donnée ne sera pas accessible par toute organisation partenaire. Si ""Oui"" ou laissé vide, la donnée leur sera accessible.",NA,1.0.0,2.0.0,depreciated,
fraalod,fra,alod,Assay Limit of Detection (LOD),"Le niveau minimum d'une cible détectable de manière cohérente (par exemple, avec une probabilité de 95 %) en utilisant l'essai en tenant compte uniquement des étapes d'amplification et de quantification de la RT-qPCR.",NA,2.2.0,3.0.0,changed quality indicator set from general to measure.,
fraaloh3,fra,aloh3,Précipitation d'Aloh3,Précipitation d'Aloh3,NA,2.0.0,2.0.0,"added in V2.0.0, added from NWSS",
fraamDefDep,fra,amDefDep,ID méthode d'analyse par défaut,"Identifiant de la méthode d'analyse utilisée par défaut quand une nouvelle mesure est créé par ce laboratoire. Se référer é la colonne ""assayMethodID"" dans la table ""AssayMethod""",NA,1.0.0,2.0.0,depreciated,
fraamiconUf,fra,amiconUf,Ultrafiltration Amicon,Ultrafiltration Amicon,NA,2.0.0,2.0.0,"added in V2.0.0, added from NWSS",
fraamiMP96,fra,amiMP96,"Filtre Amicon, extrait avec MP96","Extraction de l'acide nucléique, généralement utilisée pour la fraction liquide d'un échantillon d'eau usée, en utilisant la filtration amicon et en utilisant un MP96 pour l'extraction finale.",NA,2.0.0,2.0.0,added in V2.0.0,
fraamp,fra,amp,Séquençage par amplicon,Spécifie la stratégie d'amplicon pour le séquençage génétique,NA,2.0.0,2.0.0,added in V2.0.0,
fraampliArtifact,fra,ampliArtifact,Artefacts d'amplification de séquence,Artefacts d'amplification de séquence détectés.,NA,2.3.0,2.3.0,added in v 2.3.0,
fraamrGrp,fra,amrGrp,Résistance aux antimicrobiens,Le groupe pour les mesures et méthodes relatives aux microbes résistants aux antimicrobiens.,NA,2.1.0,2.1.0,added in V2.1.0,
fraanaplasmaGrp,fra,anaplasmaGrp,Groupe Anaplasma,Un groupe de mesures/méthodes relatives à la bactérie anaplasma.,Utilisé pour décrire les informations sur l'organisme pour les mesures générales.,2.2.0,2.2.0,added in V2.2.0,
fraandBoo,fra,andBoo,ET agrégation boléen," ""ET"" agrégation","Si toutes les valeurs de l'agrégation sont ""VRAIES"", l'agrégation ET est également ""VRAIE"". Si toutes les valeurs de l'agrégation sont ""FAUX"", l'agrégation ET est également ""VRAIE"". ",2.0.0,2.0.0,added in V2.0.0,
fraanneal,fra,anneal,annealing/extension,Décrit le cycle de recuit et/ou d'extension dans un processus de PCR.,NA,2.2.0,2.2.0,added in V2.2.0,
fraanyCompartmentSet,fra,anyCompartmentSet,Tout ensembles de compartiments,Un ensemble de compartiments pour les mesures et les méthodes dans n'importe quel compartiment.,NA,2.0.0,2.0.0,added in V2.0.0,
fraanySpecimenSet,fra,anySpecimenSet,Tout ensembles de spécimens,Un ensemble de spécimens qui comprend n'importe quel spécimen.,NA,2.0.0,2.0.0,added in V2.0.0,
fraapache20,fra,apache20,Licence Apache 2.0,La licence pour la mesure ou l'ensemble de données est gérée sous la licence Apache 2.0.,NA,2.2.0,2.2.0,added in V2.2.0,
fraaPhagocytophilum,fra,aPhagocytophilum,Anaplasma phagocytophilum,Anaplasma phagocytophilum,NA,2.2.0,2.2.0,added in V2.2.0,
fraareaPr,fra,areaPr,Echantillon proportionnel à la surface,Un échantillon proportionnel au domaine.,Utilisé pour les tests de surface.,2.0.0,2.0.0,added in V2.0.0,
fraarTemp,fra,arTemp,Température d'arrivée,La température d'un échantillon à son arrivée au laboratoire pour analyse.,NA,1.0.0,2.0.0,added in V2.0.0,
fraarticV3,fra,articV3,Utilisation de l'amorce articV3,Mise en œuvre initiale d'une plateforme bioinformatique ARTIC pour le séquençage nanopore du nouveau coronavirus nCoV2019 ; amorce Artic Foundation v3.,NA,2.0.0,2.0.0,added in V2.0.0,
fraarticV4,fra,articV4,Utilisation de l'amorce articV4,Amorce de séquençage Artic V4 pour les COV et les VOI.,NA,2.0.0,2.0.0,added in V2.0.0,
fraartistic20,fra,artistic20,Licence artistique 2.0,La licence de la mesure ou de l'ensemble de données est gérée sous la licence Artistic 2.0.,NA,2.2.0,2.2.0,added in V2.2.0,
fraasID,fra,asID,ID de la procédure d'analyse,"Crée un lien avec la table ""AssayMethod"" pour décrire la méthode employée pour effectuer la mesure. Utiliser l'identifiant de l'instrument pour des mesures non virales.",NA,1.0.0,2.0.0,"depreciated, now covered by partID = methodID",
fraastrovirus,fra,astrovirus,Astrovirus,Astrovirus,NA,2.2.0,2.2.0,added in V2.2.0,
fraastrovirusGrp,fra,astrovirusGrp,Groupe Astrovirus,Un groupe de mesures/méthodes relatives aux astrovirus.,Utilisé pour décrire les informations sur l'organisme pour les mesures générales.,2.2.0,2.2.0,added in V2.2.0,
fraattributeInput,fra,attributeInput,Entrée attribut (table large),Le partID de l'attribut utilisé dans un nom large.,NA,2.2.0,2.2.0,added in V2.2.0,
fraattributeName,fra,attributeName,Nom de l'attribut (tableau large),L'attribut référencé pour le nom large.,NA,2.2.0,2.2.0,added in V2.2.0,
fraattributes,fra,attributes,Attributs de la composante,"Un attribut d'un domaine, d'un spécimen, d'un compartiment ou d'une table de rapport. ",Les attributs sont l'une des trois principales composantes ou manières de rapporter les données de survie de l'environnement. Les deux autres composantes sont les mesures et les méthodes.,2.0.0,2.0.0,added in V2.0.0,
frababesia,fra,babesia,Babesia,Babesia,NA,2.2.0,2.2.0,added in V2.2.0,
frababesiaGrp,fra,babesiaGrp,Groupe Babesia ou Nuttallia,Un groupe de mesures/méthodes relatives aux parasites babesia.,Utilisé pour décrire les informations sur l'organisme pour les mesures générales.,2.2.0,2.2.0,added in V2.2.0,
frabact16sABIFor,fra,bact16sABIFor,Bacteroides 16S amorce directe (HF183) (ABI),Bacteroides 16S amorce directe (HF183) (ABI),NA,2.2.0,2.2.0,added in V2.2.0,
frabact16sABIProbe,fra,bact16sABIProbe,Sonde Bacteroides 16S (BacP234) (ABI),Sonde Bacteroides 16S (BacP234) (ABI),NA,2.2.0,2.2.0,added in V2.2.0,
frabact16sABIRev,fra,bact16sABIRev,Bacteroides 16S amorce inverse (BacR287) (ABI),Bacteroides 16S amorce inverse (BacR287) (ABI),NA,2.2.0,2.2.0,added in V2.2.0,
frabacteriaUnitSet,fra,bacteriaUnitSet,Ensemble d'unités de bactéries,Ensemble d'unités pour les mesures liées aux bactéries.,NA,2.0.0,2.0.0,added in V2.0.0,
frabacteroidesGrp,fra,bacteroidesGrp,Groupe Bacteroides,Un groupe de mesures/méthodes relatives aux bactéries bacteroides.,Utilisé pour décrire les informations sur l'organisme pour les mesures générales.,2.2.0,2.2.0,added in V2.2.0,
frabactFung,fra,bactFung,Classe de bactéries,Measures and methods relating to bacteria.,NA,2.0.0,2.0.0,added in V2.0.0,
frabactMisc,fra,bactMisc,Groupe des bactéries diverses,Un groupe de mesures/méthodes relatives à diverses bactéries.,"Les bactéries diverses sont souvent mesurées à des fins de normalisation ou de standardisation et n'ont qu'une seule mesure ou méthode. Lorsqu'une bactérie possède de nombreuses mesures, elle se verra attribuer son propre groupID dans les versions actualisées du dictionnaire.",2.0.0,3.0.0,Re-activated to manage grouping for generic bacterial wet lab methods.,
frabbMP96,fra,bbMP96,"Battement de billes, extrait avec MP96","Extraction d'acide nucléique, généralement utilisée pour la fraction solide d'un échantillon d'eaux usées, en utilisant le battage de billes et en utilisant un MP96 pour l'extraction finale.",NA,2.0.0,2.0.0,added in V2.0.0,
frabBurgdorferi,fra,bBurgdorferi,Borrelia burgdorferi,Borrelia burgdorferi,NA,2.2.0,2.2.0,added in V2.2.0,
frabcov,fra,bcov,bcov,Mesure de la quantité de coronavirus bovin.,NA,2.0.0,2.0.0,added in V2.0.0,
frabcovCul,fra,bcovCul,Cible de culture de coronavirus bovin,Le coronavirus bovin cultivé est utilisé comme cible de contrôle de l'efficacité de la récupération.,NA,2.0.0,2.0.0,added in V2.0.0,
frabcovGen,fra,bcovGen,Cible bcov pour le contrôle de récupération de la matrice (non spécifiée),Le coronavirus bovin (non spécifié) est utilisé comme cible de contrôle de l'efficacité de la récupération/dans les contrôles de récupération de la matrice.,NA,2.2.0,2.2.0,added in V2.2.0,
frabcovVac,fra,bcovVac,Cible du vaccin bcov,Le vaccin contre le coronavirus bovin est utilisé comme cible de contrôle de l'efficacité de la récupération.,NA,2.0.0,2.0.0,added in V2.0.0,
frabeeExtractFloc,fra,beeExtractFloc,Floculation d'extrait de bœuf,Floculation d'extrait de bœuf,NA,2.0.0,2.0.0,added in V2.0.0,
frabefore,fra,before,Est avant ,Indique que l'objet étape ou protocole se déroule avant le sujet étape ou protocole dans le conteneur de protocole globale.,À n'utiliser que pour la relation ID de la table protocolRelationships table relationshipID.,2.0.0,2.0.0,added in V2.0.0,
frabeLOD,fra,beLOD,Inférieur à la limite de détection,La mesure est inférieure à la limite de détection (LOD) pour un analyte spécifique.,NA,2.0.0,2.0.0,added in V2.0.0,
frabelowLOQ,fra,belowLOQ,Niveaux mesurés inférieurs à la limite de quantification (LOQ),"Indique qu'une mesure a détecté l'analyte, mais à des niveaux inférieurs à la limite de quantification (LOQ).",NA,2.2.3,2.2.3,added in v 2.2.3,
frabeta,fra,beta,Beta,B.1.351,NA,2.0.0,2.0.0,added in V2.0.0,
frabetaCoronaGrp,fra,betaCoronaGrp,Groupe Beta Coronavirus,Un groupe de mesures/méthodes relatives aux coronavirus bêta.,Utilisé pour décrire les informations sur l'organisme pour les mesures générales.,2.2.0,2.2.0,added in V2.2.0,
frabio,fra,bio,Biologique,Organisme et substance biologique.,NA,2.0.0,2.0.0,added in V2.0.0,
frabioRadDdpcr,fra,bioRadDdpcr,RCP numérique par émulsification de gouttelettes,Décrit une analyse RCP effectuée à l'aide de la technologie RCP d'émulsification numérique de gouttelettes de BioRad.,NA,2.0.0,2.0.0,added in V2.0.0,
frabLacAMRGrp,fra,bLacAMRGrp,Groupe de résistance antimicrobienne à la bêta-lactamase,Groupe des mesures et méthodes relatives à la résistance antimicrobienne liée aux bêta-lactamases.,NA,2.1.0,2.1.0,added in V2.1.0,
frablaCMY,fra,blaCMY,Cible du gène de résistance à la bêta-lactamase de la céphamycine,Cible du gène de la résistance antimicrobienne à la bêta-lactamase de la céphamycine.,NA,2.2.0,2.2.0,added in V2.2.0,
frablaCTXM1,fra,blaCTXM1,CTX-M Cible du gène de résistance à la bêta-lactamase,Cible du gène de résistance antimicrobienne de la bêta-lactamase CTX-M.,NA,2.2.0,2.2.0,added in V2.2.0,
frablaIMP,fra,blaIMP,Impénémase (IMP) Cible du gène de résistance à la bêta-lactamase,Cible génétique de la résistance aux antimicrobiens Bêta-Lactamase Impenemase (IMP).,NA,2.2.0,2.2.0,added in V2.2.0,
frablaKPC,fra,blaKPC,Klebsiella pneumoniae Carbapenam (KPC) Cible du gène de résistance à la bêta-lactamase,Cible génétique de la résistance antimicrobienne à la bêta-lactamase de Klebsiella pneumoniae Carbapenam (KPC).,NA,2.2.0,2.2.0,added in V2.2.0,
frablaNDM,fra,blaNDM,New-Delhi Metallo- (NDM) Gène cible de la résistance à la bêta-lactamase,Cible du gène de résistance antimicrobienne à la bêta-lactamase du New-Delhi Metallo (NDM).,NA,2.2.0,2.2.0,added in V2.2.0,
frablaOXA48,fra,blaOXA48,Cible du gène de résistance à la bêta-lactamase de type OXA,Cible du gène de la bêta-lactamase de type OXA pour la résistance aux antimicrobiens.,NA,2.2.0,2.2.0,added in V2.2.0,
frablaSHV,fra,blaSHV,SHV Cible du gène de la résistance à la bêta-lactamase,Cible du gène de la résistance antimicrobienne de la bêta-lactamase de type SHV.,NA,2.2.0,2.2.0,added in V2.2.0,
frablaTEM,fra,blaTEM,TEM Cible du gène de résistance à la bêta-lactamase,Cible génétique de la résistance aux microbes de la bêta-lactamase de type TEM.,NA,2.2.0,2.2.0,added in V2.2.0,
frablaVIM,fra,blaVIM,Cible du gène de résistance à la bêta-lactamase VIM (Verone Integron-Encoded Metallo-),Cible génétique de la résistance antimicrobienne de la bêta-lactamase de type VIM (Verone Integron-Encoded Metallo-).,NA,2.2.0,2.2.0,added in V2.2.0,
frablob,fra,blob,Type de données BLOB (Binary Large Object),Le type de données pour les données BLOB (Binary Large Object).,Utilisé uniquement pour les entrées du dictionnaire relatives aux parties.,2.0.0,2.0.0,added in V2.0.0,
fraboc,fra,boc,Largeur de la couverture (>=5x la profondeur),Positions dont la profondeur de lecture est supérieure ou égale à 5. ,Rapport en pourcentage des positions.,2.0.0,2.0.0,Issue #120,
frabod5c,fra,bod5c,Demande biochimique d'oxygène carbonée sur 5 jours,"La quantité d'oxygène utilisée pour la dégradation biochimique de la matière organique selon des procédures de laboratoire standard en cinq (5) jours en présence d'un inhibiteur de nitrification, exprimée en milligrammes par litre (mg/l).",NA,1.1.0,2.0.0,"description wording, structure",
frabod5t,fra,bod5t,Demande biochimique d'oxygène totale de 5 jours,Demande biochimique d'oxygène totale sur 5 jours.,NA,1.1.0,2.0.0,"description wording, structure",
fraboolean,fra,boolean,Type de données booléennes,Le type de données pour les données booléennes/binaires.,Utilisé uniquement pour les entrées du dictionnaire relatives aux parties.,2.0.0,2.0.0,added in V2.0.0,
frabooleanAggrSet,fra,booleanAggrSet,Ensemble d'agrégation boléen,Ensemble d'agrégation pour boléen.,NA,2.0.0,2.0.0,added in V2.0.0,
frabooleanSet,fra,booleanSet,Ensemble de valeurs booléen,L'ensemble qui contient les valeurs possibles valides pour une mesure booléenne (VRAI ou FAUX).,NA,2.0.0,2.0.0,added in V2.0.0,
fraborreliaGrp,fra,borreliaGrp,Groupe Borrelia burgdorferi ou maladie de Lyme,Un groupe de mesures/méthodes relatives à Borrelia burgdorferi ou à la maladie de Lyme.,Utilisé pour décrire les informations sur l'organisme pour les mesures générales.,2.2.0,2.2.0,added in V2.2.0,
frabrsv,fra,brsv,Groupe du virus respiratoire syncytial bovin,Indique un groupe de mesures/méthodes liées au virus respiratoire syncytial bovin.,NA,2.0.0,2.0.0,added in V2.0.0,
frabrsvCul,fra,brsvCul,VRSB culture Spike Target,Le virus respiratoire syncytial bovin (VRSB) cultivé est utilisé comme cible de contrôle de l'efficacité de la récupération.,NA,2.0.0,2.0.0,added in V2.0.0,
frabrsvN,fra,brsvN,VRSB-N,VRSB-N,NA,1.0.0,2.0.0,added in V2.0.0,
frabrsvVac,fra,brsvVac,Cible du vaccin VRSB,Le vaccin contre le virus respiratoire syncytial bovin (VRSB) est utilisé comme cible de contrôle de l'efficacité de la récupération.,NA,2.0.0,2.0.0,added in V2.0.0,
frabrucella,fra,brucella,Brucella,Brucella,NA,2.2.0,2.2.0,added in V2.2.0,
frabrucellaGrp,fra,brucellaGrp,Groupe Brucella,Un groupe de mesures/méthodes relatives aux bactéries brucella.,Utilisé pour décrire les informations sur l'organisme pour les mesures générales.,2.2.0,2.2.0,added in V2.2.0,
frabsd0,fra,bsd0,Licence BSD zéro clause,La licence pour la mesure ou l'ensemble de données est gérée sous la licence BSD Zero-Clause.,NA,2.2.0,2.2.0,added in V2.2.0,
frabsd2Clause,fra,bsd2Clause,"Licence BSD ""simplifiée"" à 2 clauses","La licence de la mesure ou de l'ensemble de données est gérée sous la licence BSD ""Simplifiée"" à 2 clauses.",NA,2.2.0,2.2.0,added in V2.2.0,
frabsd3Clause,fra,bsd3Clause,"Licence ""nouvelle"" ou ""révisée"" BSD 3 clauses","La licence pour la mesure ou l'ensemble de données est gérée sous la licence BSD ""Nouvelle"" ou “Révisée"" à 3 clauses.",NA,2.2.0,2.2.0,added in V2.2.0,
frabsd3ClauseClear,fra,bsd3ClauseClear,"Licence ""Clear"" BSD 3 clauses","La licence pour la mesure ou l'ensemble de données est gérée sous la licence BSD “Clear"" à 3 clauses.",NA,2.2.0,2.2.0,added in V2.2.0,
frabsd4Clause,fra,bsd4Clause,"Licence ""originale"" ou ""ancienne"" BSD à 4 clauses","La licence pour la mesure ou l'ensemble de données est gérée sous la licence BSD ""Original"" ou ""Old"" à 4 clauses.",NA,2.2.0,2.2.0,added in V2.2.0,
frabsl10,fra,bsl10,Licence Boost Software 1.0,La licence de la mesure ou de l'ensemble de données est gérée sous la licence Boost Software License 1.0.,NA,2.2.0,2.2.0,added in V2.2.0,
frabSwrPpl,fra,bSwrPpl,Canalisation d'égout secondaire,"Spécifie un type de site qui est un tuyau de collecte qui s'étend latéralement à d'autres lignes d'égout municipales, permettant le drainage dans l'égout principal.",NA,1.0.0,2.0.0,"description wording, structure",
frabuildCO,fra,buildCO,Regard de nettoyage d'un bâtiment,Spécifie un type de site qui est un tuyau bouché qui se raccorde à la ligne d'égout principale d'un bâtiment.,NA,1.0.0,2.0.0,"description wording, structure",
frabus,fra,bus,Bus,"Grand véhicule motorisé transportant des passagers par la route, généralement au service du public sur un itinéraire fixe et moyennant un tarif.",NA,2.2.3,2.2.3,added in v2.2.3,
frabusStat,fra,busStat,Gare routière,Terminal où les bus arrivent et partent.,NA,2.2.3,2.2.3,added in v2.2.3,
fracaff,fra,caff,Caféine,Caféine (généralement mesurée en tant qu'indicateur chimique fécal humain),NA,2.2.0,2.2.0,added in V2.2.0,
fraCalprotectin,fra,Calprotectin,Calprotectine,La calprotectine est une protéine de la famille des protéines S-100 qui se lie au calcium et au zinc et que l'on trouve principalement dans les neutrophiles et dans tout le corps humain. La présence de calprotectine dans les selles est la conséquence de la migration des neutrophiles dans le tissu gastro-intestinal en raison d'un processus inflammatoire.,NA,2.2.0,3.0.0,officially activate in v 3.0.0,
fracamp,fra,camp,Campylobacter,Campylobacter.,NA,2.1.0,2.1.0,added in V2.1.0,
fracampGrp,fra,campGrp,Groupe Campylobacter,Un groupe de mesures/méthodes relatives aux bactéries campylobacter.,Utilisé pour décrire les informations sur l'organisme pour les mesures générales.,2.2.0,2.2.0,added in V2.2.0,
fracapacity,fra,capacity,Classe de capacité,Measures and methods relating to capacity.,NA,2.0.0,2.0.0,added in V2.0.0,
fracapacityUnitSet,fra,capacityUnitSet,Ensemble d'unités de capacité,Ensemble d'unités pour les mesures de capacité.,NA,2.0.0,2.0.0,added in V2.0.0,
fracapitalEndonym,fra,capitalEndonym,Endonyme de la capitale,Le nom que les locaux utilisent pour la capitale de leur pays.,"Préprogrammés dans les tables du dictionnaire, ils ne sont pas modifiables par les utilisateurs.",2.1.0,2.1.0,added in V2.1.0,
fracapitalExonym,fra,capitalExonym,Capitale exonyme,Le nom anglais que les étrangers utilisent pour désigner la capitale du pays.,"Préprogrammés dans les tables du dictionnaire, ils ne sont pas modifiables par les utilisateurs.",2.1.0,2.1.0,added in V2.1.0,
fracaRepDate,fra,caRepDate,Date du rapport,Date à laquelle la donnée a été reportée é la santé publique. Cette mesure est communément utilisée.,NA,1.0.0,2.0.0,depreciated,
fracaseEpDate,fra,caseEpDate,Date de l'épisode des cas confirmés,"La date de l'épisode est la date la plus proche de l'apparition, du test ou de la déclaration d'un cas confirmé.",NA,1.0.0,2.0.0,now a unit for any group or biologic infection,
fracaseOnDate,fra,caseOnDate,Date d'apparition des cas confirmés,"Date la plus récente à laquelle des symptômes ont été signalés pour un cas confirmé. Cette donnée est souvent inconnue et non déclarée. En lieu et place, l'épisode est utilisé.",NA,1.0.0,2.0.0,now a unit for any group or biologic infection,
fracaseRepDate,fra,caseRepDate,Date de rapport des cas confirmés,"Date à laquelle les chiffres ont été communiqués publiquement pour un cas confirmé. En général, les données déclarées et cette mesure sont les mesures les plus couramment déclarées et utilisées.",NA,1.0.0,2.0.0,now a unit for any group or biologic infection,
fracaseTestDate,fra,caseTestDate,Date de test des cas confirmés,Date à laquelle le test covid-19 a été effectué pour un cas confirmé.,NA,1.0.0,2.0.0,now a unit for any group or biologic infection,
fracategorical,fra,categorical,Type de données catégorique,Le type de données pour les données catégoriques.,Utilisé uniquement pour les entrées du dictionnaire relatives aux parties.,2.0.0,2.0.0,added in V2.0.0,
fracategories,fra,categories,CatSetégories,"Une catégorie d'une mesure, d'une méthode ou d'un attribut. ","Un exemple d'utilisation des catégories serait la façon dont elles sont utilisées pour enregistrer le site où une mesure est prise (partID = geoType). Pour l'attribut geoType, il existe différents types de sites où des échantillons peuvent être prélevés : une station de traitement des eaux usées, un réservoir d'avion, une station de pompage des eaux usées, etc. Chacun de ces types de sites est enregistré comme une catégorie qui peut être identifiée dans categorySetID = geoTypeCatSets.",2.0.0,2.0.0,added in V2.0.0,
fracAuris,fra,cAuris,Candida auris,"L'espèce de levure Candida auris, ou C. auris.",NA,2.1.0,2.1.0,added in V2.1.0,
fracAurisGrp,fra,cAurisGrp,Groupe Candida auris,Un groupe de mesures/méthodes relatives à Candida auris.,Utilisé pour décrire les informations sur l'organisme pour les mesures générales.,2.2.0,2.2.0,added in V2.2.0,
fracbp,fra,cbp,Gènes codant pour la carbapénémase,Gènes codant pour la carbapénémase.,NA,2.1.0,2.1.0,added in V2.1.0,
fracc010,fra,cc010,Creative Commons Zero v1.0 Universal,La licence pour la mesure ou l'ensemble de données est gérée sous la licence Creative Commons Zero v1.0 Universal.,NA,2.2.0,2.2.0,added in V2.2.0,
fraccby40,fra,ccby40,Creative Commons Attribution 4.0,La licence pour la mesure ou l'ensemble de données est gérée sous Creative Commons Attribution 4.0.,NA,2.2.0,2.2.0,added in V2.2.0,
fraccbync40,fra,ccbync40,Licence CC BY-NC 4.0,"La licence pour la mesure ou l'ensemble de données est gérée sous la licence internationale Creative Commons 4.0 par attribution, non commerciale.",NA,2.2.3,2.2.3,added in v 2.2.3,
fraccbyncsa40,fra,ccbyncsa40,Licence CC BY-NC-SA 4.0,"La licence pour la mesure ou l'ensemble de données est gérée sous la licence internationale Creative Commons 4.0 par attribution, non commerciale et partage à l'identique.",NA,2.2.3,2.2.3,added in v 2.2.3,
fraccbysa40,fra,ccbysa40,Creative Commons Attribution ShareAlike 4.0,La licence pour la mesure ou l'ensemble de données est gérée sous Creative Commons Attribution ShareAlike 4.0.,NA,2.2.0,2.2.0,added in V2.2.0,
fraccc,fra,ccc,Hôpital de soins aigus de longue durée,"Hôpitaux de soins aigus, ou complexes de soins continus, qui fournissent des soins aux patients dont la durée moyenne de séjour est supérieure à 25 jours. ",NA,2.0.0,2.0.0,added in V2.0.0,
fracdc,fra,cdc,Garderie d'enfants,Garderie d'enfants,NA,2.0.0,2.0.0,added in V2.0.0,
fracdcCovEIDTFor,fra,cdcCovEIDTFor,Sarbeco_E amorce directe (IDT),Sarbeco_E amorce directe (IDT),NA,2.2.0,2.2.0,added in V2.2.0,
fracdcCovEIDTProbe,fra,cdcCovEIDTProbe,Sonde Sarbeco_E (IDT),Sonde Sarbeco_E (IDT),NA,2.2.0,2.2.0,added in V2.2.0,
fracdcCovEIDTRev,fra,cdcCovEIDTRev,Sarbeco_E amorce inverse (IDT),Sarbeco_E amorce inverse (IDT),NA,2.2.0,2.2.0,added in V2.2.0,
fracdcCovN1IDTFor,fra,cdcCovN1IDTFor,2019-nCoV_N1 amorce avant (IDT),2019-nCoV_N1 amorce directe (IDT),NA,2.2.0,2.2.0,added in V2.2.0,
fracdcCovN1IDTProbe,fra,cdcCovN1IDTProbe,2019-nCoV_N1 sonde (IDT),2019-nCoV_N1 sonde (IDT),NA,2.2.0,2.2.0,added in V2.2.0,
fracdcCovN1IDTRev,fra,cdcCovN1IDTRev,2019-nCoV_N1 amorce inverse (IDT),2019-nCoV_N1 amorce inverse (IDT),NA,2.2.0,2.2.0,added in V2.2.0,
fracdcCovN2IDTFor,fra,cdcCovN2IDTFor,2019-nCoV_N2 amorce directe (IDT),2019-nCoV_N2 amorce directe (IDT),NA,2.2.0,2.2.0,added in V2.2.0,
fracdcCovN2IDTProbe,fra,cdcCovN2IDTProbe,2019-nCoV_N2 sonde (IDT),2019-nCoV_N2 sonde (IDT),NA,2.2.0,2.2.0,added in V2.2.0,
fracdcCovN2IDTRev,fra,cdcCovN2IDTRev,2019-nCoV_N2 amorce inverse (IDT),2019-nCoV_N2 amorce inverse (IDT),NA,2.2.0,2.2.0,added in V2.2.0,
fracdcCovN3IDTFor,fra,cdcCovN3IDTFor,2019-nCoV_N3 amorce en avant (IDT),2019-nCoV_N3 amorce en avant (IDT),NA,2.2.0,2.2.0,added in V2.2.0,
fracdcCovN3IDTProbe,fra,cdcCovN3IDTProbe,2019-nCoV_N3 sonde (IDT),2019-nCoV_N3 sonde (IDT),NA,2.2.0,2.2.0,added in V2.2.0,
fracdcCovN3IDTRev,fra,cdcCovN3IDTRev,2019-nCoV_N3 amorce inverse (IDT),2019-nCoV_N3 amorce inverse (IDT),NA,2.2.0,2.2.0,added in V2.2.0,
fracDiff,fra,cDiff,Clostridium difficile,Clostridium difficile,NA,2.2.0,2.2.0,added in V2.2.0,
fracDip,fra,cDip,Corynebacterium diphtheriae,Corynebacterium diphtheriae,NA,2.2.0,2.2.0,added in V2.2.0,
fracecill21,fra,cecill21,Accord de licence de logiciel libre CeCILL v2.1,La licence pour la mesure ou l'ensemble de données est gérée sous l'accord de licence de logiciel libre CeCILL v2.1.,NA,2.2.0,2.2.0,added in V2.2.0,
fracel,fra,cel,Degrés Celsius,Températures en degrés Celsius.,NA,1.1.0,2.0.0,description wording.,
fracent,fra,cent,Centrifugation,Décrit la séparation solide d'un échantillon d'eau usée par centrifugation. Probablement lié à d'autres étapes de la méthode avant l'analyse.,NA,2.0.0,2.0.0,added in V2.0.0,
fracentriconUf,fra,centriconUf,Ultrafiltration Centricon,Ultrafiltration Centricon.,NA,2.0.0,2.0.0,"added in V2.0.0, added from NWSS",
fracentSpeed,fra,centSpeed,Vitesse de centrifugation,Vitesse de centrifugation,NA,2.2.0,2.2.0,added in V2.2.0,
fraceres,fra,ceres,Nanotrap Ceres,Nanotrap Ceres.,NA,2.0.0,2.0.0,"added in V2.0.0, added from NWSS",
fracesspit,fra,cesspit,Fosse septique,"Dans certains contextes, les termes « fosse septique », « puisard » et « fosse d'infiltration » ont différentes significations : ils sont utilisés pour décrire soit un réservoir souterrain (scellé au fond), soit une fosse d'infiltration (non scellée au fond). Une fosse septique peut être utilisée pour la collecte et le stockage temporaires des matières fécales, des excréments ou des boues fécales dans le cadre d'un système d'assainissement sur site et présente certaines similitudes avec les fosses septiques ou les fosses d'infiltration. ",NA,2.2.3,2.2.3,added in v2.2.3,
fracfu,fra,cfu,Unités formant colonie,Unités formant colonie,NA,3.0.0,3.0.0,added in V3.0.0,
fracfu100,fra,cfu100,UFC par 100 ml,Unités formatrices de colonies par 100 millilitres.,NA,1.1.0,2.0.0,description wording.,
fracfugTS,fra,cfugTS,Unités formant colonie par gramme de solides totaux,Unités formant colonie par gramme de solides totaux (UFC/gTS),NA,3.0.0,3.0.0,added in V3.0.0,
fracfumL,fra,cfumL,Unités formant colonie par millilitre,Unités formant colonie par millilitre (UFC/mL),NA,3.0.0,3.0.0,added in V3.0.0,
frachanges,fra,changes,Colonne des changements,Une colonne pour enregistrer les changements de la version 1 de l'ODM à la version 2.,NA,2.0.0,2.0.0,added in V2.0.0,
fracharLength,fra,charLength,longueur de caractère,Le nombre de caractères utilisés pour les noms larges.,NA,2.2.0,2.2.0,added in V2.2.0,
frache,fra,che,Chimique,Substanche chimique.,NA,2.0.0,2.0.0,added in V2.0.0,
frachemVir,fra,chemVir,Trousse chemagic d'adn/rna virale 300,Extraction d'acides nucléiques réalisée à l'aide de la trousse chemagic viral dna/rna 300.,NA,2.0.0,2.0.0,"added in V2.0.0, added from NWSS",
frachikungunyaGrp,fra,chikungunyaGrp,Groupe Chikungunya,Un groupe de mesures/méthodes relatives au virus du chikungunya.,Utilisé pour décrire les informations sur l'organisme pour les mesures générales.,2.2.0,2.2.0,added in V2.2.0,
frachikv,fra,chikv,Virus du chikungunya (CHIKV),Virus du chikungunya (CHIKV),NA,2.2.0,2.2.0,added in V2.2.0,
frachild,fra,child,Article,Indique que l'échantillon est liée à des sous-échantillons (soit parce qu'il s'agit d'un échantillon combiné ou parce que des sous-échantillons ont été prélevés dans cet échantillon).,NA,1.0.0,2.0.0,changed to a relationshipID value.,
frachlamydia,fra,chlamydia,Chlamydia,Chlamydia,NA,2.2.0,2.2.0,added in V2.2.0,
frachlamydiaGrp,fra,chlamydiaGrp,Groupe Chlamydia,Un groupe de mesures/méthodes relatives aux bactéries chlamydia.,Utilisé pour décrire les informations sur l'organisme pour les mesures générales.,2.2.0,2.2.0,added in V2.2.0,
fracity,fra,city,Ville,La ville où se trouve un site ou une organisation ; partie de l'adresse.,NA,1.0.0,2.0.0,"description wording, structure",
fracJejuni,fra,cJejuni,Bactéries Campylobacter jejuni,Cible/mesure du gène de Campylobacter jejuni,NA,2.1.0,2.1.0,added in V2.1.0,
fracK,fra,cK,Clé composite,Clé composite pour un tableau.,"Toutes les tables de rapport possèdent une clé primaire - la clé composite agit comme clé primaire, mais elle est produite en tant que combinaison d'autres champs. Chaque ligne dans une table de rapport possède un identifiant unique enregistré dans la clé primaire ou composite.",2.2.2,2.2.2,added in V 2.2.2,
fraclari,fra,clari,Échantillon clarifié,Échantillon clarifié,NA,1.0.0,2.0.0,NA,
fraclass,fra,class,Classe,"Un identifiant unique pour une classe, qui s'apparente à un sous-groupe ; c'est une façon de regrouper des parties au sein d'un groupID donné. Un groupe peut avoir une ou plusieurs classes pour décrire les différentes parties de la classe. ","Actuellement, la classe n'est utilisée que pour les produits biologiques. Par exemple, le SARS-CoV-2 est un groupe de mesures avec les classes suivantes : allèle, variante, mutation, séquence et protéine.",2.0.0,2.0.0,added in V2.0.0,
fraclasses,fra,classes,Classe,Une classe est une collection d'une ou plusieurs mesures ou méthodes liées au sein d'un groupe. Un groupe peut avoir une ou plusieurs classes pour décrire différentes parties de la classe. ,Voir partID = classID.,2.0.0,2.0.0,added in V2.0.0,
fraclostridiumGrp,fra,clostridiumGrp,Groupe Clostridium,Un groupe de mesures/méthodes relatives aux bactéries clostridium.,Utilisé pour décrire les informations sur l'organisme pour les mesures générales.,2.2.0,2.2.0,added in V2.2.0,
fracloudy,fra,cloudy,Nuageux,"CatSetégorie qualitative pour la mesure météorologique, spécifiant un jour couvert sans pluie.",NA,2.0.0,2.0.0,added in V2.0; github issue #124 and #204,
fracm,fra,cm,Centimètres,Partie d'unité pour l'unité SI de centimètres.,NA,2.0.0,2.0.0,added in V2.0.0,
fraco,fra,co,Raccourcis du tableau de contact,"Nom abrégé utilisée pour désigner le tableau contenant des informations sur un contact, c'est-à-dire une personne qui est le contact d'un site ou d'un laboratoire.",table,2.2.2,2.2.2,added in V 2.2.2,
fraco2,fra,co2,Dioxyde de carbone ,Une mesure d'une quantité ou d'une concentration de dioxyde de carbone.,NA,2.0.0,2.0.0,added in V2.0; github issue #202,
fracod,fra,cod,DCO,Demande chimique en oxygéne,NA,1.0.0,2.0.0,"description wording, structure",
fracol2Frdg,fra,col2Frdg,Délai entre la collecte et le stockage,Le temps écoulé entre le prélèvement de l'échantillon et son placement dans un lieu de stockage stable/réfrigération.,NA,2.2.0,2.2.0,added in V2.2.0,
fracolAMRGrp,fra,colAMRGrp,Groupe de résistance antimicrobienne à la colistine,Groupe de mesures et de méthodes relatives à la résistance antimicrobienne liée à la colistine.,NA,2.1.0,2.1.0,added in V2.1.0,
fracolGrp,fra,colGrp,Groupe de collection,Un groupe d'attributs de type mesure liés à la collecte d'échantillons.,NA,2.0.0,2.0.0,added in V2.0.0,
fracolis,fra,colis,Résistance à la colistine,Bactéries résistantes à la colistine.,NA,2.1.0,2.1.0,added in V2.1.0,
fracollDT,fra,collDT,Date-heure,"Date, heure et fuseau horaire de collecte d'un échantillon ponctuel.",NA,1.0.0,2.0.0,Update in line with Github Issue #211,
fracollDTEnd,fra,collDTEnd,Date-heure début,"Date, heure et fuseau horaire de fin de collecte d'un échantillon composite.",NA,1.0.0,2.0.0,Update in line with Github Issue #211,
fracollDTStart,fra,collDTStart,Date-heure fini,"Date, heure et fuseau horaire de début de collecte d'un échantillon composite.",NA,1.0.0,2.0.0,Update in line with Github Issue #211,
fracollectSet,fra,collectSet,Ensemble de catégories pour le collecte d'échantillons,L'ensemble de catégories pour la collecte d'échantillons.,NA,2.0.0,2.0.0,added in V2.0.0,
fracollNum,fra,collNum,Numéro de collection,"Le nombre de sous-échantillons qui ont été combinés pour créer l'échantillon. Utiliser NA pour un échantillonnage continu, proportionnel ou passif.",NA,2.0.0,2.0.0,added in V2.0.0,
fracollNumPer,fra,collNumPer,Numéro et période de la collection,Numéro de collection composite.période.,"Il s'agit d'une mesure composite qui combine la ""période de collecte"" (collPer) et le ""numéro de collecte"" (collNum). Le numéro et la période de collecte peuvent être utilisés pour réduire le nombre d'en-têtes de tableaux lors de la collecte des données. Lors du stockage des données, `collNum` et `collPeriod` doivent être transformés en `collPer` et `collNum`. Dans le cas d'un échantillon par prélèvement, d'un écouvillon de surface ou d'un échantillon proportionnel à la surface, il suffit d'entrer 1.",2.0.0,3.0.0,"Depreciated as it really belongs in the widenames table, not parts.",
fracollPer,fra,collPer,Période de collecte,"Période de collecte. Période au cours de laquelle l'échantillon a été collecté, en heures. Vous pouvez également utiliser collectionStart et collectionEnd.","Exemples : 1 heure, 6 heures, 24 heures",2.0.0,2.0.0,added in V2.0.0,
fracollType,fra,collType,Méthode de collection,"Dans le cas d'une collecte composite, proportionnelle au débit, le nombre de sous-échantillons suivi d'un point, puis la période d'échantillonnage, en heures.",NA,1.0.0,2.0.0,description wording,
fracolocated,fra,colocated,relation de colocalisation,"Par exemple, pour 4 sous-échantillons composites couvrant une période de 8 heures, l'entrée sera 4.2.",NA,2.0.0,2.0.0,added in V2.0; GitHub issue #94,
fracolumnNameDep,fra,columnNameDep,Nom de la colonne,"Pour un échantillonnage proportionnel au temps, 24 sous-échantillons prélevés toutes les heures, l'entrée serait 24.1.",Déprécié dans la version 2 de l'ODM. Les tables de recherche sont désormais intégrées dans les parties et les ensembles.,1.0.0,2.0.0,depreciated,
fracommFacOth,fra,commFacOth,Installation commerciale - non spécifiée,Spécifie un type de site qui est une installation commerciale/un site de travail qui n'est pas autrement capturé ou décrit dans le jeu de géotypes.,NA,2.2.0,2.2.0,added in V2.2.0,
fracomp,fra,comp,Échantillon composite - archivage,"Dans le cas d'un échantillonnage proportionnel au volume, l'entrée pour 24 sous-échantillons collectés sur une période de 24 heures devrait être 24.24. Dans ce cas, la partie ""période"" de l'entrée devrait être comprise comme la durée totale de la collecte au lieu de la périodicité de la collecte.","Elles sont destinées à la mise à jour et à la mise en correspondance des données d'archives avec la version la plus récente de l'ODM. En général, les échantillonneurs automatiques effectuent un échantillonnage proportionnel au temps ou au débit, et ces méthodes de collecte devraient donc être utilisées à la place. Ceci ne concerne que les échantillons composites/échantillonneurs automatiques pour lesquels ces détails supplémentaires n'ont pas encore été spécifiés. Utilisez collectionPeriod pour décrire le nombre d'heures pendant lesquelles l'échantillon a été prélevé et collectionNum pour enregistrer le nombre d'échantillons.",1.0.0,2.0.0,"description wording, structure",
fracomp3,fra,comp3,Échantillon composite de 3,Un échantillon composite composé de 3 échantillons distincts.,NA,1.0.0,2.0.0,Use grab with collection number (collectNum) = 3,
fracomp3dep,fra,comp3dep,Échantillon composite instantané de 3,"Pour une boule COSCA ou un écouvillon Moore collecté pendant 24 heures, la valeur indiquée serait 1,24"".","Déclassé dans la version 2, veuillez ne pas l'utiliser.",1.0.0,2.0.0,"depreciated, ""default"" entries are no longer in use.",
fracomp3h,fra,comp3h,Échantillon composite instantané de 3 heures,"Un échantillon composite prélevé sur 3 heures consitué d'échantillons ponctuels collectés une fois par heure, généralement prélevé manuellement.",NA,1.0.0,2.0.0,Use grab with collection period (collectPer) = 3,
fracomp3hdep,fra,comp3hdep,Échantillon composite instantané de 3 heures,"Un composite de 3 heures avec 3 échantillons instantanés prélevés chacun une fois par heure, généralement réalisé manuellement.","Déprécié dans la version 2, ne pas utiliser.",1.0.0,2.0.0,"depreciated, ""default"" entries are no longer in use.",
fracomp8h,fra,comp8h,Échantillon composite de 8 heures,"Une échantillon composite de 8 heures avec 8 échantillons instantanés prélevés chacun une fois par heure, généralement effectué manuellement.","Déprécié dans la version 2, ne pas utiliser.",1.0.0,2.0.0,"depreciated, ""default"" entries are no longer in use.",
fracomp8hDep,fra,comp8hDep,Échantillon composite instantané de 8 heures,"Un échantillon composite prélevé sur 8 heures consitué d'échantillons ponctuels collectés une fois par heure, généralement prélevé manuellement.",NA,1.0.0,2.0.0,Use grab with collection period (collectPer) = 8,
fracompartment,fra,compartment,Compartiment,L’attribut qui identifie la substance de laquelle l’échantillon a été prélevé.,NA,2.0.0,2.0.0,added in V2.0.0,
fracompartmentInput,fra,compartmentInput,Entrée compartiment (tableau large),Le partID du compartiment utilisé dans un nom large.,NA,2.2.0,2.2.0,added in V2.2.0,
fracompartmentName,fra,compartmentName,Nom du compartiment (tableau large),Le compartiment référencé pour le nom large.,NA,2.2.0,2.2.0,added in V2.2.0,
fracompartments,fra,compartments,Compartiment catégorie,"La substance de laquelle l’échantillon a été prélevé. Voir ""partType = compartment"" pour toutes les possibilités.","Par exemple, les eaux usées ont un compartiment d’eau.  S'appliquent surtout aux mesures, méthodes, unités et agrégations.",2.0.0,2.0.0,added in V2.0.0,
fracompartmentSet,fra,compartmentSet,En-tête de l'ensemble de compartiments,Identification d'un ensemble de compartiments pouvant être utilisés pour une mesure ou une méthode.,NA,2.2.2,2.2.2,added in 2.2.2,
fracompartmentSets,fra,compartmentSets,Ensembles de compartiments,"Ensembles de compartiments. Les ensembles de compartiments sont utilisés pour identifier les cas où une mesure peut être enregistrée pour plus d'un compartiment. Par exemple, le SRAS-CoV-2 peut être mesuré dans les personnes (humains), l'eau, la surface ou l'air.","Les ensembles sont des listes de valeurs d'entrée. Chaque valeur d'entrée dans un ensemble est une partie (a un partID) qui peut être réutilisée entre les ensembles. Par exemple, un ensemble A peut contenir les valeurs ""oui"" et ""non"" ; et un ensemble B peut contenir les valeurs ""oui"", ""non"" et ""peut-être"". Les types de partie avec les ensembles comprennent les agrégations, les compartiments, les manques, les indicateurs de qualité, les spécimens et les unités. Les mesures avec catégories et types de données ont leurs propres ensembles de catégories spécifiques (catSetID) car leurs valeurs d'entrée sont uniques et ne sont pas réutilisées.",2.0.0,2.0.0,added in V2.0.0,
fracompToi,fra,compToi,Toilettes à compostage,"Système de toilettes autonome dans lequel les déchets humains sont destinés à être compostés. Généralement avec l'ajout de matériaux secondaires, comme de la sciure de bois.",NA,2.2.3,2.2.3,added in v2.2.3,
fraconc,fra,conc,Mesure de la concentration,Mesure de la concentration (généralisée) - conçue pour décrire les protocoles.,NA,2.2.0,2.2.0,added in V2.2.0,
fraconcurrent,fra,concurrent,Est concomitant à,Indique que l'objet étape ou protocol se produit en même temps que le sujet étape ou protocol dans le conteneur de protocole global.,À n'utiliser que pour la relation ID de la table protocolRelationships table relationshipID.,2.0.0,2.0.0,added in V2.0.0,
fraconcVol,fra,concVol,Volume de l'échantillon après concentration,Le volume total d'un échantillon après l'étape de concentration.,NA,2.2.0,2.2.0,added in V2.2.0,
fracond,fra,cond,Conductivité,Conductivité,NA,1.0.0,2.0.0,"description wording, structure",
fraconductivity,fra,conductivity,Classe de conductivité.,Spécifie une collection de mesures et méthodes liées à la conductivité.,NA,2.0.0,2.0.0,added in V2.0.0,
fraconductivityUnitSet,fra,conductivityUnitSet,Ensemble d'unités de conductivité,Ensemble d'unités concernant les mesures de conductivité.,NA,2.0.0,2.0.0,added in V2.0.0,
fraconf,fra,conf,Nombre de cas confirmés,"Nombre de cas confirmés. La mesure devrait étre accompagnée d'une valeur dans la colonne ""dateType""",NA,1.0.0,2.0.0,now a unit for any group or biologic infection,
fraconfEp,fra,confEp,Nombre de cas confirmés par date d'épisode,"Nombre de cas confirmés d'une maladie donnée, totalisé par date d'épisode.","La date de l'épisode est la date la plus proche de l'apparition, du test ou de la déclaration d'un cas confirmé.",1.0.0,2.2.0,added in V2.2.0,
fraconfOn,fra,confOn,Nombre de cas confirmés par date d'apparition,"Nombre de cas confirmés d'une maladie donnée, totalisé par la date d'apparition.","La date d'apparition est la première date à laquelle les symptômes ont été signalés pour un cas confirmé. Souvent, cette donnée n'est pas connue ni déclarée. En lieu et place, on utilise la notion d'épisode.",1.0.0,2.2.0,added in V2.2.0,
fraconfRep,fra,confRep,Nombre de cas confirmés par date de déclaration,"Nombre de cas confirmés d'une maladie donnée, totalisé par date de déclaration.",La date de déclaration est la date à laquelle les chiffres ont été rendus publics pour un cas confirmé.,1.0.0,2.2.0,added in V2.2.0,
fraconfTest,fra,confTest,Nombre de cas confirmés date du test,"Nombre de cas confirmés d'une maladie donnée, totalisé par la date du test.",La date du test est la date à laquelle le test covid-19 a été effectué pour un cas confirmé.,1.0.0,2.2.0,added in V2.2.0,
fracontactID,fra,contactID,ID du contact,Un identifiant unique pour une personne de contact donnée.,NA,2.0.0,2.0.0,added in V2.0.0,
fracontactName,fra,contactName,Nom de contact,Personne de contact de ce laboratoire.,NA,1.0.0,2.0.0,"depreciated, now use partID = firstName and partID = lastName instead",
fracontacts,fra,contacts,Table de contact,La table qui contient de l'information sur un contact ; une personne qui est le contact d'un site ou d'un laboratoire.,adapter de la documentation de la version 1,2.0.0,2.0.0,added in V2.0.0,
fracontactsOrder,fra,contactsOrder,Ordre des colonnes du tableau des contacts,Spécifie l'ordre des colonnes dans un tableau Contacts.,NA,2.0.0,2.0.0,added in V2.0.0,
fracontactsRequired,fra,contactsRequired,Exigences relatives au tableau des contacts,Spécifie les colonnes requises dans un tableau de contacts.,NA,2.0.0,2.0.0,added in V2.0.0,
fracontactTableSet,fra,contactTableSet,Ensemble de la table de contact,"Les tableaux sont l'endroit où les mesures, les méthodes et les attributs sont enregistrés. Les tableaux représentent les principales entités de la surveillance environnementale.",NA,2.0.0,2.0.0,added in V2.0.0,
fracoPhone,fra,coPhone,Numéro de téléphone de contact,Numéro de téléphone de contact.,NA,1.0.0,2.0.0,"description wording, structure",
fracorFcil,fra,corFcil,Établissement correctionnel,Établissement correctionnel.,NA,1.0.0,2.0.0,"description wording, structure",
fracosca,fra,cosca,ballon COSCa,Appareil d'échantillonnage passif COSCa.,NA,2.0.0,2.0.0,added in V2.0.0,
fracountries,fra,countries,Tables de recherche des pays,Tableau de consultation des entrées possibles pour le pays.,NA,2.1.0,2.1.0,added in V2.1.0,
fracountriesOrder,fra,countriesOrder,L’ordre des colonnes de la table de pays,Indique l’ordre des colonnes dans une table des pays.,NA,2.1.0,2.1.0,added in V2.1.0,
fracountriesRequired,fra,countriesRequired,En-têtes obligatoires du tableau de pays,En-têtes obligatoires dans le table des pays.,NA,2.1.0,2.1.0,added in V2.1.0,
fracountry,fra,country,Pays,Le pays où se trouve un site ou une organisation ; partie de l'adresse.,NA,1.0.0,2.0.0,"description wording, structure",
fracountryEndonym,fra,countryEndonym,Endonyme du pays,Le nom que les habitants utilisent pour désigner leur pays.,"Préprogrammés dans les tables du dictionnaire, ils ne sont pas modifiables par les utilisateurs.",2.1.0,2.1.0,added in V2.1.0,
fracountryExonym,fra,countryExonym,Pays exonyme,Le nom anglais utilisé par les étrangers pour désigner le pays.,"Préprogrammés dans les tables du dictionnaire, ils ne sont pas modifiables par les utilisateurs.",2.1.0,2.1.0,added in V2.1.0,
fracountryLevel,fra,countryLevel,Pays ou États souverains,Pays ou États souverains,NA,2.0.0,3.0.0,"Reactivated as organization level and sector categorical inputs, rather than attributes.",
fracountyLevel,fra,countyLevel,"Districts, comtés, régions","Districts, comtés, régions",NA,2.0.0,3.0.0,"Reactivated as organization level and sector categorical inputs, rather than attributes.",
fracov,fra,cov,Covid-19,Infection à Covid-19.,"Toute forme d'infection humaine de type Covid-19 - y compris le dépistage de Covid-19, Covid-19 symptomatique, Covid-19 asymptomatique, Covid-19 hospitalisé, long-Covid-19, etc. Si nécessaire, définissez la forme spécifique Covid-19 avec des unités. Voir populationUnits.",2.0.0,2.0.0,added in V2.0.0,
fracov2Me,fra,cov2Me,Mesure SRAS-CoV-2,Mesure de la quantité de virus SRAS-CoV-2.,NA,2.0.0,2.0.0,added in V2.0.0,
fracovB117,fra,covB117,SRAS-CoV-2-B.1.1.7,SARS-CoV-2-B.1.1.7,NA,1.1.0,2.0.0,added in V2.0.0,
fracovB135,fra,covB135,SRAS-CoV-2-B.1.351,SARS-CoV-2-B.1.351,NA,1.1.0,2.0.0,added in V2.0.0,
fracovE,fra,covE,SARS-CoV-2-E,Région génique E du SRAS-CoV-2,NA,1.0.0,2.0.0,"description wording, structure",
fracovN1,fra,covN1,SARS-CoV-2-N1,Gène nucleocapside N1 du SRAS-CoV-2.,NA,1.0.0,2.0.0,"description wording, structure",
fracovN2,fra,covN2,SARS-CoV-2-N2,Gène nucleocapside N2 du SRAS-CoV-2.,NA,1.0.0,2.0.0,"description wording, structure",
fracovN200,fra,covN200,SARS-CoV-2-N200,Ensemble de spécimens pour les noms larges.,NA,2.0.0,2.0.0,added in V2.0.0,
fracovN3,fra,covN3,SARS-CoV-2-N3,Gène nucleocapside N3 des virus similaires au SRAS.,NA,1.0.0,2.0.0,"description wording, structure",
fracovP1,fra,covP1,SARS-CoV-2-P.1,Variant P.1,NA,1.1.0,2.0.0,"description wording, structure",
fracovRdrp,fra,covRdrp,SARS-CoV-2-RdRp,Région génique RdRp du SRAS-CoV-2.,NA,1.0.0,2.0.0,"description wording, structure",
fracovS,fra,covS,Gène cible de SRAS-CoV-2 S,Gène cible S de SRAS-CoV-2.,NA,2.0.0,2.0.0,added in V2.0.0,
fracPerfrigens,fra,cPerfrigens,Clostridium perfringens,Clostridium perfringens,NA,2.2.0,2.2.0,added in V2.2.0,
fracphDate,fra,cphDate,Date de mesure de la population ayant Covid-19,Date de reportage des données de mesure de la COVID-19.,NA,1.0.0,2.0.0,"depreciated, measure identication is now found in partID = measureRepID, with date fields for any measure report. ",
fracphid,fra,cphid,ID du CPHD,Identifiant unique pour l'information de santé publique reportée.,NA,1.0.0,2.0.0,"depreciated, measure identication is now found in partID = measureRepID",
fracra,fra,cra,crAssphage-N,crAssphage,NA,1.0.0,2.0.0,"description wording, structure",
fracrea,fra,crea,Créatinine,Créatinine (généralement mesurée en tant qu'indicateur chimique fécal humain),NA,2.2.0,2.2.0,added in V2.2.0,
fracrosswalkTableSet,fra,crosswalkTableSet,Ensemble de table de crosswalk,Tables de référence ou de consultation.,"Par exemple, le tableau des parties décrit tous les éléments de l'ODM, y compris les tableaux, les en-têtes de tableau, les mesures, les méthodes, les catégories et les unités. les ensembles sont des collections de parties. Par exemple, les unités peuvent être regroupées dans un ensemble d'unités. les langues et les traductions prennent en charge les traductions.",2.0.0,2.0.0,added in V2.0.0,
fracryptosporidium,fra,cryptosporidium,Cryptosporidium,Cryptosporidium,NA,2.2.0,2.2.0,added in V2.2.0,
fracryptosporidiumGrp,fra,cryptosporidiumGrp,Groupe Cryptosporidium,Un groupe de mesures/méthodes relatives aux parasites cryptosporidium.,Utilisé pour décrire les informations sur l'organisme pour les mesures générales.,2.2.0,2.2.0,added in V2.2.0,
fract,fra,ct,Seuil de cycle ou cycle de quantification (Ct ou Cq),Cycles de seuil.,NA,1.0.0,2.0.0,description wording.,
fracu,fra,cu,Raccourcis du table de recherche des pays,Nom abrégé utilisée pour désigner la table de recherche des pays possibles.,table,2.2.2,2.2.2,added in V 2.2.2,
fracuCo,fra,cuCo,Compte cumulé,Unités pour décrire une mesure de population d'un compte cumulatif de cas d'une maladie donnée.,Unité pour une mesure de population ou de maladie afin d'expliquer les effets cliniques au niveau de la population.,2.0.0,2.0.0,added in V2.0.0,
fracustodyCont,fra,custodyCont,ID de contact du gardien,Un identifiant unique pour les gardiens de données.,NA,2.0.0,2.0.0,added in V2.0.0,
fracustodyID,fra,custodyID,Responsable des données,Le gestionnaire des données d'une base de données. ,Utilisez Organisation pour décrire les coordonnées et autres détails du dépositaire des données.,2.0.0,2.0.0,added in V2.0; github issue #205,
fracVDPV2,fra,cVDPV2,Circulation du poliovirus de type 2 dérivé du vaccin,Poliovirus circulant de type 2 dérivé d'un vaccin,NA,2.2.0,2.2.0,added in V2.2.0,
fracyNum,fra,cyNum,Nombre de cycles,Le nombre de cycles d'une machine PCR ou de tout autre processus de cyclage.,NA,2.2.0,2.2.0,added in V2.2.0,
frad339h,fra,d339h,Mutation D339H de FLiRT/SLip,La mutation D339H de la variante FLiRT/SLip.,NA,2.2.0,2.2.0,added in V2.2.0,
frad377y,fra,d377y,d377y cible du gène variante delta,Gène cible d377y de la variante delta.,NA,2.0.0,2.0.0,added in V2.0.0,
frad3g,fra,d3g,d3g cible du gène variante omicron,Gène cible d3g de la variante omicron.,NA,2.0.0,2.0.0,added in V2.0.0,
frad63g,fra,d63g,d63g cible du gène variante delta,Gène cible d63g de la variante delta.,NA,2.0.0,2.0.0,added in V2.0.0,
frad796y,fra,d796y,d796y cible du gène variante omicron,Gène cible d796y de la variante omicron.,NA,2.0.0,2.0.0,added in V2.0.0,
frad950n,fra,d950n,d950n cible du gène variante delta,Gène cible d950n de la variante delta.,NA,2.0.0,2.0.0,added in V2.0.0,
fradaiCo,fra,daiCo,Compte quotidien,Unités pour décrire une mesure de population d'un compte quotidien de nouveaux cas d'une maladie donnée.,Unité pour une mesure de population ou de maladie afin d'expliquer les effets cliniques au niveau de la population.,2.0.0,2.0.0,added in V2.0.0,
fradataColl,fra,dataColl,Secteur ou organisation de la collecte de données,"Décrit les organisations qui collectent, compilent, analysent ou gèrent des données.",NA,2.2.0,2.2.0,added in V2.2.0,
fradatasetDate,fra,datasetDate,Date de création du fichier de données,Spécifie la date de création d'un ensemble de données donné.,NA,2.0.0,2.0.0,added in V2.0.0,
fradatasetID,fra,datasetID,Nom de l'ensemble de données,"Le nom de l'ensemble de données qui stocke les informations pour MeasureReport, SampleReport et d'autres tables de rapport.","Dans la mesure du possible, le nom de l'identifiant de l'ensemble de données doit correspondre au dépositaire des données d'origine responsable de la production des données environnementales. (suggestion d'une convention de nom par défaut).",2.0.0,3.0.0,"removed as FK from the organizations, instruments tables.",
fradatasets,fra,datasets,Table de sources de données,Une table de rapport pour capturer les détails sur l'ensemble de données parentales et les dépositaires de données. Fournir une attribution pour les collecteurs de données.,NA,2.0.0,2.0.0,added in V2.0.0,
fradatasetsOrder,fra,datasetsOrder,L’ordre des colonnes de la table d'ensemles de données,Indique l’ordre des colonnes dans une table d'ensembles de données.,NA,2.0.0,2.0.0,added in V2.0.0,
fradatasetsRequired,fra,datasetsRequired,Exigences de la table d'ensembles de données,Indique les colonnes requises dans une table d'ensembles de mesure.,NA,2.0.0,2.0.0,added in V2.0.0,
fradataTypes,fra,dataTypes,Type de données,Le type de données pour une partie.,"Les types de données utilisés dans l'ODM comprennent : varchar, booleen, float, category, date, time, datetime, url, email. dataType correspond à l'entrée ou à la cellule dans une table de données, le plus souvent dans une table de rapport. Si l'entrée de données a une unité, alors le type de données correspond à l'unité et le type de données fait référence à 'unité'. Si l'entrée de données est une catégorie, alors le dataType fait référence à 'category'. Toutes les catégories sont de type varchar. Sinon, le type de données est identifié dans l'entrée de la pièce. TBA : type de données pour le dictionnaire.",2.0.0,2.0.0,added in V2.0.0,
fradateDep,fra,dateDep,Date,Date à laquelle la méthode d'analyse (ou une nouvelle version d'une méthode existante) a été crée.,NA,1.0.0,3.0.0,"Still depreciated, but partID updated to reflect that while avoiding colisions with the new date data type.",
fradatetime,fra,datetime,Type de données date-heure,Le type de données pour les données de date et d'heure.,Utilisé uniquement pour les entrées du dictionnaire relatives aux parties.,2.0.0,2.0.0,added in V2.0.0,
fradays,fra,days,Jours,Unité permettant d'indiquer une durée en jours.,NA,2.0.0,2.0.0,added in V2.0.0,
fraddcovE,fra,ddcovE,ddcov_e cible du gène sars-cov-2,Gène cible ddcov E de SRAS-CoV-2,NA,2.0.0,2.0.0,added in V2.0.0,
fraddcovN,fra,ddcovN,ddcov_n cible du gène sars-cov-2,Gène cible ddcov N  de SRAS-Co.,NA,2.0.0,2.0.0,added in V2.0.0,
fraddpcr,fra,ddpcr,PCR numérique en gouttelettes (ddPCR),Décrit une analyse PCR réalisée à l'aide de la technologie PCR numérique en gouttelettes (général).,NA,2.2.0,2.2.0,added in V2.2.0,
fradeath,fra,death,Morts,Unités pour décrire une mesure de population des patients décédés d'une cause donnée.,Unité pour une mesure de population ou de maladie afin d'expliquer les effets cliniques au niveau de la population.,2.0.0,2.0.0,added in V2.0.0,
fradel142144,fra,del142144,Variante Omicron 142-144 Suppression,Variante Omicron 142-144 Suppression,NA,2.2.0,2.2.0,added in V2.2.0,
fradel143,fra,del143,143 ou 145 délétion variante omicron cible du gène,Gène cible la délétion 143 ou 145 de la variante omicron.,NA,2.0.0,2.0.0,added in V2.0.0,
fradel156157,fra,del156157,Variante Delta 156-157 Suppression,Variante Delta 156-157 Suppression,NA,2.2.0,2.2.0,added in V2.2.0,
fradel157,fra,del157,157 ou 158 délétion variante delta cible du gène,Gène cible la délétion 157 ou 158 de la variante delta.,NA,2.0.0,2.0.0,added in V2.0.0,
fradel2084,fra,del2084,2084 ou 2084 délétion cible du gène variante omicron,Gène cible la délétion 2084 ou 2084 de la variante omicron.,NA,2.0.0,2.0.0,added in V2.0.0,
fradel212,fra,del212,212 ou 212 délétion variante omicron cible du gène,Gène cible la délétion 212 ou 212 de la variante omicron.,NA,2.0.0,2.0.0,added in V2.0.0,
fradel3133,fra,del3133,Variante Omicron 142-14431-33 Suppression,Variante Omicron 142-14431-33 Suppression,NA,2.2.0,2.2.0,added in V2.2.0,
fradel3674,fra,del3674,3674 ou 3676 délétion du gène variante omicron cible,Gène cible la délétion 3674 ou 3676 de la variante omicron.,NA,2.0.0,2.0.0,added in V2.0.0,
fradel6970,fra,del6970,69 ou 70 délétion variante omicron cible du gène,Gène cible la délétion 69 ou 70 de la variante omicron.,NA,2.0.0,2.0.0,added in V2.0.0,
fradelayArriv,fra,delayArriv,Arrivée retardée ou transit prolongé,Un délai important (c'est-à-dire supérieur à 14 jours) entre le prélèvement de l'échantillon et le début de l'analyse.,NA,2.2.3,2.2.3,added in v 2.2.3,
fradelta,fra,delta,Delta,B.1.617.2,NA,2.0.0,2.0.0,added in V2.0.0,
fradeltaGrp,fra,deltaGrp,Groupe de la variante Delta du SARS-CoV-2,Un groupe de mesures/méthodes relatives à la variante Delta du SARS-CoV-2.,NA,2.0.0,2.0.0,added in V2.0.0,
fradenat,fra,denat,denaturation,Décrit le cycle de dénaturation dans un processus PCR.,NA,2.2.0,2.2.0,added in V2.2.0,
fradengue,fra,dengue,Dengue,Dengue,NA,2.2.0,2.2.0,added in V2.2.0,
fradepreciated,fra,depreciated,Déprécié,Indicateur permettant de dire qu'une pièce n'est plus utilisée actuellement dans le modèle. Voir partID = status,NA,2.0.0,2.0.0,added in V2.0.0,
fraderived,fra,derived,Données dérivées,"Données dérivées, données ayant subi une agrégation, une standardisation, un ajustement ou tout nettoyage préalable au rapport.",NA,3.0.0,3.0.0,added in V3.0.0,
fraderivedSamp,fra,derivedSamp,Échantillon dérivé,Spécifie un échantillon qui est dérivé ou fabriqué à partir d'un autre échantillon ou matériau.,"Un échantillon dérivé est un type d'échantillon créé en mélangeant du matériel obtenu à partir d'un échantillon de terrain (par exemple, des eaux usées, du sol ou de l'air) avec des additifs supplémentaires dans un laboratoire. Ce processus peut impliquer la dilution de l'échantillon de terrain original avec de l'eau propre ou d'autres solutions, selon les besoins. Les échantillons dérivés sont généralement utilisés pour ajuster la concentration de la substance ou de l'organisme cible, ce qui permet de mieux l'analyser ou de tester l'efficacité et la sensibilité des méthodes de détection. Dans l'exemple donné, un échantillon dérivé pourrait être un sous-échantillon d'eau usée dilué avec de l'eau propre pour atteindre une concentration spécifique, permettant une analyse plus précise et plus fiable.",2.0.0,3.0.0,"partID changed from ""derived"" to ""derivedSamp""",
fradescr,fra,descr,Description,Une description détaillée sous forme d'attirbute pour décrire des résultats ou des éléments de programme.,"Une description de la partie qui sert à présenter clairement la partie à un large public, y compris le personnel technique et non technique. Une description doit permettre à toute personne qui génère des données de surveillance de l'environnement de savoir comment identifier comment enregistrer ses éléments de données dans l'ODM. partReference peut être utilisé pour décrire plus précisément une partie.",2.0.0,2.0.0,added in V2.0.0,
fradescrChange,fra,descrChange,Description du changement,Une description des changements apportés à une partie par rapport à la version précédente.,NA,2.0.0,2.0.0,added in V2.0.0,
fradesk,fra,desk,Bureau ou comptoir,"Bureau, table, comptoir ou autre surface de travail plane.",NA,2.0.0,2.0.0,added in V2.0.0,
fradeso,fra,deso,Solides déshydratés,Solides déshydratés.,NA,1.0.0,2.0.0,NA,
fradet,fra,det,Détecté,"Copies de gène ou de variant détecté dans ""sampleGene"". 1=Detecté, 0=Non-détecté.",NA,1.1.0,2.0.0,description wording.,
fradetailsDep,fra,detailsDep,Accès aux Détailles,Indique si des informations supplémentaires sur la confidentialité de la mesure sont disponibles.,NA,1.0.0,2.0.0,"depreciated, sharing moved to sharing schema",
fradevelopment,fra,development,actif,Indicateur permettant de dire qu'une pièce est en cours d'utilisation dans le modèle. Voir partID = status,NA,2.0.0,2.0.0,added in V2.0.0,
fradictionaryRefTableSet,fra,dictionaryRefTableSet,Ensemble de tables de référence pour les dictionnaires,Feuilles supplémentaires pour la version Excel du dictionnaire ODM.,Les feuilles ou onglets pour le dictionnaire Excel du GDO comprennent : toutes les tables ERD (tables de recherche et tables d'entrée de données) et des tables de soutien supplémentaires. ,2.0.0,2.0.0,added in V2.0.0,
fradictionarySupport,fra,dictionarySupport,Fiches dictionnaires supplémentaires,Feuilles supplémentaires pour la version Excel du dictionnaire ODM.,Les feuilles ou onglets pour le dictionnaire Excel du GDO comprennent : toutes les tables ERD (tables de recherche et tables d'entrée de données) et des tables de soutien supplémentaires. ,2.0.0,2.0.0,added in V2.0.0,
fradictSets,fra,dictSets,Type d'ensemble de dictionnaires,Ensembles utilisés pour décrire et regrouper les tables du dictionnaire.,NA,2.0.0,2.0.0,added in V2.0.0,
fradilFact,fra,dilFact,Facteur de dilution,Indique dans quelle mesure un échantillon ou une aliquote a été dilué avant l'analyse.,"Le facteur de dilution est indiqué comme une mesure sans unité, où une valeur de 10 indique une dilution de 10:1.",2.0.0,2.0.0,added in V2.0.0,
fradillute,fra,dillute,Dillutions ponctuelles,La concentration exacte ou les dillutions pour générer une courbe standard.,NA,2.0.0,2.0.0,added in V2.0.0,
fradilution,fra,dilution,Classe de dilution,Measures and methods relating to dilutions.,NA,2.0.0,2.0.0,added in V2.0.0,
fradiptheriaGrp,fra,diptheriaGrp,Groupe Diphtérie,Un groupe de mesures/méthodes relatives à la bactérie de la diphtérie.,Utilisé pour décrire les informations sur l'organisme pour les mesures générales.,2.2.0,2.2.0,added in V2.2.0,
fradisease,fra,disease,Maladie (humaine),Une maladie ou une infection chez les humains.,NA,2.0.0,2.0.0,added in V2.0.0,
fradissGasUnitSet,fra,dissGasUnitSet,Ensemble d’unités pour la concentration de dioxyde de carbone,Ensemble d’unités pour les mesures de la concentration de dioxyde de carbone dans l'eau ou l'atmosphère.,NA,2.0.0,2.0.0,added in V2.0.0,
fradna,fra,dna,Modèle d'ADN,La matrice d'acide désoxyribonucléique (ADN) est utilisée pour les travaux de PCR ou de séquençage.,NA,2.0.0,2.0.0,added in V2.0.0,
fradoc,fra,doc,Profondeur de la couverture,La profondeur de lecture du séquençage.,Utilisé pour interpréter la confiance dans la présence ou la quantité d'une variable.,2.0.0,2.0.0,Issue #120,
fradomain,fra,domain,ID du domaine,"Le domaine est le niveau le plus élevé de description d'une mesure. Il existe trois types de domaines : biologique ( par exemple, Covid-19), chimique (par exemple, l'azote), mesure physique (température).",NA,2.0.0,2.0.0,added in V2.0.0,
fradomains,fra,domains,Domaine,"Le domaine est le niveau le plus élevé de description d'une mesure. Il existe trois types de domaines : biologique ( ex. : Covid-19), chimique (ex. : azote), mesure physique (température).",NA,2.0.0,2.0.0,added in V2.0.0,
fradorm,fra,dorm,Dortoir ou bâtiment résidentiel d’un établissement d'enseignement supérieur ,Dortoir ou bâtiment résidentiel d’un institut d'enseignement supérieur.,NA,2.0.0,2.0.0,added in V2.0.0,
fradpcr,fra,dpcr,PCR numérique (dPCR),Décrit une analyse PCR réalisée à l'aide de la technologie PCR numérique (général).,NA,2.2.0,2.2.0,added in V2.2.0,
fradrain,fra,drain,Égout (drain),"Tuyau qui évacue l'eau ou les eaux usées d'un endroit, ou ouverture dans une surface qui mène audit tuyau.",NA,2.2.3,2.2.3,added in v2.2.3,
frads,fra,ds,Raccourcis du tableau d'ensemble de données,Nom abrégé utilisée pour faire référence au tableau du rapport afin de saisir les détails concernant l'ensemble de données parentales et les dépositaires des données. Fournir l'attribution pour les collecteurs de données.,table,2.2.2,2.2.2,added in V 2.2.2,
fraduration,fra,duration,Durée d'une méthode,"La durée d'une méthode donnée, telle que décrite dans les protocoles.",NA,2.2.0,2.2.0,added in V2.2.0,
frae156g,fra,e156g,e156g gène cible du variante delta,Gène cible e156g de la variante delta.,NA,2.0.0,2.0.0,added in V2.0.0,
frae484a,fra,e484a,e484a gène cible du variante omicron ,Gène cible e484a de la variante omicron.,NA,2.0.0,2.0.0,added in V2.0.0,
fraeaec,fra,eaec,Escherichia coli entéroagrégatif (EAEC),Escherichia coli entéroagrégatif (EAEC),NA,2.2.0,2.2.0,added in V2.2.0,
fraebv,fra,ebv,Virus d'Epstein-Barr (EBV),"Virus d'Epstein-Barr (EBV), anciennement connu sous le nom de gammaherpesvirus humain 4",NA,2.2.0,2.2.0,added in V2.2.0,
fraecl20,fra,ecl20,Licence de la communauté éducative v2.0,La licence de la mesure ou de l'ensemble de données est gérée par la licence de la communauté éducative v2.0.,NA,2.2.0,2.2.0,added in V2.2.0,
fraecoli,fra,ecoli,Coliformes fécaux,"Concentration de bactéries transmises par les excréments fécaux des humains, du bétail et des animaux sauvages.",NA,2.0.0,2.0.0,added in V2.0.0,
fraecoliGrp,fra,ecoliGrp,Groupe Escherichia coli,Un groupe de mesures/méthodes relatives aux bactéries Escherichia coli.,Utilisé pour décrire les informations sur l'organisme pour les mesures générales.,2.2.0,2.2.0,added in V2.2.0,
fraeducation,fra,education,Éducation,Une mesure ou un échantillon prélevé à des fins d'éducation ou de formation.,"Utilisez cette objectif, par exemple, lorsque vous enseignez comment utiliser le PHES-ODM.",2.0.0,2.0.0,added in V2.0.0,
fraefficient,fra,efficient,Efficacité,L'efficacité rapportée pour une courbe standard.,NA,2.0.0,2.0.0,added in V2.0.0,
fraehec,fra,ehec,Escherichia coli entérohémorragique (EHEC),Escherichia coli entérohémorragique (EHEC),NA,2.2.0,2.2.0,added in V2.2.0,
fraeiec,fra,eiec,Escherichia coli entéro-invasif (EIEC),Escherichia coli entéro-invasif (EIEC),NA,2.2.0,2.2.0,added in V2.2.0,
fraeluate,fra,eluate,Eluat/matériau filtrant remis en suspension retenu,"La fraction d'éluat, ou le matériel remis en suspension après filtration, est retenu après la séparation solide/centrifugation.",NA,2.2.0,2.2.0,added in V2.2.0,
fraelutionBuff,fra,elutionBuff,Tampon d'élution,Le tampon d'élution est utilisé pour remettre le matériel en suspension.,NA,2.2.0,2.2.0,added in V2.2.0,
fraemail,fra,email,Adresse courriel de contact.,Adresse courriel de contact pour le laboratoire.,NA,1.0.0,2.0.0,added in V2.0.0,
fraenaForm,fra,enaForm,Format ENA,L'ensemble de données a été initialement enregistré et/ou stocké au format ENA.,NA,3.0.0,3.0.0,added in V3.0.0,
fraenaMap,fra,enaMap,Association européenne des nucléotides (ENA),En-tête de l'ENA,NA,2.0.0,2.0.0,added in V2.0.0,
fraenaNotes,fra,enaNotes,Notes sur l’ENA (European Nucleotide Association),Notes sur l'ENA,NA,2.0.0,2.0.0,added in V2.0.0,
fraenterovirus,fra,enterovirus,Entérovirus,Entérovirus,NA,2.2.0,2.2.0,added in V2.2.0,
fraenterovirusGrp,fra,enterovirusGrp,Groupe Entérovirus,Un groupe de mesures/méthodes relatives aux entérovirus.,Utilisé pour décrire les informations sur l'organisme pour les mesures générales.,2.2.0,2.2.0,added in V2.2.0,
fraenumeration,fra,enumeration,Enumération pour les valeurs de l'ensemble,"La valeur numérique qui correspond à une valeur donnée dans un ensemble, défini dans le tableau des ensembles.",NA,2.2.0,2.2.0,added in V2.2.0,
fraenvRnF,fra,envRnF,Chute de pluie,"Les précipitations, c'est-à-dire la quantité de précipitations sous forme de pluie.",NA,1.0.0,2.0.0,"description wording, structure",
fraenvSnwD,fra,envSnwD,Site de second plan pour le traitement des eaux usées,"Indique une station de traitement des eaux usées où plusieurs laboratoires sont ou étaient en train de prélever des échantillons, et où des échantillons secondaires sont prélevés.",Les sites de ce type devraient idéalement être jumelés via l'ID du site parent avec les informations générales du site.,1.0.0,2.0.0,"description wording, structure",
fraenvSnwF,fra,envSnwF,Chute de neige,Neige (toute précipitations sous forme solide).,NA,1.0.0,2.0.0,"description wording, structure",
fraepec,fra,epec,Escherichia coli entéropathogène (EPEC),Escherichia coli entéropathogène (EPEC),NA,2.2.0,2.2.0,added in V2.2.0,
fraepiDate,fra,epiDate,Date de l'episode,"Date estimée à laquelle l'épisode de maladie s'est déclaré. Habituellement calculé en se basant sur la date des premiers symptémes, la date de test ou la date de reportage.",NA,1.0.0,2.0.0,depreciate,
fraepl10,fra,epl10,Eclipse Public License 1.0,La licence de la mesure ou de l'ensemble de données est gérée dans le cadre de la licence publique Eclipse 1.0.,NA,2.2.0,2.2.0,added in V2.2.0,
fraepl20,fra,epl20,Eclipse Public License 2.0,La licence de la mesure ou de l'ensemble de données est gérée sous la licence publique Eclipse 2.0.,NA,2.2.0,2.2.0,added in V2.2.0,
fraerdTableSet,fra,erdTableSet,Ensemble de tables ERD,Toutes les tables énumérées dans le diagramme des relations entre entités. ,"Le modèle ODM complet est communément appelé ""tables longues"" car il stocke les données avec une mesure par ligne.",2.0.0,2.0.0,added in V2.0.0,
fraeSarbec,fra,eSarbec,Gène cible de SRAS-CoV-2 sarbecovirus-spécifique E,Gène cible E de SRAS-CoV-2 spécifique du sarbecovirus,NA,2.0.0,2.0.0,added in V2.0.0,
fraesbl,fra,esbl,Gènes codant pour les BLSE,Gènes codant pour la bêta-lactamase à spectre étendu.,NA,2.1.0,2.1.0,added in V2.1.0,
fraesp,fra,esp,préparation d'échantillons en fonction des exclusions (ESP),Exclusions basées sur la préparation de l'échantillon (ESP),NA,2.2.0,2.2.0,added in V2.2.0,
fraestFreqReads,fra,estFreqReads,Fréquence estimée des lectures,Fréquence estimée des lectures dans un essai de séquençage,NA,2.0.0,2.0.0,added in V2.0.0,
fraestuary,fra,estuary,"Estuaire, étendue d'eau naturelle.","Estuaire, plan d'eau naturel.",NA,1.0.0,2.0.0,"description wording, structure",
fraetec,fra,etec,Escherichia coli entérotoxinogène (ETEC),Escherichia coli entérotoxinogène (ETEC),NA,2.2.0,2.2.0,added in V2.2.0,
fraeupl11,fra,eupl11,European Union Public License 1.1,La licence de la mesure ou de l'ensemble de données est gérée sous la licence publique de l'Union européenne 1.1.,NA,2.2.0,2.2.0,added in V2.2.0,
fraeupl12,fra,eupl12,European Union Public License 1.2,La licence de la mesure ou de l'ensemble de données est gérée sous la licence publique de l'Union européenne 1.2.,NA,2.2.0,2.2.0,added in V2.2.0,
fraexceptions,fra,exceptions,Partie de type d'exceptions,Type de partie d'exception utilisé pour créer des noms larges qui ne suivent pas la structure générale.,NA,2.0.0,2.0.0,added in V2.0.0,
fraexpec,fra,expec,Escherichia coli pathogène extra-intestinal (ExPEC),Escherichia coli pathogène extra-intestinal (ExPEC),NA,2.2.0,2.2.0,added in V2.2.0,
fraexpFail,fra,expFail,Échec de l'expérience,L'expérience PCR a échoué. Aucune valeur rapportée.,NA,2.0.0,2.0.0,added in V2.0.0,
fraextBlank,fra,extBlank,Blanc d'extraction - Contrôle,"Indicateur binaire ""oui"" ou ""non"" indiquant si un blanc d'extraction a été utilisé comme contrôle pour le processus d'extraction de l'acide nucléique.",NA,2.2.0,2.2.0,added in V2.2.0,
fraextract4s,fra,extract4s,Méthode 4s,Extraction d'acides nucléiques réalisée par la méthode 4s.,NA,2.0.0,2.0.0,added in V2.0.0,
fraextraction,fra,extraction,Méthode d'extraction de l'acide nucléique,Description de la méthode d'extraction.,Description de la méthode utilisée pour extraire l'échantillon,1.0.0,2.0.0,description wording add categories from NWSS,
fraextractSet,fra,extractSet,Ensemble de catégories d'extraction d'acide nucléique,Ensemble de catégories utilisé pour stocker toutes les valeurs de catégories valides pour la méthode d'extraction de l'acide nucléique.,NA,2.0.0,2.0.0,added in V2.0.0,
fraexvol,fra,exvol,Volume d'extraction en mL,Volume d'extraction de l'échantillon,Taille de l'échantillon qui est analysé.,1.0.0,2.0.0,description wording and unit set,
fraf456l,fra,f456l,Mutation F456L de FLiRT/SLip,La mutation F456L de la variante FLiRT/SLip.,NA,2.2.0,2.2.0,added in V2.2.0,
frafaeces,fra,faeces,Matière fécale,Matiére fécale.,NA,1.0.0,2.0.0,NA,
frafColiphage,fra,fColiphage,Coliphage spécifique mâle (F+) - en général,Coliphage spécifique mâle (F+) - en général,NA,2.2.0,2.2.0,added in V2.2.0,
frafDNA,fra,fDNA,Coliphage ADN F+,Coliphage ADN F+,NA,2.2.0,2.2.0,added in V2.2.0,
frafield,fra,field,Échantillon de champ,Spécifie un échantillon prélevé sur le terrain ; directement collecté dans une zone pour être testé.,NA,2.0.0,2.0.0,added in V2.0; GitHub issue #94,
frafieldReplicate,fra,fieldReplicate,Réplique du champ,Un échantillon divisé en deux ou plusieurs parties homogènes.,NA,2.0.0,2.0.0,added in V2.0; GitHub issue #94,
frafileLocation,fra,fileLocation,fichier,Fichier représentant la géométrie du polygone (blob).,NA,1.0.0,2.0.0,"partID chaned to ""fileLoaction"" specifying where the file is, not the whole file itself.",
frafilt,fra,filt,Filtration,Décrit la séparation solide d'un échantillon d'eau usée par filtration. On procède ensuite à la concentration ou à l'analyse du filtrat liquide.,NA,2.0.0,2.0.0,added in V2.0.0,
frafiNa,fra,fiNa,Première nation,"Utilisé pour catégoriser un bassin d'échantillonnage qui est une Première nation, ou sur des réserves.","Probablement pour un usage interne uniquement, les données indigènes ne peuvent et ne doivent pas être partagées sans le consentement explicite de la nation en question.",2.0.0,2.0.0,added in V2.0.0,
frafinVol,fra,finVol,Volume final,Le volume final d'une solution d'essai ou d'un échantillon.,NA,2.2.0,2.2.0,added in V2.2.0,
frafirstName,fra,firstName,Prénom du contact,Spécifie le prénom d'un contact donné.,NA,2.0.0,2.0.0,added in V2.0.0,
frafirstReleased,fra,firstReleased,Première diffusion,La version de l'ODM dans laquelle une partie a été publiée pour la première fois.,NA,2.0.0,2.0.0,added in V2.0.0,
frafK,fra,fK,Clé étrangère,Clé étrangère pour une table.,NA,2.0.0,2.0.0,added in V2.0.0,
fraflagAI,fra,flagAI,AI,"L'échantillon original était inhibé ; cependant, l'inhibition a été traitée par dilution. L'estimation de la concentration rapportée est le résultat actualisé après traitement de l'inhibition.",NA,2.0.0,2.0.0,added in V2.0.0,
fraflagB,fra,flagB,Niveaux de contamination à l'état de traces,"Le résultat analytique peut être sujet à des ""traces"" de contamination ; l'analyte cible a également été détecté dans les contrôles négatifs lors du même passage que l'échantillon.",NA,2.0.0,2.0.0,added in V2.0.0,
fraflagFI,fra,flagFI,FI,"L'échantillon original était inhibé ; cependant, l'inhibition n'a pas été traitée avec succès. Par conséquent, aucune estimation de la concentration n'a été rapportée.",NA,2.0.0,2.0.0,added in V2.0.0,
fraflagJ,fra,flagJ,J,Le résultat de l'analyse est inférieur à la concentration la plus faible de la courbe standard spécifique à l'expérience mais supérieur à la valeur de l'ordonnée ; la valeur rapportée est basée sur l'extrapolation de la courbe standard dans la région non linéaire.,NA,2.0.0,2.0.0,added in V2.0.0,
fraflagND,fra,flagND,ND,Aucune amplification n'a eu lieu dans la réaction ; non-détection.,"Pour la valeur d'une mesure non détectée, rapportez la valeur réelle même si elle est inférieure au seuil de détection. L'indicateur permet de s'assurer que la mesure est enregistrée comme non détectée. Dans les cas où les données originales n'enregistrent pas de valeur, mais seulement l'indicateur, veuillez remplir le champ de valeur avec un 1 ou un 0 pour indiquer un résultat nul.",2.0.0,2.0.0,added in V2.0.0,
fraflagUJ,fra,flagUJ,UJ,"Le cycle de quantification observé est supérieur à la valeur d'interception de la courbe standard spécifique à l'expérience, mais des preuves d'une amplification claire étaient présentes (c'est-à-dire un signal "" trace "" observé) ; la valeur rapportée est basée sur l'extrapolation de la courbe standard dans la région non linéaire.",NA,2.0.0,2.0.0,added in V2.0.0,
fraflagUQ,fra,flagUQ,UQ,"Non quantifiable, la valeur Ct dépasse la valeur maximale de la courbe standard. Il y a eu une détection, mais nous ne pouvons pas la quantifier avec certitude",NA,2.0.0,2.0.0,added in V2.0.0,
fraflavivirusGrp,fra,flavivirusGrp,"Groupe Flavivirus (West Nile, Dengue, Zika)",Un groupe de mesures/méthodes relatives aux flavivirus.,Utilisé pour décrire les informations sur l'organisme pour les mesures générales.,2.2.0,2.2.0,added in V2.2.0,
fraflirtSLipGrp,fra,flirtSLipGrp,Groupe de variants FLiRT/SLip,Le groupe pour les mesures et les méthodes relatives aux variantes FLiRT et SLip du SRAS-CoV-2.,NA,2.2.0,2.2.0,added in V2.2.0,
fraflirtV,fra,flirtV,Variantes FLiRT,FLiRT est le nom donné à toute une famille de sous- variantes du COVID-19 qui sont en train de gagner du terrain. Ils ont évolué à partir de la sous-variante JN.1.,NA,2.0.0,2.0.0,added in V2.0.0,
frafloat,fra,float,Type de données Float,Le type de données pour les données de type float.,Utilisé uniquement pour les entrées du dictionnaire relatives aux parties.,2.0.0,2.0.0,added in V2.0.0,
frafloMean,fra,floMean,Moyenne normalisée en fonction du débit,Mesure moyenne normalisée au débit d'eaux usées.,"Principalement utilisé pour la déclaration d'allèles spécifiques (N1, N2, E, etc.)",2.0.0,2.0.0,added in V2.0.0,
frafloor,fra,floor,Plancher,Étage d'un bâtiment ou d'une pièce.,NA,2.0.0,2.0.0,added in V2.0.0,
frafloRate,fra,floRate,Débit,Débit d'eau usée.,NA,1.0.0,2.0.0,"description wording, structure",
fraflow24hDep,fra,flow24hDep,Echantillon de 24 heures à flux proportionnel,"Un échantillon composite proportionnel au débit prélevé sur 24 heures, généralement prélevé par un auto-échantilonneur.",NA,1.0.0,2.0.0,depreciated,
fraflowClass,fra,flowClass,Classe d'écoulement,Spécifie une collection de mesures/méthodes liées à l'écoulement.,NA,2.0.0,3.0.0,"partID changed from ""flow"" to ""flowClass""",
fraflowPr,fra,flowPr,Échantillon proportionnel au flux,"Un échantillon composite proportionnel au temps prélevé sur 24 heures, généralement prélevé par un auto-échantilonneur.",NA,1.0.0,2.0.0,Removed time period. Use collection period (collectPer) = 24 for 24hr sample,
fraflowUnitSet,fra,flowUnitSet,Ensemble d'unités de débit volumique,Ensemble d'unités pour les mesures de débit volumique.,NA,2.0.0,2.0.0,added in V2.0.0,
fraflowVol,fra,flowVol,Volume du débit,Volume de l'influent.,NA,2.0.0,2.0.0,added in V2.0.0,
fraflu,fra,flu,Groupe du virus de la grippe,Indique un groupe de mesures/méthodes liées aux virus de la grippe.,NA,2.0.0,2.0.0,added in V2.0.0,
frafluA,fra,fluA,Virus de la grippe A,Virus de la grippe A.,NA,2.1.0,2.1.0,added in V2.1.0,
frafluA1,fra,fluA1,Virus de l'influenza A1,Type de virus de l'influenza A1,NA,2.0.0,2.0.0,added in V2.0.0,
frafluA1A2c,fra,fluA1A2c,Virus de l'influenza A1 et A2 combinés,"Mesure des virus de la grippe A1 et A2 combinés, généralement due à un seul canal de fluorescence.",NA,2.0.0,2.0.0,added in V2.0.0,
frafluA2,fra,fluA2,Virus de l'influenza A2,Type de virus de l'influenza A2,NA,2.0.0,2.0.0,added in V2.0.0,
frafluAGrp,fra,fluAGrp,Groupe Influenza,Un groupe de mesures/méthodes relatives aux virus de la grippe.,Utilisé pour décrire les informations sur l'organisme pour les mesures générales.,2.2.0,2.2.0,added in V2.2.0,
frafluB,fra,fluB,Virus de l'influenza B,Type de virus de l'influenza B,NA,2.0.0,2.0.0,added in V2.0.0,
frafluBGrp,fra,fluBGrp,Groupe Influenza,Un groupe de mesures/méthodes relatives aux virus de la grippe.,Utilisé pour décrire les informations sur l'organisme pour les mesures générales.,2.2.0,2.2.0,added in V2.2.0,
frafluGrp,fra,fluGrp,Groupe général des virus de la grippe,Un groupe de mesures/méthodes liées aux virus grippaux généraux.,Utilisé pour décrire l'information sur l'organisme pour les mesures générales.,2.2.0,2.2.0,added in V2.2.0,
frafluH5hema,fra,fluH5hema,Gène de l'hémagglutinine du virus de la grippe A H5 ,"Mesure du gène de l'hémagglutinine H5 du virus de l'influenza aviaire hautement pathogène (HPAIV), sous-type H5N1 du virus de l'influenza A (IAV).",NA,2.2.0,2.2.0,added in V2.2.0,
frafluIAVm,fra,fluIAVm,Gène M de l'influenza A,"Mesure du gène M présent dans les virus de la grippe A (IAV). Le virus possède un génome ARN segmenté et le 7e segment, le gène M, code pour deux protéines. M1 est une protéine matricielle et M2 une protéine membranaire. Le gène M peut être impliqué dans la détermination du tropisme de l'hôte.",NA,2.2.0,2.2.0,added in V2.2.0,
frafluiDpcr,fra,fluiDpcr,RCP digitale de fluidigm,Décrit une analyse de RCP effectuée à l'aide de la technologie de RCP numérique de FluidIGM.,NA,2.0.0,2.0.0,added in V2.0.0,
frafluN1neur,fra,fluN1neur,Gène de la neuraminidase du virus de la grippe A N1,"Mesure du gène de la neuraminidase N1 du virus de l'influenza aviaire hautement pathogène (HPAIV), sous-type H5N1 du virus de l'influenza A (IAV).",NA,2.2.0,2.2.0,added in V2.2.0,
frafoggy,fra,foggy,Brouillard,"CatSetégorie qualitative pour la mesure météorologique, spécifiant un jour de brouillard ou de brume.",NA,2.0.0,2.0.0,added in V2.0; github issue #124 and #204,
frafraction,fra,fraction,Fraction analyzé,Fraction de l'échantillon qui est analysée.,NA,1.0.0,2.0.0,"description wording, structure",
frafractionInput,fra,fractionInput,Entrée de la fraction (tableau large),Le partID de la fraction utilisée dans un nom large.,NA,2.2.0,2.2.0,added in V2.2.0,
frafractionName,fra,fractionName,Nom de la fraction (tableau large),La fraction analysée référencée pour le nom large.,NA,2.2.0,2.2.0,added in V2.2.0,
frafractionSet,fra,fractionSet,Ensemble de catégories de fraction d'échantillon,"Ensemble de catégories pour la fraction de l'échantillon (solide, liquide, etc.).",NA,2.0.0,2.0.0,added in V2.0.0,
frafreyja,fra,freyja,Script Freyja,Script Freyja pour le séquençage.,NA,2.0.0,2.0.0,added in V2.0.0,
frafRNABact,fra,fRNABact,Bactériophages à ARN F-spécifiques,Une mesure de la quantité de bactériophages à ARN F-spécifiques.,NA,2.0.0,2.0.0,added in V2.0.0,
frafRNAColi,fra,fRNAColi,Coliphage ARN F+,Coliphage ARN F+,NA,2.2.0,2.2.0,added in V2.2.0,
frafrnaG2,fra,frnaG2,"Bactériophages à ARN F-spécifiques, G2",Une mesure de la quantité de bactériophages à ARN F-Spécifique G2.,NA,2.0.0,2.0.0,added in V2.0.0,
frafrozen,fra,frozen,Échantillon congelé,L'échantillon a été congelé avant l'analyse ou le traitement,NA,2.0.0,2.0.0,added in V2.0.0,
frafst,fra,fst,"Temprature à laquelle l'échantillon était stocké pendant l'échantillonnage. Ce champ est principalement pertinent pour les échantillons composites, qui peuvent étre stockées é température ambiante ou réfrigérés durant l'échantillonnage.","Température à laquelle l'échantillon est stocké pendant qu'il est échantillonné. Ce champ est principalement pertinent pour les échantillons composites qui sont soit conservés à température ambiante, soit réfrigérés pendant l'échantillonnage.",NA,1.0.0,2.0.0,NA,
frafTularensis,fra,fTularensis,Francisella tularensis,Francisella tularensis,NA,2.2.0,2.2.0,added in V2.2.0,
frafullDictionarySheetSet,fra,fullDictionarySheetSet,Ensemble de draps de dictionnaire complet,Feuilles de travail dans le dictionnaire Excel complet.,Le dictionnaire complet est `ODM_full-dictionary.xlxs,2.0.0,2.0.0,added in V2.0.0,
frafunderCont,fra,funderCont,ID du contact du financeur,Un identifiant unique pour les financeurs.,NA,2.0.0,2.0.0,added in V2.0.0,
frafunderID,fra,funderID,Organisme de financement,L'agence de financement de l'ensemble de données.,Utilisez Organisation pour décrire les coordonnées et autres détails de l'organisme de financement. ,2.0.0,2.0.0,added in V2.0; github issue #205,
frag215c,fra,g215c,g215c gène cible de la variante delta ,Gène cible g215c de la variante delta.,NA,2.0.0,2.0.0,added in V2.0.0,
frag339d,fra,g339d,g339d gène cible de la variante omicron ,Gène cible g339d de la variante omicron.,NA,2.0.0,2.0.0,added in V2.0.0,
frag496s,fra,g496s,g496s gène cible de la variante omicron,Gène cible g496s de la variante omicron.,NA,2.0.0,2.0.0,added in V2.0.0,
frag662s,fra,g662s,g662s gène cible de la variante delta,Gène cible g662s de la variante delta.,NA,2.0.0,2.0.0,added in V2.0.0,
fragam,fra,gam,Gamma,P.1,NA,2.0.0,2.0.0,added in V2.0.0,
fragas,fra,gas,Classe de gaz,Measures and methods relating to gas and gases.,NA,2.0.0,2.0.0,added in V2.0.0,
fragc,fra,gc,Copies de gènes,Copies de gène ou de variant.,NA,1.0.0,2.0.0,added in V2.0.0,
fragcCrA,fra,gcCrA,Copies de gènes par copie de crAssphage,Copies de gène ou de variant par copie de CrAssphage.,NA,1.0.0,2.0.0,description wording.,
fragcDay100k,fra,gcDay100k,"Copies de gènes par jour pour 100,000","L'unité pour les mesures qui représente le nombre de copies de gènes par jour pour 100,000 personnes dans la population.",NA,2.0.0,2.0.0,added in V2.0.0,
fragCGS,fra,gCGS,Copies de gènes par gramme de solide,Copies de gène ou de variant par gramme de solides.,NA,1.0.0,2.0.0,description wording.,
fragcL,fra,gcL,Copies de gènes par L,Copies de gène ou de variant par litre.,NA,1.0.0,2.0.0,description wording.,
fragcMl,fra,gcMl,Copies de gènes par mL,Copies de gène ou de variant par millilitre.,NA,1.0.0,2.0.0,description wording.,
fragcPpmov,fra,gcPpmov,Copies de gènes par copie de PMMoV,Copies de gène ou de variant par copie de PMMoV.,NA,1.0.0,2.0.0,description wording.,
frageneticUnitSet,fra,geneticUnitSet,Ensemble d'unités de génétique,Ensemble d'unités pour les mesures liées à la génétique.,NA,2.0.0,2.0.0,added in V2.0.0,
fragenMissingnessSet,fra,genMissingnessSet,Ensemble des valeurs d'absence,Un ensemble pour les valeurs manquants.,NA,2.0.0,2.0.0,added in V2.0.0,
fragenQualitySet,fra,genQualitySet,Ensemble générique des indices de qualité,Un ensemble de qualité pour spécifier toute préoccupation de qualité générique concernant une mesure ou un échantillon.,NA,1.0.0,2.0.0,"description wording, structure",
frageoEPSG,fra,geoEPSG,Coordonnées du Groupe européen d'études pétrolières,Le code EPSG unique spécifiant une zone géospatiale donnée.,NA,2.0.0,2.0.0,added in V2.0.0,
frageoLat,fra,geoLat,Latitude géographique,Position géographique du site d'échantillonnage. Latitude exprimée en coordonnées décimales (ex. 45.424721),NA,1.0.0,2.0.0,NA,
frageoLong,fra,geoLong,Longitude géographique,Position géographique du site d'échantillonnage. Longitude exprimée en coordonnées décimales (ex. -75.695000),NA,1.0.0,2.0.0,NA,
frageoType,fra,geoType,Type de polygone,Type de polygone.,NA,1.0.0,2.0.0,"description wording, structure",
frageoTypeSet,fra,geoTypeSet,Ensemble de catégories géographiques,Ensemble de catégories pour les différents types de composants géographiques.,NA,2.0.0,2.0.0,added in V2.0.0,
frageoWKT,fra,geoWKT,Texte de référence,Description formelle du polygone (format Well-Known-Text (wkt)),NA,1.0.0,2.0.0,"description wording, structure",
fragfdl13,fra,gfdl13,Licence de documentation libre GNU v1.3,La licence de la mesure ou de l'ensemble de données est gérée sous la licence de documentation libre GNU v1.3.,NA,2.2.0,2.2.0,added in V2.2.0,
fragm3,fra,gm3,Gramme par mètre cube,Gramme par mètre cube.,NA,2.0.0,2.0.0,added in V2.0.0,
fragmn,fra,gmn,Moyenne géométrique,Moyenne géométrique.,NA,1.0.0,2.0.0,NA,
fragonococcusGrp,fra,gonococcusGrp,Groupe Gonocoques,Un groupe de mesures/méthodes relatives aux bactéries gonocoques.,Utilisé pour décrire les informations sur l'organisme pour les mesures générales.,2.2.0,2.2.0,added in V2.2.0,
fragovt,fra,govt,Organisation de type d'agence gouvernementale,"La catégorie de type d'organisation utilisée pour les agences gouvernementales, les programmes ou les organismes d'État.",NA,2.0.0,2.0.0,added in V2.0.0,
fragpl20,fra,gpl20,Licence publique générale de GNU v2.0,La licence de la mesure ou de l'ensemble de données est gérée sous la licence publique générale GNU v2.0.,NA,2.2.0,2.2.0,added in V2.2.0,
fragpl30,fra,gpl30,Licence publique générale de GNU v3.0,La licence de la mesure ou de l'ensemble de données est gérée sous la licence publique générale GNU v3.0.,NA,2.2.0,2.2.0,added in V2.2.0,
fragrams,fra,grams,Grammes,Unité de masse ou de poids.,NA,2.0.0,2.0.0,added in V2.0.0,
fragraSet,fra,graSet,Décantation par gravité,"Décrit la séparation solide d'un échantillon d'eau usée, où l'on laisse le matériau de l'échantillon se déposer par gravité, puis on le sépare.",NA,2.0.0,2.0.0,added in V2.0.0,
fragrb,fra,grb,Échantillon instantané,Un seul échantillon ponctuel représentatif.,NA,1.0.0,2.0.0,"description wording, structure",
fragromstole,fra,gromstole,Script Gromstole 1.0 ,Script Gromstole 1.0 pour le séquençage.,NA,2.0.0,2.0.0,added in V2.0.0,
fragroup,fra,group,Groupe,Identifiant unique pour un groupe de mesures.,"Un ensemble de mesures liées. Par exemple, SARS-CoV-2 est un groupe. Au sein du groupe SARS-CoV-2, il existe des classes de mesures qui comprennent des allèles d'ARN (N1, N2, E, etc.), des mutations (E484K0), une séquence entière, des protéines virales, etc. Actuellement, les groupes ne sont utilisés que pour les mesures.",2.0.0,2.0.0,added in V2.0.0,
fragroups,fra,groups,Groupe catégorie,Une collection de mesures liées.,"Utilisé principalement pour regrouper les mesures et les méthodes, il permet d'alléger la liste déroulante pour une mesure ou une méthode donnée. ",2.0.0,2.0.0,added in V2.0.0,
frah5n1,fra,h5n1,Virus de l'influenza A aviaire H5N1 (IAV) ,"Mesure générale du virus de l'influenza aviaire hautement pathogène (HPAIV), sous-type H5N1 du virus de l'influenza A (IAV).",NA,2.2.0,2.2.0,added in V2.2.0,
frahaemophilusGrp,fra,haemophilusGrp,Groupe Haemophilus,Un groupe de mesures/méthodes relatives à la bactérie haemophilus.,Utilisé pour décrire les informations sur l'organisme pour les mesures générales.,2.2.0,2.2.0,added in V2.2.0,
frahAg,fra,hAg,Voir l'en-tête pour l'agrégation,Un indicateur pour montrer dans un nom large que l'information sur l'agrégation se trouve dans une colonne différente.,Valeur non valide pour l'agrégation dans le format long standard.,2.2.0,2.2.0,added in V2.2.0,
frahCo,fra,hCo,Voir l'en-tête du compartiment,Le volume d'un échantillon donné.,Il ne s'agit pas d'une donnée d'entrée valable pour le compartiment dans les modèles généraux.,2.2.0,2.2.0,added in V2.2.0,
frahDucreyi,fra,hDucreyi,Haemophilus ducreyi,Haemophilus ducreyi,NA,2.2.0,2.2.0,added in V2.2.0,
fraheader,fra,header,En-tête,"En-tête d'une table. Également connu sous le nom de variable de table ou ""d'attribut"" de relation d'entité. ",L'en-tête est la ligne supérieure ou le nom de la variable dans une table.,2.0.0,2.0.0,added in V2.0.0,
frahealthAdm,fra,healthAdm,Administration de la santé ou agence de planification,Organisme d'administration ou de planification de la santé. ,NA,2.0.0,2.0.0,added in V2.0.0,
frahealthRegion,fra,healthRegion,Région de santé d'un site,Variable de texte libre permettant d'énumérer la région de santé d'un site donné.,NA,2.1.0,2.1.0,added in V2.1.0,
fraheatInacSARS,fra,heatInacSARS,Cible de virus SRAS-CoV-2 inactivé par la chaleur,Le virus SARS-CoV-2 inactivé par la chaleur est utilisé comme cible de contrôle de l'efficacité de la récupération.,NA,2.0.0,2.0.0,added in V2.0.0,
frahepA,fra,hepA,Hépatite A,Hépatite A,NA,2.2.0,2.2.0,added in V2.2.0,
frahepB,fra,hepB,Hépatite B,Hépatite B,NA,2.2.0,2.2.0,added in V2.2.0,
frahepC,fra,hepC,Hépatite C,Hépatite C,NA,2.2.0,2.2.0,added in V2.2.0,
frahepE,fra,hepE,Hépatite E,Hépatite E,NA,2.2.0,2.2.0,added in V2.2.0,
frahepGRna,fra,hepGRna,rna blindé de l'hep g,Mesure de la quantité d'ARN blindé de l'hépatite G.,NA,2.0.0,2.0.0,added in V2.0.0,
frahepGRnaMat,fra,hepGRnaMat,Cible de rna blindé hep g,L'ARN blindé de l'hépatite G est utilisé comme cible de contrôle de l'efficacité de la récupération.,NA,2.0.0,2.0.0,added in V2.0.0,
frahepGrp,fra,hepGrp,Groupe Hépatite,Un groupe de mesures/méthodes relatives aux virus de l'hépatite.,Utilisé pour décrire les informations sur l'organisme pour les mesures générales.,2.2.0,2.2.0,added in V2.2.0,
fraherpesGrp,fra,herpesGrp,Groupe des virus de l'herpès,Un groupe de mesures/méthodes relatives aux virus de l'herpès.,Utilisé pour décrire les informations sur l'organisme pour les mesures générales.,2.2.0,2.2.0,added in V2.2.0,
frahf183,fra,hf183,HF183 Bacteriodes 16S,ARNr de HF183 Bactériodes 16S spécifiques à l’homme ,NA,2.2.0,2.2.0,added in V2.2.0,
frahFr,fra,hFr,Voir l'en-tête pour la fraction analysée,Un indicateur dans les noms larges pour montrer que les informations sur la fraction analysée se trouvent dans un en-tête séparé.,Valeur non valide pour la fraction analysée dans le format long standard.,2.2.0,2.2.0,added in V2.2.0,
frahiaa5,fra,hiaa5,Acide 5-hydroxyindoleacétique (5-HIAA),"Un métabolite de la sérotonine utilisé pour normaliser le signal de surveillance des eaux usées. L'analyse du 5-HIAA est effectuée en milieu clinique pour évaluer la possibilité d'un syndrome carcinoïde chez les patients, et utilisée dans l'analyse des eaux usées pour estimer le nombre d'individus dans une population humaine. Des études ont montré que le 5-HIAA peut être quantifié dans des échantillons provenant de stations d'épuration des eaux usées, et que les quantités mesurées de cette molécule ont une corrélation positive avec la population calculée à l'aide de paramètres hydrochimiques, et sont également bien corrélées avec les mesures de population issues du recensement.",NA,2.2.0,2.2.0,added in V2.2.0,
frahigh,fra,high,Très grave,"Indique un problème de qualité très grave, ce qui signifie probablement que les données ne doivent pas être communiquées.",NA,2.0.0,2.0.0,added in V2.0.0,
frahInfluenzae,fra,hInfluenzae,Haemophilus influenzae,Haemophilus influenzae,NA,2.2.0,2.2.0,added in V2.2.0,
frahiv,fra,hiv,Virus de l'immunodéficience humaine (VIH),Virus de l'immunodéficience humaine (VIH),NA,2.2.0,2.2.0,added in V2.2.0,
frahivGrp,fra,hivGrp,Groupe VIH,Un groupe de mesures/méthodes relatives au virus de l'immunodéficience humaine (VIH).,Utilisé pour décrire les informations sur l'organisme pour les mesures générales.,2.2.0,2.2.0,added in V2.2.0,
frahlthReg,fra,hlthReg,Région de santé du réseau d'égout ,Région de santé desservie par le réseau d'égout.,NA,1.0.0,2.0.0,Name Change (from Polygon Type),
frahma,fra,hma,Mesuré à la main,Mesure é l'aide d'un capteur manuel.,NA,1.0.0,2.0.0,"description wording, structure",
frahMe,fra,hMe,Voir l'en-tête pour la mesure,Un indicateur pour montrer dans un nom large que l'information sur les mesures se trouve dans une colonne différente.,Valeur non valide pour la mesure dans le format long standard.,2.2.0,2.2.0,added in V2.2.0,
frahmpv,fra,hmpv,Métapneumovirus humain (HMPV) ,Métapneumovirus humain (HMPV),NA,2.2.0,2.2.0,added in V2.2.0,
frahollowFiberUF,fra,hollowFiberUF,Ultrafiltration par fibres creuses,Ultrafiltration par fibres creuses en cul-de-sac,NA,2.0.0,2.0.0,"added in V2.0.0, added from NWSS",
frahosa,fra,hosa,Admissions à l'hôpital,Nombre d'admissions ou nombre de patients admis à l'hôpital.,NA,1.0.0,2.0.0,now a unit for any group or biologic infection,
frahosc,fra,hosc,Recensement des hôpitaux,Rencensement des patients admis à un hôpital avec la COVID-19.,NA,1.0.0,2.0.0,now a unit for any group or biologic infection,
frahosptl,fra,hosptl,Hôpital,Hépital.,NA,1.0.0,2.0.0,"description wording, structure",
frahoTaWa,fra,hoTaWa,Eaux usées des réservoirs de stockage,"Eaux usées provenant d'un réservoir de retenue, par exemple d'un avion ou d'un bateau.","Déprécié dans la version 2, ne pas utiliser. Duplicate des catégories sampleMat - référez-vous à celles-ci.",1.0.0,2.0.0,depreciated,
frahours,fra,hours,Heures,Unité permettant d'indiquer une durée en heures.,NA,2.0.0,2.0.0,added in V2.0.0,
frahpiv,fra,hpiv,Virus de la parainfluenza humaine (HPIV),Virus de la parainfluenza humaine (HPIV),NA,2.2.0,2.2.0,added in V2.2.0,
frahpv,fra,hpv,Papillomavirus humain (HPV),Papillomavirus humain (HPV),NA,2.2.0,2.2.0,added in V2.2.0,
frahrv,fra,hrv,Rhinovirus humain (HRV),Rhinovirus humain (HRV),NA,2.2.0,2.2.0,added in V2.2.0,
frahrvA,fra,hrvA,Rhinovirus humain (HRV) A,Traduit avec www.DeepL.com/Translator (version gratuite),NA,2.2.0,2.2.0,added in V2.2.0,
frahrvB,fra,hrvB,Rhinovirus humain (HRV) B,Rhinovirus humain (HRV) B,NA,2.2.0,2.2.0,added in V2.2.0,
frahrvC,fra,hrvC,Rhinovirus humain (HRV) C,Rhinovirus humain (HRV) C,NA,2.2.0,2.2.0,added in V2.2.0,
frahrvGrp,fra,hrvGrp,Groupe des rhinovirus,Un groupe de mesures/méthodes relatives aux rhinovirus.,Utilisé pour décrire les informations sur l'organisme pour les mesures générales.,2.2.0,2.2.0,added in V2.2.0,
frahSp,fra,hSp,Voir l'en-tête du spécimen,Un indicateur pour montrer dans un nom large que les informations sur les spécimens se trouvent dans une colonne différente.,Ce n'est pas une valeur valide pour le spécimen dans les modèles standard de format long.,2.2.0,2.2.0,added in V2.2.0,
frahsv,fra,hsv,Virus de l'herpès simplex,Virus de l'herpès simplex,NA,2.2.0,2.2.0,added in V2.2.0,
frahtSam,fra,htSam,Eaux usées des réservoirs de stockage,"Wastewater sampled from a holding tank, such as from an airplane or ship",NA,2.0.0,2.0.0,NA,
frahtSite,fra,htSite,Réservoir de stockage,Bassin de stockage.,NA,1.0.0,2.0.0,"description wording, structure",
frahum,fra,hum,Humaine,Une mesure ou une observation faite sur un humain.,NA,2.0.0,2.0.0,added in V2.0.0,
frahumanCompartmentSet,fra,humanCompartmentSet,Ensemble de compartiments d’humain.,Un ensemble de compartiments pour les mesures et les méthodes dans le compartiment humain.,NA,2.0.0,2.0.0,added in V2.0.0,
frahumid,fra,humid,Classe d'humidité,Spécifie une collection de mesures/méthodes liées à l'humidité.,NA,2.0.0,2.0.0,added in V2.0.0,
frahUn,fra,hUn,Voir l'en-tête pour l'unité,Un indicateur pour montrer dans un nom large que l'information sur l'unité se trouve dans une colonne différente.,Valeur non valide pour unité dans le format long standard.,2.2.0,2.2.0,added in V2.2.0,
frai1566v,fra,i1566v,i1566v cible de gène de la variante omicron,Gène cible i1566v de la variante omicron.,NA,2.0.0,2.0.0,added in V2.0.0,
frai3758v,fra,i3758v,i3758v cible de gène de la variante omicron,Gène cible i3758v de la variante omicron.,NA,2.0.0,2.0.0,added in V2.0.0,
frai82t,fra,i82t,i82t cible de gène de la variante delta,Gène cible i82t de la variante delta.,NA,2.0.0,2.0.0,added in V2.0.0,
fraibu,fra,ibu,Ibuprofène,Ibuprofène (habituellement mesuré en tant qu'indicateur chimique fécal humain),NA,2.2.0,2.2.0,added in V2.2.0,
fraicd,fra,icd,Classification internationale des maladies,Système de classification des maladies chez les humains.,NA,2.0.0,2.0.0,added in V2.0.0,
fraicu,fra,icu,Patients des unités de soins intensifs,Unités pour décrire une mesure de population des patients qui sont en soins intensifs pour une cause donnée.,Unité pour une mesure de population ou de maladie afin d'expliquer les effets cliniques au niveau de la population.,2.0.0,2.0.0,added in V2.0.0,
frain,fra,in,Raccourcis pour le tableau des instruments,Nom abrégé utilisé pour faire référence à la table contenant des informations sur les instruments.,table,2.2.2,2.2.2,added in V 2.2.2,
fraindex,fra,index,Index,Index de la mesure dans le cas oé la méme mesure a été prise en replicata.,NA,1.1.0,2.0.0,NA,
fraindusIn,fra,indusIn,Apports industriels,Pourcentage de l'apport total d'eaux usées provenant de sources industrielles.,NA,2.2.0,2.2.0,added in V2.2.0,
frainfluEqui,fra,influEqui,Équilibrage de l'affluent,Indicateur binaire indiquant si un site stocke les eaux usées influentes avant leur traitement afin d'équilibrer les débits.,NA,2.2.0,2.2.0,added in V2.2.0,
frainhibitionSet,fra,inhibitionSet,Ensemble d'inhibition,Ensemble de catégories pour les méthodes d'inhibition.,NA,2.0.0,2.0.0,added in V2.0.0,
frainhibMe,fra,inhibMe,Mesure d'inhibition,Paramètre permettant de signaler si une inhibition a été détectée ou non dans l'échantillon.,Mesure binaire - détecté ou non.,1.1.0,2.0.0,structure change,
frainhibMeth,fra,inhibMeth,Méthode d'inhibition,Description de la méthode utilisée pour évaluer l'inhibition moléculaire.,Description des paramètres d'inhibition.,1.0.0,2.0.0,structure change,
frainnovaprepUF,fra,innovaprepUF,Ultrafiltration Innovaprep,Ultrafiltration Innovaprep,NA,2.0.0,2.0.0,"added in V2.0.0, added from NWSS",
frainput,fra,input,Entrée,Entrée pour une table. Indique si la pièce peut être utilisée dans une table.,"« Input » est utilisé pour indiquer si une partie peut être utilisée comme entrée dans une table (quelque chose avec partType = table).  Par exemple, covN1 est une mesure qui peut être entré le champ measureID de la table measures. Par conséquent, covN1 a la valeur « input » dans la colonne measures de la liste des pièces. Les utilisateurs d'ODM peuvent générer leur propre modèle personnalisé en modifiant la valeur « input » pour les pièces applicables à leur programme.",2.0.0,2.0.0,added in V2.0.0,
frains214epe,fra,ins214epe,Variante Omicron ins214epe Insertion,Variante Omicron ins214epe Insertion,NA,2.2.0,2.2.0,added in V2.2.0,
frainstrumentID,fra,instrumentID,ID de l'instrument,Identifiant unique pour l'instrument de mesure.,NA,1.1.0,2.0.0,"description wording, structure",
frainstruments,fra,instruments,Table d'instruments,La table qui contient de l'information sur les instruments.,adapter de la documentation de la version 1,1.0.0,2.0.0,"description wording, structure",
frainstrumentsOrder,fra,instrumentsOrder,Ordre des colonnes du tableau des instruments,Spécifie l'ordre des colonnes dans le table d'instruments.,NA,2.0.0,2.0.0,added in V2.0.0,
frainstrumentsRequired,fra,instrumentsRequired,Exigences de la table des instruments,Spécifie les colonnes requises dans une table Instruments.,NA,2.0.0,2.0.0,added in V2.0.0,
frainstrumentTypeOther,fra,instrumentTypeOther,Autre instrument,"Autre type de site. Ajouter une description dans ""typeOther"".",NA,1.0.0,2.0.0,"description wording, structure, one of the two ""other"" field that was not depricated in the transition from V1 to V2",
frainsType,fra,insType,Type d'instrument,Type d'instrument utilisé pour effectuer la mesure.,NA,1.0.0,2.0.0,none,
frainsTypeOth,fra,insTypeOth,Autre type d'instrument,Description de l'instrument au cas où il ne serait pas répertorié dans instrumentType.,NA,1.0.0,2.0.0,"none, one of the two ""other"" field that was not depricated in the transition from V1 to V2",
frainsTypeSet,fra,insTypeSet,Ensemble de catégories pour les instruments.,Liste des instruments utilisés pour les mesures et les méthodes,NA,2.0.0,2.0.0,added in V2.0.0,
fraintAMRGrp,fra,intAMRGrp,Groupe de résistance antimicrobienne à l'intégrase,Groupe des mesures et méthodes relatives à la résistance antimicrobienne liée à l'intégrase.,NA,2.1.0,2.1.0,added in V2.1.0,
frainteger,fra,integer,Type de données Entier,Le type de données pour les entiers.,Utilisé uniquement pour les entrées du dictionnaire relatives aux parties.,2.0.0,2.0.0,added in V2.0.0,
fraintegraseCl1,fra,integraseCl1,Cible du gène de l'intégrase de classe I,Cible du gène de la résistance antimicrobienne Integrase.,NA,2.2.0,2.2.0,added in V2.2.0,
frainter,fra,inter,Interception,Valeur d'interception de la courbe d'étalonnage.,"Utilisé pour stocker des informations sur la courbe d'étalonnage, potentiellement applicable aussi pour d'autres types de courbes.",2.0.0,2.0.0,added in V2.0.0,
fraip2ip4,fra,ip2ip4,Cible génétique combinée ip2 et ip4 sars-cov-2,Gène cible combiné ip2 et ip4 de SRAS-CoV-2.,NA,2.0.0,2.0.0,added in V2.0.0,
fraisc,fra,isc,ISC,La licence de la mesure ou de l'ensemble de données est gérée sous la licence ISC.,NA,2.2.0,2.2.0,added in V2.2.0,
fraiso6391,fra,iso6391,ISO639-1,"La première partie de la série de normes internationales ISO 639 pour les codes de langue. La première partie couvre l'enregistrement des codes à deux lettres. En juin 2021, 183 codes à deux lettres étaient enregistrés. Les codes enregistrés couvrent les principales langues du monde.",Partie des metedata d'un languageID.,2.0.0,2.0.0,added in V2.0.0,
fraiso6392B,fra,iso6392B,ISO639-2B,"Ensemble de normes internationales qui répertorie les codes courts pour les noms de langues. Ces codes ISO639-2 sont les codes à trois lettres définis dans la deuxième partie (ISO 639-2) de la norme, y compris les codes à deux lettres correspondants (ISO 639-1) lorsqu'ils existent. Le “B"" spécifie le code bibliographique (code B).",Partie des metedata d’un languageID.,2.0.0,3.0.0,removed from languages table to avoid duplication of identical values across columns.,
fraiso6392T,fra,iso6392T,ISO639-2T,"Un ensemble de normes internationales qui répertorie les codes courts pour les noms de langues. Ces ISO639-2 sont les codes à trois lettres définis dans la deuxième partie (ISO 639-2) de la norme, y compris les codes à deux lettres correspondants (ISO 639-1) lorsqu'ils existent. Le ""T"" indique le code terminologique (code T).",Partie des metedata d’un languageID.,2.0.0,2.0.0,added in V2.0.0,
fraiso6393,fra,iso6393,ISO639-3,Un ensemble de normes internationales qui énumère les codes courts pour les noms de langues. L'ISO 639-3 étend les codes alpha-3 de l'ISO 639-2 dans le but de couvrir toutes les langues naturelles connues. ,Partie des metedata d’un languageID.,2.0.0,3.0.0,removed from languages table to avoid duplication of identical values across columns.,
fraiso6396,fra,iso6396,ISO639-6,"Un ensemble de normes internationales qui énumère les codes courts pour les noms de langues. La norme ISO 639-6 s'appuie sur la norme ISO 639-3 en utilisant des codes à quatre lettres et en permettant aux utilisateurs de différencier les variantes des langues et des familles de langues, comme les versions historiques et les versions réactivées des langues.",Partie des metedata d’un languageID.,2.0.0,3.0.0,removed from languages table to avoid duplication of identical values across columns.,
fraisoCode,fra,isoCode,Code de pays de l'ISO 3166-1 alpha-2,"Le code ISO 3166-1 alpha-2, un code de pays à deux lettres qui est également utilisé pour créer le code de sous-division de pays ISO 3166-2 et le domaine de premier niveau du code de pays Internet.","Préprogrammés dans les tables du dictionnaire, ils ne sont pas modifiables par les utilisateurs.",2.1.0,3.0.0,"removed as a ""template"" input in addresses, as is a synonym for the ""country"" field anyway.",
fraisoCodeX,fra,isoCodeX,Code de pays de l'ISO 3166-1 alpha-3,"Le code ISO 3166-1 alpha-3, un code de pays à trois lettres qui peut permettre une meilleure association visuelle entre le code et les noms de pays que le code 3166-1 alpha-2.","Préprogrammés dans les tables du dictionnaire, ils ne sont pas modifiables par les utilisateurs.",2.1.0,2.1.0,added in V2.1.0,
fraisoZone,fra,isoZone,Code ISO 3166-2 pour les sous-domaines d'un pays,"Les codes de l'ISO 3166-2 pour les noms des principales sous-divisions (par exemple, provinces, états, départements, régions) de tous les pays codés dans l'ISO 3166-1.","Préprogrammés dans les tables du dictionnaire, ils ne sont pas modifiables par les utilisateurs.",2.1.0,3.0.0,"removed as a ""template"" input in addresses, as is a synonym for the ""stateProvReg"" field anyway.",
frajn17V,fra,jn17V,Variante JN.1.7,"La variante JN.1.7 du SARS-CoV-2, l'une des variantes FLiRT.",NA,2.0.0,2.0.0,added in V2.0.0,
frajn1V,fra,jn1V,Variante JN.1,"La variante JN.1 est une sous-variante de la variante Omicron BA.2.86, et contient plusieurs mutations qui sont associées à l'échappement à la protection immunitaire médiée par le vaccin. La source des variantes FLiRT du SARS-CoV-2.",NA,2.0.0,2.0.0,added in V2.0.0,
frak856r,fra,k856r,k856r cible de gène de la variante omicron,Gène cible k856r de la variante omicron.,NA,2.0.0,2.0.0,added in V2.0.0,
frakgS,fra,kgS,Kilogrammes par seconde,Kilogrammes par seconde.,NA,1.0.0,2.0.0,description wording.,
frakl,fra,kl,Kilolitres,Kilolitres de volume,NA,2.0.0,2.0.0,added in V2.0.0,
fraklebsiellaGrp,fra,klebsiellaGrp,Groupe Klebsiella,Un groupe de mesures/méthodes relatives aux bactéries klbsielles.,Utilisé pour décrire les informations sur l'organisme pour les mesures générales.,2.2.0,2.2.0,added in V2.2.0,
fraklebsiellaPneu,fra,klebsiellaPneu,Klebsiella pneumoniae,Klebsiella pneumoniae,NA,2.2.0,2.2.0,added in V2.2.0,
frakp11V,fra,kp11V,Variante KP.1.1,"La variante KP.1.1 du SARS-CoV-2, l'une des variantes FLiRT.",NA,2.0.0,2.0.0,added in V2.0.0,
frakp1V,fra,kp1V,Variante KP.1,"La variante KP.1 du SARS-CoV-2, l'une des variantes FLiRT.",NA,2.0.0,2.0.0,added in V2.0.0,
frakp2V,fra,kp2V,Variante KP.2,"La variante KP.2 du SARS-CoV-2, l'une des variantes FLiRT.",NA,2.0.0,2.0.0,added in V2.0.0,
fral,fra,l,Litres,Litres de volume,NA,2.0.0,2.0.0,New variable in category,
fral24s,fra,l24s,Variante Omicron mutation l24s,Variante Omicron mutation l24s,NA,2.2.0,2.2.0,added in V2.2.0,
fral452r,fra,l452r,l452r cible de gène de la variante delta,Gène cible l452r de la variante delta.,NA,2.0.0,2.0.0,added in V2.0.0,
fral455s,fra,l455s,Mutation L455S de FLiRT/SLip,La mutation L455S de la variante FLiRT/SLip.,NA,2.2.0,2.2.0,added in V2.2.0,
fral981f,fra,l981f,l981f cible de gène de la variante omicron,Gène cible l981f de la variante omicron.,NA,2.0.0,2.0.0,added in V2.0.0,
frala,fra,la,Raccourci du tableau de référence des langues,"Nom abrégé utilisé pour faire référence à la table de référence pour toutes les langues, utilisée pour structurer la table de traduction.",table,2.2.2,2.2.2,added in V 2.2.2,
fralab,fra,lab,Laboratoire,Laboratoire d'analyse environnementale.,NA,2.0.0,2.0.0,added in V2.0.0,
fralabDefDep,fra,labDefDep,ID du laboratoire par défaut,"Identifiant de Lab utilisé par défaut quand un nouvel échantillon est créé par ce reporteur. Se référer é la colonne ""labID"" dans la table ""Lab""",NA,1.0.0,2.0.0,depreciated,
fralabDuplicate,fra,labDuplicate,Duplicate de laboratoire ,Deuxième traitement (ou plus) et analyse de l'échantillon. Généralement pour des analyses de chimie générale ou de métaux.,NA,2.0.0,2.0.0,added in V2.0; GitHub issue #94,
fralabel,fra,label,Étiquette,Une étiquette lisible par l'homme pour une partie. ,"Typiquement, une étiquette de partie n'a pas d'acrynoms (chaque mot est épelé). Equivalent à un nom commun en LOINC.",2.0.0,2.0.0,added in V2.0.0,
fralabID,fra,labID,ID du laboratoire,Identifiant unique pour le laboratoire.,NA,1.0.0,2.1.0,"description wording, structure",
fralAGC,fra,lAGC,Couverture génomique moyenne faible,La couverture moyenne du génome est faible/mauvaise.,NA,2.3.0,2.3.0,added in v 2.3.0,
fralagoon,fra,lagoon,Système de lagunage,Systéme de lagunage pour traitement des eaux usées.,NA,1.0.0,2.0.0,"description wording, structure",
fralake,fra,lake,"Lac, plan d'eau naturel","Lac, étendue d'eau naturelle.",NA,1.0.0,2.0.0,"description wording, structure",
fralamba,fra,lamba,Lambda,C.37,NA,2.0.0,2.0.0,added in V2.0.0,
fralandTH,fra,landTH,Pôle de transport terrestre,Un centre de transport est un lieu où les passagers et les marchandises sont transférés entre des véhicules terrestres et/ou entre différents modes de transport terrestres.,Utilisé lorsqu'aucun détail supplémentaire ne peut être fourni.,2.2.3,2.2.3,added in v2.2.3,
fralang,fra,lang,ID de la langue,"Code de langue à des fins de traduction. Spécifie la langue pour chaque traduction, autre que l'anglais par défaut.",Suivez les codes ISO639-3 pour le moment.,2.0.0,2.0.0,added in V2.0.0,
fralangFam,fra,langFam,Famille linguistique,Spécifie la famille linguistique à des fins de traduction et de suivi des langues.,Partie des metedata pour un languageID.,2.0.0,2.0.0,added in V2.0.0,
fralangName,fra,langName,Nom de la langue,Spécifie le nom de la langue en caractères de l'alphabet romain à des fins de traduction et de suivi linguistique.,Partie des metedata d'un languageID.,2.0.0,2.0.0,added in V2.0.0,
fralangScript,fra,langScript,Écriture de la langue nationale,Langue(s) et écriture(s) utilisée(s) pour les endonymes de la capitale du pays.,"Les scripts sont énumérés entre parenthèses, dans l'ordre de leur apparition. Préprogrammés dans les tables du dictionnaire, ils ne sont pas modifiables par les utilisateurs.",2.1.0,2.1.0,added in V2.1.0,
fralanguages,fra,languages,Table de recherche des langues,"Table de recherche pour toutes les langues, utilisée pour donner une structure à la table de traduction.",NA,2.0.0,2.0.0,added in V2.0.0,
fralanguagesOrder,fra,languagesOrder,L’ordre des colonnes de la table de langues,Indique l’ordre des colonnes dans une table de langue.,NA,2.0.0,2.0.0,added in V2.0.0,
fralanguagesRequired,fra,languagesRequired,En-têtes obligatoires de la table des langues,En-têtes obligatoires dans le tableau des langues.,NA,2.0.0,2.0.0,added in V2.0.0,
fralastEdited,fra,lastEdited,Date de mise à jour,L'ensemble d'organisation pour les modèles.,NA,1.0.0,2.0.0,added in V2.0.0,
fralastName,fra,lastName,Nom de famille du contact,Indique le nom de famille d'un contact donné.,NA,2.0.0,2.0.0,added in V2.0.0,
fralastUpdated,fra,lastUpdated,Date de la dernière mise à jour,La version dans laquelle la partie a été mise à jour pour la dernière fois.,Toute modification de la liste des parties entraînera une mise à jour du champ lastUpdated à la version du dictionnaire où la mise à jour a eu lieu. ,2.0.0,2.0.0,added in V2.0.0,
fralatExp,fra,latExp,Colonne d'expression LaTeX,"Expression LaTeX utilisée pour générer des formules mathématiques, symboles, etc. Principalement pour les unités.",NA,2.0.0,2.0.0,added in V2.0.0,
fralatrine,fra,latrine,Latrine,"Toilettes ou latrines, en particulier celles communes dans un camp ou une caserne.",NA,2.2.3,2.2.3,added in v2.2.3,
fralBC,fra,lBC,Faible étendue de la couverture,Le pourcentage du génome couvert par les lectures (la largeur) est faible.,NA,2.0.0,2.0.0,added in V2.0.0,
fralcsd,fra,lcsd,Échantillon duplicate du contrôle de qualité,"Des quantités connues d'un analyte ou de composés représentatifs sont ajoutées à une deuxième matrice ""propre"" (eau de laboratoire ou sable propre) en laboratoire. Duplicate de LCS.",NA,2.0.0,2.0.0,added in V2.0; GitHub issue #94,
fralDC,fra,lDC,Faible profondeur de couverture,"Couverture médiocre, spécifiquement un nombre insuffisant de lectures ou un trop grand nombre de lectures de séquençage ne sont pas cartographiées correctement.",NA,2.0.0,2.0.0,added in V2.0.0,
fraleaked,fra,leaked,Fui,"L'échantillon a fui, un certain volume et du matériel ont été perdus.",NA,2.0.0,2.0.0,added in V2.0.0,
fralegionella,fra,legionella,Légionelle,Légionelle,NA,2.2.0,2.2.0,added in V2.2.0,
fralegionellaGrp,fra,legionellaGrp,Groupe Legionella,Un groupe de mesures/méthodes relatives aux bactéries Legionella.,Utilisé pour décrire les informations sur l'organisme pour les mesures générales.,2.2.0,2.2.0,added in V2.2.0,
fralentiGrp,fra,lentiGrp,Groupe Lentivirus,"Un ensemble de mesures/méthodes relatives aux lentivirus, y compris les vecteurs viraux tels que le vecteur du virus Puro.",Utilisé pour décrire les informations sur l'organisme pour les mesures générales.,2.2.0,2.2.0,added in V2.2.0,
fralgpl21,fra,lgpl21,Licence publique générale amoindrie de GNU v2.1,La licence de la mesure ou de l'ensemble de données est gérée sous la licence du grand public amoindrie de GNU (GNU Lesser General Public License v2.1).,NA,2.2.0,2.2.0,added in V2.2.0,
fralgpl30,fra,lgpl30,Licence publique générale amoindrie de GNU v3.0,La licence de la mesure ou de l'ensemble de données est gérée sous la licence du grand public amoindrie de GNU (GNU Lesser General Public License v3.0).,NA,2.2.0,2.2.0,added in V2.2.0,
frali,fra,li,Lien,Lien vers une référence externe décrivant la géométrie du polygone.,NA,1.0.0,2.0.0,"Depreciated and collapsed into the generic part, partID =""refLink""",
fralicense,fra,license,Licence,La permis d'un ensemble de données.,NA,2.0.0,2.0.0,added in V2.0; github issue #205,
fralicSet,fra,licSet,Ensemble de licences de données,L'ensemble des valeurs catégorielles valides pour les champs de licence des mesures ou des ensembles de données.,NA,2.2.0,2.2.0,added in V2.2.0,
fralinearAggrSet,fra,linearAggrSet,Ensemble d'agrégation à l'échelle linéaire,L'ensemble d'agrégations qui contient toutes les agrégations qui existent sur l'échelle linéaire (plutôt que logorithmique ou qualitative).,NA,2.0.0,2.0.0,added in V2.0.0,
fraliq,fra,liq,Fraction liquide,Fraction liquide.,NA,1.0.0,2.0.0,added in V2.0.0,
fraliquid,fra,liquid,Liquide/surnageant retenu,Le liquide ou surnageant est retenu après la séparation des solides/centrifugation.,NA,2.2.0,2.2.0,added in V2.2.0,
fralisteria,fra,listeria,Listeria,Listeria,NA,2.2.0,2.2.0,added in V2.2.0,
fralisteriaGrp,fra,listeriaGrp,Groupe Listeria,Un groupe de mesures/méthodes relatives aux bactéries listeria.,Utilisé pour décrire les informations sur l'organisme pour les mesures générales.,2.2.0,2.2.0,added in V2.2.0,
fralists,fra,lists,Feuille de calcul de la liste,Listes de pièces pour les listes déroulantes des modèles et autres documents.,Les feuilles ou onglets du dictionnaire Excel de l'ODM comprennent : toutes les tables ERD (tables de recherche et tables d'entrée de données) et les tables de soutien supplémentaires. ,2.0.0,2.0.0,added in V2.0.0,
fralistSet,fra,listSet,Ensemble de listes,"Les PartTypes qui contiennent des catégories, des ensembles ou des listes.",Utilisés pour générer de la documentation.,2.0.0,2.0.0,added in V2.0.0,
fralocalHA,fra,localHA,Accès aux Autorités Sanitaires Locaux,"Si ""Non"", la donnée ne sera pas accessible par les autorités de santépublique locales. Si ""Oui"" ou laissé vide, la donnée leur sera accessible.",NA,1.0.0,2.0.0,"depreciated, sharing moved to sharing schema",
fralod,fra,lod,Limite de détection,LOD,"Limite de détection (LOD) pour cette méthode, si elle existe.",1.1.0,3.0.0,changed quality indicator set from general to measure.,
fralodSewa,fra,lodSewa,Limite de détection - eaux usées,Limite de détection pour les échantillons d'eaux usées.,NA,2.0.0,3.0.0,changed quality indicator set from general to measure.,
fralog10cpG,fra,log10cpG,log10 copies de gènes par g,Unité pour log10 copies par gramme,NA,2.2.0,2.2.0,added in V2.2.0,
fralog10cpL,fra,log10cpL,log10 copies de gènes par L,Unité de log10 copies par litre,NA,2.2.0,2.2.0,added in V2.2.0,
fralog10cpml,fra,log10cpml,log10 copies de gènes par ml,Unité de log10 copies par mililitre,NA,2.2.0,2.2.0,added in V2.2.0,
fralog10ugG,fra,log10ugG,log10 microgrammes par g,Unité pour log10 microgrammes par gramme,NA,2.2.0,2.2.0,added in V2.2.0,
fralog10ugL,fra,log10ugL,log10 microgrammes par L,Unité pour log10 microgrammes par litre,NA,2.2.0,2.2.0,added in V2.2.0,
fralogAggrSet,fra,logAggrSet,Ensemble d'agrégation à l'échelle logarithmique,Ensemble d'agrégations qui contient toutes les agrégations qui existent sur l'échelle logarithmique (plutôt que linéaire ou qualitative).,NA,2.0.0,2.0.0,added in V2.0.0,
fralookup,fra,lookup,Classe des tables de consultation,Spécifie une collection pour les tables de consultation.,NA,2.0.0,2.0.0,added in V2.0.0,
fraloq,fra,loq,Température des eaux usées,Température de l'eau usée.,NA,1.1.0,3.0.0,changed quality indicator set from general to measure.,
fralow,fra,low,Sévérité faible,Un marqueur pour une sévérité faible,NA,2.0.0,2.0.0,added in V2.0.0,
fralowCovMut,fra,lowCovMut,Faible couverture des mutations caractéristiques,Faible couverture des mutations caractéristiques.,NA,2.3.0,2.3.0,added in v 2.3.0,
fralowerCI95,fra,lowerCI95,Limite inférieure de l'intervalle de confiance de 95%,Spécifie la limite inférieure d'un intervalle de confiance à 95 %.,"Doit généralement être lié à une limite supérieure, à une indication de la dispersion des données (par exemple, l'écart type) et à une mesure moyenne/médiane.",2.0.0,2.0.0,added in V2.0.0,
fralowQualSeq,fra,lowQualSeq,Séquence de mauvaise qualité,Séquence de mauvaise qualité.,NA,2.3.0,2.3.0,added in v 2.3.0,
fralowSNRatio,fra,lowSNRatio,Faible rapport signal/bruit,Faible rapport signal/bruit.,NA,2.3.0,2.3.0,added in v 2.3.0,
fralowVol,fra,lowVol,Échantillon de faible volume,"L'échantillon est de faible volume, mais a été analysé malgré tout. ",NA,2.0.0,2.0.0,added in V2.0.0,
fralPGC,fra,lPGC,Faible pourcentage du génome capturé,Seul un faible pourcentage du génome a été capturé. ,NA,2.3.0,2.3.0,added in v 2.3.0,
fralppa24s,fra,lppa24s,Variante Omicron LPPA24S mutation,Variante Omicron LPPA24S mutation,NA,2.2.0,2.2.0,added in V2.2.0,
fralppl13c,fra,lppl13c,LaTeX Project Public License v1.3c,La licence de la mesure ou de l'ensemble de données est gérée par la LaTeX Project Public License v1.3c.,NA,2.2.0,2.2.0,added in V2.2.0,
fraltcf,fra,ltcf,Établissement de soins de longue durée,établissement de soins de longue durée.,NA,1.0.0,2.0.0,added in V2.0.0,
fraltcfAl,fra,ltcfAl,Établissement de soins de longue durée - vie assistée ou maison de retraite,Un établissement résidentiel qui fournit une assistance pour les soins quotidiens mais qui ne fournit généralement pas de soins infirmiers qualifiés. ,NA,2.0.0,2.0.0,added in V2.0.0,
fraltcfO,fra,ltcfO,Autres soins de longue durée,"Autres établissements résidentiels qui fournissent des soins quotidiens et/ou médicaux, mais qui ne sont pas définis comme des maisons de soins infirmiers/établissements de soins qualifiés ou des établissements de vie assistée. ",NA,2.0.0,2.0.0,added in V2.0.0,
fraltDpcr,fra,ltDpcr,RCP digitale de life technologies,Décrit une analyse de RCP effectuée à l'aide de la technologie de RCP numérique de Life Technologies.,NA,2.0.0,2.0.0,added in V2.0.0,
fraluminWWExtract,fra,luminWWExtract,kit d'extraction des eaux usées luminultra,kit d'extraction des eaux usées luminultra,NA,2.2.0,2.2.0,added in V2.2.0,
fralysi,fra,lysi,Tampon de lyse,Tampon de lyse.,NA,2.0.0,2.0.0,added in V2.0.0,
fram3D,fra,m3D,Mètres cubes par jour,Mètres cubes par jour.,NA,1.1.0,2.0.0,added in V2.0.0,
fram3H,fra,m3H,Mètres cubes par heure,Mètres cubes par heure.,NA,1.1.0,2.0.0,added in V2.0.0,
fram3S,fra,m3S,Mètres cubes par seconde,Mètres cubes par seconde.,NA,1.0.0,2.0.0,added in V2.0.0,
framalariaGrp,fra,malariaGrp,Groupe Plasmodium ou Malaria,Un groupe de mesures/méthodes relatives aux parasites plasmodium ou à la malaria.,Utilisé pour décrire les informations sur l'organisme pour les mesures générales.,2.2.0,2.2.0,added in V2.2.0,
framanComp,fra,manComp,Échantillon composite manuel,Indique un échantillon composite dont les sous-échantillons ont été collectés manuellement.,NA,2.2.0,2.2.0,added in V2.2.0,
framanufacturer,fra,manufacturer,Fabricant,Fabricant d'un instrument.,NA,2.0.0,2.0.0,added in V2.0.0,
framateLay,fra,mateLay,Disposition par couple,Spécifie la disposition de la paire de matrices pour une méthode de séquençage.,NA,2.0.0,2.0.0,added in V2.0.0,
framaxLength,fra,maxLength,Longueur maximale,La longueur minimale d'une partie. ,NA,2.0.0,2.0.0,added in V2.0.0,
framaxVal,fra,maxVal,Maximum,La valeur la plus haute dans un ensemble.,NA,1.0.0,2.0.0,added in V2.0.0,
framaxValue,fra,maxValue,Valeur maximale dictionnaire,La valeur maximale d'une partie.,NA,2.0.0,2.0.0,added in V2.0.0,
framcr11,fra,mcr11,MCR-1.1 Gène cible de la résistance à la colistine,La cible du gène de résistance antimicrobienne MCR-1.1 de la colistine.,NA,2.2.0,2.2.0,added in V2.2.0,
frame,fra,me,Moyenne arthmétique,Moyenne arithmétique.,NA,1.0.0,2.0.0,added in V2.0.0,
frameasGrp,fra,measGrp,Groupe de mesure,Un groupe de mesures qui ne peuvent pas être catégorisées autrement.,NA,2.0.0,2.0.0,added in V2.0.0,
frameasles,fra,measles,Rougeole,Rougeole,NA,2.2.0,2.2.0,added in V2.2.0,
frameaslesGrp,fra,measlesGrp,Groupe rougeole,Un groupe de mesures/méthodes relatives au virus de la rougeole.,Utilisé pour décrire les informations sur l'organisme pour les mesures générales.,2.2.0,2.2.0,added in V2.2.0,
frameasOth,fra,measOth,Autre mesure,"Autre mesure, non spécifiée autrement dans les mesures.",Ajouter une description à la catégorieAutres.,1.0.0,2.0.0,"Depreciated in version 2 with all ""other"" fields",
frameasQualitySet,fra,measQualitySet,Ensemble de qualité des mesures,"Un ensemble d'indicateurs de qualité pour toute mesure, comprend toutes les options d'indicateurs de qualité pour toute mesure.","Utilisé comme ""n'importe quel ensemble de qualité"" pour les mesures, mais exclut les indicateurs de qualité de l'échantillon pour éviter la confusion et les erreurs de saisie de données.",2.0.0,2.0.0,added in V2.0.0,
frameasure,fra,measure,ID de la mesure,"Une mesure ou une observation de toute substance, y compris une substance biologique, physique ou chimique.",Les mesures sont organisées en groupes et en classes (sous-groupes). ,1.0.0,2.0.0,added in V2.0.0,
frameasureInput,fra,measureInput,Entrée de la mesure (tableau large),Le partID de la mesure utilisée dans un nom large.,NA,2.2.0,2.2.0,added in V2.2.0,
frameasureLic,fra,measureLic,Licence de mesure,Spécifie les licences d'accès et d'utilisation pour une mesure unique donnée.,Rempli par partID = licenseID,2.0.0,2.0.0,added in V2.0.0,
frameasurements,fra,measurements,Mesure de la composante,"Une observation enregistrée à partir d'un spécimen (c'est-à-dire un site, un échantillon, une personne ou une population).",NA,2.0.0,2.0.0,added in V2.0.0,
frameasureName,fra,measureName,Nom de la mesure (tableau large),La mesure référencée pour le nom large.,NA,2.2.0,2.2.0,added in V2.2.0,
frameasureRepID,fra,measureRepID,ID du rapport de mesure,"Identifiant unique pour la mesure pour la table ""WWMeasurement""",NA,1.0.0,2.0.0,added in V2.0.0,
frameasures,fra,measures,Table de rapport de mesure,La table qui contient de l'information et des détails sur une mesure donnée.,NA,1.0.0,2.0.0,combined all measures tables into a single table,
frameasureSetRepID,fra,measureSetRepID,ID du rapport de l'ensemble de mesures,Identifiant unique permettant de relier un groupe de mesures reliées entre elles.,NA,2.0.0,2.0.0,added in V2.0.0,
frameasureSets,fra,measureSets,Table de rapport des ensembles de mesures,La table qui identifie les ensembles de mesures.,NA,2.0.0,2.0.0,added in V2.0.0,
frameasureSetsOrder,fra,measureSetsOrder,L’ordre des colonnes de la table d'ensemles de mesure,Indique l’ordre des colonnes dans une table d'ensembles de mesure.,NA,2.0.0,2.0.0,added in V2.0.0,
frameasureSetsRequired,fra,measureSetsRequired,Exigences de la table d'ensembles de mesure,Indique les colonnes requises dans une table d'ensembles de mesure.,NA,2.0.0,2.0.0,added in V2.0.0,
frameasuresOrder,fra,measuresOrder,L’ordre des colonnes de la table de mesures,Indique l’ordre des colonnes dans une table de mesures.,NA,2.0.0,2.0.0,added in V2.0.0,
frameasuresRequired,fra,measuresRequired,Exigences de la table de mesures,Indique les colonnes requises dans une table de mesures.,NA,2.0.0,2.0.0,added in V2.0.0,
framed,fra,med,Médiane,Médiane.,NA,1.0.0,2.0.0,added in V2.0.0,
framemMgCl3,fra,memMgCl3,filtration sur membrane avec ajout de mgcl3,filtration sur membrane avec ajout de mgcl3,NA,2.2.0,2.2.0,added in V2.2.0,
framenr,fra,menr,Moyenne arthmétique normalisée,Moyenne arithmétique normalisée.,NA,1.0.0,2.0.0,added in V2.0.0,
frameOthDe,fra,meOthDe,Déscription d'autre mésure,"Autre type de site d'échantillonnage. Ajouter une description dans la colonne ""typeOther""",NA,1.0.0,2.0.0,"Depreciated in version 2 with all ""other"" fields",
frames,fra,mes,Raccourci pour le type de partie des mesures,Nom abrégé utilisé pour faire référence à l'attribut décrivant un type de mesure. Toutes les mesures ont `partType` = « measurements ». ,type de partie,2.2.2,2.2.2,added in V 2.2.2,
framet,fra,met,Raccourci pour le type de partie des méthodes,Nom abrégé utilisé pour référencer les procédures ou étapes de collecte d'échantillons ou de réalisation de mesures.,type de partie,2.2.2,2.2.2,added in V 2.2.2,
frametaboliteGrp,fra,metaboliteGrp,Groupe de métabolites,Un groupe de mesures/méthodes relatives aux métabolites.,NA,2.2.0,2.2.0,added in V2.2.0,
framethod,fra,method,ID de la méthode,Identifiant unique pour la méthode d'analyse.,NA,1.0.0,2.0.0,added in V2.0.0,
framethodConc,fra,methodConc,Méthode de concentration,Description de la méthode de concentration d'un échantillon d'eaux usées.,Description de la méthode utilisée pour concentrer l'échantillon,1.0.0,2.0.0,added in V2.0.0,
framethodConcSet,fra,methodConcSet,Ensemble de catégories de méthodes de concentration,Ensemble de catégories pour les méthodes de concentration.,NA,2.0.0,2.0.0,added in V2.0.0,
framethodInput,fra,methodInput,Entrée méthode (tableau large),Le partID de la méthode utilisée dans un nom large.,NA,2.2.0,2.2.0,added in V2.2.0,
framethodName,fra,methodName,Nom de la méthode (tableau large),La méthode référencée pour le nom large.,NA,2.2.0,2.2.0,added in V2.2.0,
framethods,fra,methods,Méthodes des composants,"Une procédure ou une étape qui est exécutée afin d'effectuer une mesure. (par exemple, methodExtract est une méthode qui décrit la manière dont un échantillon a été extrait).",NA,2.0.0,2.0.0,added in V2.0.0,
framfAcidmgcl2,fra,mfAcidmgcl2,Filtration membranaire avec acidification et mgcl2,Filtration membranaire avec acidification et mgcl2,NA,2.0.0,2.0.0,added in V2.0.0,
framfAcidmgcl2SS,fra,mfAcidmgcl2SS,"Filtration membranaire avec acidification et mgcl2, membrane recombinée avec les solides séparés","Filtration membranaire avec acidification et mgcl2, membrane recombinée avec les solides séparés",NA,2.0.0,2.0.0,added in V2.0.0,
framfMgcl2,fra,mfMgcl2,Filtration membranaire avec ajout de mgcl2,Filtration membranaire avec ajout de mgcl2,NA,2.0.0,2.0.0,added in V2.0.0,
framfMgcl2SS,fra,mfMgcl2SS,Filtration membranaire avec mgcl2 et solides séparés,"Filtration membranaire avec ajout de mgcl2, membrane recombinée avec les solides séparés.",NA,2.0.0,2.0.0,added in V2.0.0,
framfNoAmend,fra,mfNoAmend,Filtration membranaire sans amendement,Filtration membranaire sans amendement,NA,2.0.0,2.0.0,added in V2.0.0,
framfNoAmendSS,fra,mfNoAmendSS,"Filtration membranaire sans amendement, membrane recombinée avec les solides séparés","Filtration membranaire sans amendement, membrane recombinée avec les solides séparés.",NA,2.0.0,2.0.0,added in V2.0.0,
framfSampleAcid,fra,mfSampleAcid,Filtration sur membrane avec acidification de l'échantillon,Filtration membranaire avec acidification de l'échantillon,NA,2.0.0,2.0.0,added in V2.0.0,
framfSampleAcidSS,fra,mfSampleAcidSS,"Filtration sur membrane avec acidification de l'échantillon, recombinaison de la membrane avec les solides séparés.","Filtration membranaire avec acidification de l'échantillon, recombinaison de la membrane avec les solides séparés.",NA,2.0.0,2.0.0,added in V2.0.0,
framgd,fra,mgd,Millions de gallons par jour,"Unité de mesure de la capacité nominale des stations d'épuration des eaux usées, représentée par des millions de gallons par jour.",NA,2.0.0,2.0.0,added in V2.0; github issue #123,
framGenitalus,fra,mGenitalus,Mycoplasma genitalus,Mycoplasma genitalus,NA,2.2.0,2.2.0,added in V2.2.0,
framgL,fra,mgL,Miligrammes par litre,Milligrammes par litre.,NA,1.1.0,2.0.0,added in V2.0.0,
framhv,fra,mhv,Virus de l'hépatite murine,Une mesure de la quantité de virus de l'hépatite murine.,NA,2.0.0,2.0.0,added in V2.0.0,
framhvSpike,fra,mhvSpike,Cible de l'hépatite murine (MHV) pour le contrôle de récupération de la matrice,Le virus de l'hépatite murine est utilisé comme cible de contrôle de l'efficacité de la récupération/dans les contrôles de récupération de la matrice.,NA,2.2.0,2.2.0,added in V2.2.0,
framI,fra,mI,Problèmes multiples,De multiples problèmes sont apparus dans le processus de séquençage. ,"Lorsque vous utilisez l'indicateur de qualité ""problèmes multiples"", veuillez préciser les problèmes et les détails dans la section des notes.",2.0.0,2.0.0,added in V2.0.0,
framid,fra,mid,Sévérité moyenne,"Un marqueur pour une gravité moyenne, où il y a quelques préoccupations.",NA,2.0.0,2.0.0,added in V2.0.0,
framinLength,fra,minLength,Longueur minimale,La longueur minimale d'une partie. ,NA,2.0.0,2.0.0,added in V2.0.0,
framinutes,fra,minutes,Minutes,Unité permettant d'indiquer une durée en minutes.,NA,2.0.0,2.0.0,added in V2.0.0,
framinVal,fra,minVal,Minimum,La valeur la plus basse dans un ensemble.,NA,1.0.0,2.0.0,added in V2.0.0,
framinValue,fra,minValue,Valeur minimale dictionnaire,La valeur minimale d'une partie.,NA,2.0.0,2.0.0,added in V2.0.0,
framiscAttr,fra,miscAttr,Groupe d'attributs divers,Un groupe d'attributs divers de type mesure.,"Il s'agit par exemple de la longitude et de la latitude, ou des coordonnées EPSG.",2.0.0,2.0.0,added in V2.0.0,
framiscMeas,fra,miscMeas,Groupe de mesures divers,Un groupe de mesures qui ne peuvent pas être classées dans une autre catégorie.,NA,2.0.0,2.0.0,added in V2.0.0,
framissingness,fra,missingness,Type de partie d'absence,Le type de partie pour les valeurs manquantes.,Utilisé uniquement pour les entrées du dictionnaire relatives aux parties.,2.0.0,2.0.0,added in V2.0.0,
framissingnessSet,fra,missingnessSet,Ensembles de valeurs d'absence.,Le type de partie pour les ensembles de manques.,"Les ensembles sont des listes de valeurs d'entrée. Chaque valeur d'entrée dans un ensemble est une partie (a un partID) qui peut être réutilisée entre les ensembles. Par exemple, un ensemble A peut contenir les valeurs ""oui"" et ""non"", et un ensemble B peut contenir les valeurs ""oui"", ""non"" et ""peut-être"". Les types de partie avec des ensembles comprennent les agrégations, les compartiments, les manques, les indicateurs de qualité, les spécimens et les unités. Les mesures avec catégories et types de données ont leurs propres ensembles de catégories spécifiques (catSetID) car leurs valeurs d'entrée sont uniques et ne sont pas réutilisées.",2.0.0,2.0.0,added in V2.0.0,
framissingnessSets,fra,missingnessSets,Ensemble de valeurs d'absence.,Ensemble de valeurs d'absence.,"Parmi les exemples d'ensembles de valeurs manquantes, on peut citer les ensembles exclusifs NR ou NA, ou les ensembles généraux polyvalents.",2.0.0,2.0.0,added in V2.0.0,
framit,fra,mit,MIT,La licence de la mesure ou de l'ensemble de données est gérée sous la licence MIT.,NA,2.2.0,2.2.0,added in V2.2.0,
framit0,fra,mit0,MIT Sans Attribution,La licence de la mesure ou de l'ensemble de données est gérée sous la licence MIT sans attribution.,NA,2.2.0,2.2.0,added in V2.2.0,
framix,fra,mix,Échantillon mélangé/homogénéisé,échantillon homogénéisé/mélangé.,NA,1.0.0,2.0.0,added in V2.0.0,
framl,fra,ml,Millilitres,Millilitres de volume.,NA,2.0.0,2.0.0,added in V2.0.0,
framld,fra,mld,Mégalitres par jour,Mégalitres par jour.,NA,2.0.0,2.0.0,added in V2.0.0,
framlod,fra,mlod,Method Limit of Detection (LOD),"Le niveau minimum d'une cible nécessaire pour sa détection cohérente en tenant compte de toutes les étapes de traitement de l'échantillon comme dans la définition de la
MLOD), mais en tenant compte des biais attribuables aux pertes de méthode. Le MLOD est déterminé expérimentalement à l'aide d'une approche de test rigoureuse et itérative et il est sensible au substitut de récupération utilisé et à la matrice d'échantillon rencontrée.",NA,2.2.0,3.0.0,changed quality indicator set from general to measure.,
framm,fra,mm,Millimètres,Partie d'unité pour l'unité SI des millimètres.,NA,1.1.0,2.0.0,added in V2.0.0,
frammaSet,fra,mmaSet,ID de l'ensemble des catégories,Un ensemble de catégories utilisées pour une méthode ou une mesure.,NA,2.0.0,2.0.0,added in V2.0.0,
frammaSets,fra,mmaSets,Type de partie de l'ensemble de catégories,Le type de partie pour les ensembles de catégories.,Utilisé uniquement pour les entrées du dictionnaire relatives aux parties.,2.0.0,2.0.0,added in V2.0.0,
framodel,fra,model,Modèle,Numéro de modéle et/ou de version de l'instrument de mesure.,NA,1.0.0,2.0.0,added in V2.0.0,
framonarchRNA,fra,monarchRNA,Kit de minipréparation de l'ARN total du monarque (new england biolabs) + Kit d'élimination des inhibiteurs PCR onestep (zymo),Kit de minipréparation de l'ARN total du monarque (new england biolabs) + Kit d'élimination des inhibiteurs PCR onestep (zymo),NA,2.2.0,2.2.0,added in V2.2.0,
framonths,fra,months,Mois,Unité permettant d'indiquer une durée en mois.,NA,2.0.0,2.0.0,added in V2.0.0,
framoorSw,fra,moorSw,Échantillon passif avec écouvillon de Moore,Un échantillon passif collecté par la méthode de Moore.,NA,1.0.0,2.0.0,added in V2.0.0,
frampl20,fra,mpl20,Licence publique Mozilla 2.0,La licence de la mesure ou de l'ensemble de données est gérée sous la Mozilla Public License 2.0.,NA,2.2.0,2.2.0,added in V2.2.0,
frampox,fra,mpox,Mpox,"Le virus connu sous le nom de Mpox, précédemment connu sous le nom de Monkey Pox.",NA,2.1.0,2.1.0,added in V2.1.0,
frampoxCldIGrp,fra,mpoxCldIGrp,Groupe MPox Clade I,"Un groupe de mesures/méthodes relatives au Mpox Clade I (anciennement ""Monkey Pox"").", Utilisé pour décrire les informations sur l'organisme pour les mesures générales.,2.2.0,2.2.0,added in V2.2.0,
frampoxCldIIGrp,fra,mpoxCldIIGrp,Groupe MPox Clade II,"Un groupe de mesures/méthodes relatives à Mpox Clade II (anciennement ""Monkey Pox"").",Utilisé pour décrire les informations sur l'organisme pour les mesures générales.,2.2.0,2.2.0,added in V2.2.0,
frampoxGrp,fra,mpoxGrp,Groupe MPox,"Un ensemble de mesures/méthodes relatives au Mpox (anciennement ""Monkey Pox"").",Utilisé pour décrire les informations sur l'organisme pour les mesures générales.,2.2.0,2.2.0,added in V2.2.0,
framps,fra,mps,Mètre pas seconde,Mètre pas seconde,NA,2.0.0,2.0.0,added in V2.0.0,
frampvGrp,fra,mpvGrp,Groupe métapneumovirus,Un groupe de mesures/méthodes relatives aux métapneumovirus.,Utilisé pour décrire les informations sur l'organisme pour les mesures générales.,2.2.0,2.2.0,added in V2.2.0,
frampxB6R,fra,mpxB6R,Cible du gène Mpox B6R,"Cible du gène Human MPox Virus (hMPXV). Essai CDC sur le gène de la protéine de l’enveloppe, sélectif pour le MPXV.",NA,2.2.0,2.2.0,added in V2.2.0,
frampxC3L,fra,mpxC3L,Clade I Mpox C3L Gène cible,Cible du gène du clade I du virus MPox humain (hMPXV). Les amorces et la sonde C3L du hMPXV détectent les virus du clade I.,NA,2.2.0,2.2.0,added in V2.2.0,
frampxe9lNVAR,fra,mpxe9lNVAR,Mpox & Orthopox E9L-NVAR Gène cible,Cible du gène du virus MPox humain (hMPXV) pour l'ADN polymérase de l'orthopoxvirus. Le test CDC détecte tous les clades du hMPXV et les orthopoxvirus non varioliques.,NA,2.2.0,2.2.0,added in V2.2.0,
frampxe9lOPX3,fra,mpxe9lOPX3,Mpox & Orthopox E9L-OPX3 Gène cible,Cible du gène du virus MPox humain (hMPXV) utilisant le virus orthopox générique OPX3. Sensibilité plus faible pour le MPox.,NA,2.2.0,2.2.0,added in V2.2.0,
frampxF3L,fra,mpxF3L,Cible du gène F3L du clade I du Mpox,"Cible génétique du virus MPox humain (hMPXV) clade I, F3L",NA,2.3.0,2.3.0,added in V2.3.0,
frampxG2RG,fra,mpxG2RG,Mpox G2R-G Gène cible,Cible du gène du virus MPox humain (hMPXV) à l'aide des amorces et de la sonde G2R_G qui détectent toutes les souches du virus MPox.,NA,2.2.0,2.2.0,added in V2.2.0,
frampxG2RNML,fra,mpxG2RNML,Cible du gène G2R-NML du Mpox,Cible génétique du virus MPox humain (hMPXV) utilisant les amorces G2R_NML et la sonde qui détecte toutes les souches du virus MPox.,NA,2.3.0,2.3.0,added in V2.3.0,
frampxG2RWA,fra,mpxG2RWA,Clade II Mpox G2R-WA Cible génétique,"Cible du gène du Clade II du virus MPox humain (hMPXV), mesurée avec les amorces et la sonde G2R_WA pour détecter les virus du Clade II. ",NA,2.2.0,2.2.0,added in V2.2.0,
frampxGTmol,fra,mpxGTmol,Mpox GT Molecular Gene Target,Cible génique du virus MPox humain (hMPXV) - cette mesure spécifique et cette cible génique sont la propriété de GT Molecular.,NA,2.2.0,2.2.0,added in V2.2.0,
framr,fra,mr,Raccourci du tableau du rapport de mesure,Nom abrégé utilisé pour faire référence au Tableau contenant des informations et des détails sur une mesure donnée,table,2.2.2,2.2.2,added in V 2.2.2,
framrsa,fra,mrsa,Staphylococcus aureus résistant à la méthicilline (SARM),Staphylococcus aureus résistant à la méthicilline (SARM),NA,2.2.0,2.2.0,added in V2.2.0,
frams,fra,ms,Raccourci du tableau du rapport de l'ensemble de mesures,Nom abrégé utilisé pour faire référence au Tableau identifiant des ensembles de mesures.,table,2.2.2,2.2.2,added in V 2.2.2,
frams2Col,fra,ms2Col,coliphage ms2,Mesure de la quantité de coliphage ms2.,NA,2.0.0,2.0.0,added in V2.0.0,
frams2ColMat,fra,ms2ColMat,Cible de coliphage ms2,Le coliphage ms2 est utilisé comme cible de contrôle de l'efficacité de la récupération.,NA,2.0.0,2.0.0,added in V2.0.0,
framsd,fra,msd,Double de matrice enrichie,Des quantités connues d'un analyte ou de composés représentatifs sont ajoutées en laboratoire à une seconde aliquote de l'échantillon utilisé pour le matriçage.,NA,2.0.0,2.0.0,added in V2.0; GitHub issue #94,
framspl,fra,mspl,Licence publique de Microsoft,La licence de la mesure ou de l'ensemble de données est gérée dans le cadre de la licence publique de Microsoft.,NA,2.2.0,2.2.0,added in V2.2.0,
framspsDep,fra,mspsDep,Échantillon passif avec écouvillon de Moore,Un échantillon passif collecté par la méthode de Moore.,NA,1.0.0,2.0.0,"added in V2.0, depreciated after",
framSwrPpl,fra,mSwrPpl,Principale canalisation d'égout,Collecteur d'égouts.,NA,1.0.0,2.0.0,added in V2.0.0,
framTuberculosis,fra,mTuberculosis,Mycobacterium tuberculosis,Mycobacterium tuberculosis,NA,2.2.0,2.2.0,added in V2.2.0,
framu,fra,mu,Mu,B.1.621,NA,2.0.0,2.0.0,added in V2.0.0,
framuCo,fra,muCo,coronavirus murin,Mesure de la quantité de coronavirus murin.,NA,2.0.0,2.0.0,added in V2.0.0,
framuCoMat,fra,muCoMat,Cible du coronavirus murin,Le coronavirus murin est utilisé comme cible de contrôle de l'efficacité de la récupération.,NA,2.0.0,2.0.0,added in V2.0.0,
framul,fra,mul,Fraction multiple,Les fractions multiples ont été analysées séparément et regroupées après analyse.,Cet identifiant de fraction est destiné à être utilisé pour les données d'archives et ne doit pas être utilisé pour les nouvelles fractions ajoutées à l'avenir (2022). Veuillez également préciser dans la section des notes quelles fractions ont été utilisées pour les fractions multiples (ex. solide et liquide) afin d'éviter toute perte d'information.,2.0.0,2.0.0,added in V2.0.0,
framulanPSL20,fra,mulanPSL20,"Licence de logiciel permissive Mulan, version 2",La licence de la mesure ou de l'ensemble de données est gérée sous la version 2 de la Mulan Permissive Software License.,NA,2.2.0,2.2.0,added in V2.2.0,
framultiple,fra,multiple,Objectifs multiples,"Une mesure ou un échantillon prélevé à des fins multiples, qui n'est pas facile à saisir dans les autres catégories d'objectifs.",Utile pour les échantillons parentaux où divers sous-échantillons auront des objectifs différents.,2.0.0,2.0.0,added in V2.0.0,
framumps,fra,mumps,Oreillons,Oreillons,NA,2.2.0,2.2.0,added in V2.2.0,
framumpsGrp,fra,mumpsGrp,Groupe oreillons,Un groupe de mesures/méthodes relatives au virus des oreillons.,Utilisé pour décrire les informations sur l'organisme pour les mesures générales.,2.2.0,2.2.0,added in V2.2.0,
framunicipalLevel,fra,municipalLevel,Municipalités ou communes,Municipalités ou communes,NA,2.0.0,3.0.0,"Reactivated as organization level and sector categorical inputs, rather than attributes.",
framunicp,fra,municp,Municipalité,"Une municipalité complète, c'est-à-dire une zone métropolitaine entière, soit une ville, un village, etc.",NA,2.0.0,2.0.0,added in V2.0.0,
framutation,fra,mutation,Classe de mutations,Spécifie une collection de mesures/méthodes liées aux mutations.,NA,2.0.0,2.3.0,depreciated in version 2.3.0 - collapsed into pcr or sequencing classes.,
framutationPanel,fra,mutationPanel,Panneaux de mutation,Mesures et méthodes relatives à un panel ou une liste de plus d'une mutation à partir de la même lecture de séquence.,NA,2.0.0,3.0.0,officially activate in v 3.0.0,
framycoplasmaGrp,fra,mycoplasmaGrp,Groupe Mycoplasmes,Un groupe de mesures/méthodes relatives aux bactéries mycoplasmes.,Utilisé pour décrire les informations sur l'organisme pour les mesures générales.,2.2.0,2.2.0,added in V2.2.0,
fran,fra,n,Gène ciblé N de SRAS-CoV-2,Gène cible N de SRAS-CoV-2.,NA,2.0.0,2.0.0,added in V2.0.0,
fran1n2,fra,n1n2,Cible génique combinée N1 et N2 sars-cov-2,Gène cible combiné N1 et N2 de SRAS-CoV-2.,NA,2.0.0,2.0.0,added in V2.0.0,
fran211i,fra,n211i,Variante Omicron mutation n211i,Variante Omicron mutation n211i,NA,2.2.0,2.2.0,added in V2.2.0,
fran679k,fra,n679k,Variante Omicron mutation n679k,Variante Omicron mutation n679k,NA,2.2.0,2.2.0,added in V2.2.0,
fran856k,fra,n856k,Variante Omicron mutation n856k,Variante Omicron mutation n856k,NA,2.2.0,2.2.0,added in V2.2.0,
fran969k,fra,n969k,Variante Omicron mutation n969k,Variante Omicron mutation n969k,NA,2.2.0,2.2.0,added in V2.2.0,
fraNA,fra,NA,Non applicable,Le champ pour lequel la valeur attendue n'est pas une propriété de l'objet décrit.,Indicateur de valeur manquante pour les données manquantes sans explication.,1.0.0,2.0.0,added in V2.0.0,
franaAggr,fra,naAggr,Agrégations non applicable,Non applicable pour les agrégations.,Utilisé pour les parties pour lesquelles une valeur d'agrégation n'est pas applicable ou appropriée.,2.0.0,2.0.0,added in V2.0.0,
franaAggrScale,fra,naAggrScale,Échelle d’agrégations non applicable,Non applicable pour les ensembles d'agrégations.,Utilisé pour les parties pour lesquelles une valeur d'échelle d'agrégation n'est pas applicable ou appropriée.,2.0.0,2.0.0,added in V2.0.0,
franaAggrSet,fra,naAggrSet,Ensemble d’agrégations non applicable,Non applicable pour les ensembles d'agrégations.,Utilisé pour les parties pour lesquelles un ensemble d'agrégations n'est pas applicable ou approprié.,2.0.0,2.0.0,added in V2.0.0,
franaClass,fra,naClass,Classe non applicable,Spécifie une classe pour les parties où une classe n'est pas applicable ou appropriée.,Utilisez ceci pour toutes les parties qui n'ont pas de classes (la plupart des parties qui ne sont pas des mesures ou des méthodes).,2.0.0,2.0.0,added in V2.0.0,
franaCompartment,fra,naCompartment,Compartiment non applicable,Compartiment non applicable.,NA,2.0.0,2.0.0,added in V2.0.0,
franaCompartmentSet,fra,naCompartmentSet,Compartiment non applicable,Compartiment non applicable.,NA,2.0.0,2.0.0,added in V2.0.0,
franaDomain,fra,naDomain,Domaine non applicable,Non applicable. ,"Utilisez ""non applicable"" lorsqu'il n'y a pas de domaine pour la partie.",2.0.0,2.0.0,added in V2.0.0,
franaGroup,fra,naGroup,Groupe non applicable,Non applicable. ,"Utilisez ""non applicable"" lorsqu'il n'y a pas de groupe pour la pièce.",2.0.0,2.0.0,added in V2.0.0,
franame,fra,name,Nom,"Nom d'un domaine, d'un spécimen, d'un groupe, d'une classe, d'un attribut, d'une unité, d'une nomenclature ou d'une autre entité.","Nom d'une entité. Utilisez un préfixe pour distinguer les noms des différentes tables de rapport. Voir la liste des noms entièrement spécifiés (FSN). Par exemple : Si-name = nom du site, Po-name = nom du polygone, Or-name = nom de l'organisation, Me-name = nom de la méthode. ",2.0.0,2.0.0,added in V2.0.0,
franameEngl,fra,nameEngl,Nom anglais du pays,Nom en anglais d'un pays donné.,"Préprogrammés dans les tables du dictionnaire, ils ne sont pas modifiables par les utilisateurs.",2.1.0,2.1.0,added in V2.1.0,
franameOfficial,fra,nameOfficial,Nom officiel de l'État,Nom officiel en anglais d'un État donné.,"Préprogrammés dans les tables du dictionnaire, ils ne sont pas modifiables par les utilisateurs.",2.1.0,2.1.0,added in V2.1.0,
franan,fra,nan,Pas un numéro,"Le résultat d’une mesure n’est pas un numéro valide (plus ou moins l'infini, une erreur, …)",Indicateur de valeurs manquantes lorsqu'une valeur numérique est attendue mais n'est pas donnée.,1.0.0,2.0.0,added in V2.0.0,
franaNomenclature,fra,naNomenclature,Nomenclature non applicable,Non applicable. ,"Utilisez ""sans objet"" lorsqu'il n'y a pas de nomenclature pour la pièce.",2.0.0,2.0.0,added in V2.0.0,
franaSpecimen,fra,naSpecimen,Spécimen non applicable,Non applicable. ,"Utilisez ""non applicable"" lorsqu'il n'y a pas de spécimen pour la partie.",2.0.0,2.0.0,added in V2.0.0,
franaSpecimenSet,fra,naSpecimenSet,Ensemble de spécimen non applicable,Non applicable. ,"Utilisez ""non applicable"" lorsqu'il n'y a pas de spécimen pour la partie.",2.0.0,2.0.0,added in V2.0.0,
franatName,fra,natName,Nom natif de la langue,"Le nom natif de la langue, c'est-à-dire le nom donné à la langue par ses locuteurs.",Partie des metedata d'un languageID.,2.0.0,2.0.0,added in V2.0.0,
franaUnit,fra,naUnit,Unité non applicable,Non applicable pour les unité.,NA,2.0.0,2.0.0,added in V2.0.0,
franaUnitSet,fra,naUnitSet,Ensemble d’unité non applicable,Non applicable pour les ensembles d'unité.,NA,2.0.0,2.0.0,added in V2.0.0,
francbi,fra,ncbi,Centre national d'information sur la biotechnologie,En-tête NCBI,NA,2.0.0,2.0.0,added in V2.0.0,
francbiForm,fra,ncbiForm,Format NCBI,L'ensemble de données a été initialement enregistré et/ou stocké au format NCBI.,NA,3.0.0,3.0.0,added in V3.0.0,
francbiNom,fra,ncbiNom,Nomenclature du NCBI,Nomenclature du Centre national d'information sur les biotechnologies (NCBI),NA,2.0.0,2.0.0,added in V2.0.0,
francbiNotes,fra,ncbiNotes,Notes sur l'IBCN,Notes NCBI,NA,2.0.0,2.0.0,added in V2.0.0,
francsa,fra,ncsa,Licence Open Source de l'Université de l'Illinois/NCSA,La licence de la mesure ou de l'ensemble de données est gérée sous la licence de source ouverte de l'Université de l'Illinois/NCSA.,NA,2.2.0,2.2.0,added in V2.2.0,
franeigh,fra,neigh,Quartier général,"Un quartier municipal, qui spécifie une sous-section d'une municipalité plus grande.",NA,2.0.0,2.0.0,added in V2.0.0,
franeighborLevel,fra,neighborLevel,Unités administratives locales ou quartiers,Unités administratives locales ou quartiers,NA,2.0.0,3.0.0,"Reactivated as organization level and sector categorical inputs, rather than attributes.",
franewVax,fra,newVax,Population des personnes nouvellement vaccinées,Population des personnes nouvellement vaccinées,NA,2.0.0,2.0.0,added in V2.0.0,
franextclade,fra,nextclade,Nomenclature NextClade,Spécifie la nomenclature variante ou génétique telle que définie par NextClade.,NA,2.0.0,2.0.0,added in V2.0.0,
frangmn,fra,ngmn,Moyenne géométrique normalisée,Moyenne géométrique normalisée.,NA,1.0.0,2.0.0,added in V2.0.0,
franGonorrhoeae,fra,nGonorrhoeae,Neisseria gonorrhoeae,Neisseria gonorrhoeae,NA,2.2.0,2.2.0,added in V2.2.0,
franH4N,fra,nH4N,Azote Ammoniacal,"Concentrsation d'azote ammoniacal, exprimé en N.",NA,1.0.0,2.0.0,added in V2.0.0,
franiid19,fra,niid19,Gène ciblé niid_2019-ncov_n de SRAS-CoV-2,Gène cible niid_2019-ncov_n de SRAS-CoV-2.,NA,2.0.0,2.0.0,added in V2.0.0,
franM,fra,nM,Nano-molaire,L'unité de nanomolaire.,NA,2.2.0,2.2.0,added in V2.2.0,
franoConcern,fra,noConcern,Aucun problème de qualité,Un indicateur pour signaler qu'il n'y a pas de problème de qualité concernant la mesure ou l'échantillon.,NA,1.0.0,2.0.0,added in V2.0.0,
franoLabel,fra,noLabel,Échantillon non étiqueté,L'échantillon n'avait pas d'étiquette,NA,2.0.0,2.0.0,added in V2.0.0,
franoliquid,fra,noliquid,"Pas de concentration du liquide, le liquide est recombiné avec les solides séparés.","Pas de concentration du liquide, le liquide est recombiné avec les solides séparés.",NA,2.0.0,2.0.0,"added in V2.0.0, added from NWSS",
franomenclature,fra,nomenclature,Nomenclature,Un système de classification pour rendre compte de la classe de mesures. ,"Actuellement utilisé uniquement pour classe = variante. Pangolin, Nexclade, WHO sont les trois nomeclactures utilisées pour rapporter les variantes.",2.0.0,2.0.0,added in V2.0.0,
franomenclatures,fra,nomenclatures,Type de nomenclature,Un système de classification pour rendre compte de la classe de mesures. ,Voir partID = nomenclatureID.,2.0.0,2.0.0,added in V2.0.0,
franoRain,fra,noRain,Pas de pluie,"Catégorie qualitative pour la mesure météorologique, spécifiant l'absence de précipitations pour un jour donné.",NA,2.2.0,2.2.0,added in V2.2.0,
franorm,fra,norm,L'objectif est la normalisation,L'objectif d'une mesure ou d'un échantillon est la normalisation.,NA,2.3.0,2.3.0,added in V2.3.0,
franorman,fra,norman,NORMAN,En-tête NORMAN,NA,2.0.0,2.0.0,added in V2.0.0,
franormanForm,fra,normanForm,Format Norman,L'ensemble de données a été initialement enregistré et/ou stocké au format Norman.,NA,3.0.0,3.0.0,added in V3.0.0,
franormanNotes,fra,normanNotes,Notes sur NORMAN,Notes de Norman,NA,2.0.0,2.0.0,added in V2.0.0,
franoro,fra,noro,Norovirus,le norovirus,NA,2.1.0,2.1.0,added in V2.1.0,
franoroG1,fra,noroG1,Norovirus G1,Norovirus génogroupe 1,NA,2.0.0,2.0.0,added in V2.0.0,
franoroG2,fra,noroG2,Norovirus G2,Norovirus génogroupe 2,NA,2.0.0,2.0.0,added in V2.0.0,
franoroGIGrp,fra,noroGIGrp,Groupe Norovirus GI,Un ensemble de mesures/méthodes relatives au norovirus GI.,Utilisé pour décrire les informations sur l'organisme pour les mesures générales.,2.2.0,2.2.0,added in V2.2.0,
franoroGIIGrp,fra,noroGIIGrp,Groupe Norovirus GII,Un groupe de mesures/méthodes relatives au norovirus GII.,Utilisée pour décrire les informations sur l'organisme pour les mesures générales.,2.2.0,2.2.0,added in V2.2.0,
franoroGrp,fra,noroGrp,Groupe Norovirus,Un ensemble de mesures/méthodes relatives aux norovirus.,Utilisé pour décrire les informations sur l'organisme pour les mesures générales.,2.2.0,2.2.0,added in V2.2.0,
franoSep,fra,noSep,Pas de séparation ou de concentration,Indique qu'un échantillon n'a pas fait l'objet d'un protocole de séparation des solides ou n'a pas fait l'objet d'un protocole de concentration de l'échantillon.,NA,2.2.0,2.2.0,added in V2.2.0,
franotes,fra,notes,Notes,Une note utilisée pour décrire des détails qui ne sont pas saisis dans d'autres attrbitutes.,Il n'y a pas de structure recommandée pour une note. Utilisez les notes selon vos besoins.,2.0.0,2.0.0,added in V2.0.0,
franoTime,fra,noTime,Échantillon sans horodatage,Il manque l'heure du passeur d'échantillons ; métadonnées incomplètes sur le prélèvement.,NA,2.0.0,2.0.0,added in V2.0.0,
franr,fra,nr,Non rapporte,"Une valeur aurait pu être enregistrée, cependant elle ne l'a pas été.",Indicateur de valeur manquante pour les données qui sont absentes parce qu'elles n'ont pas été déclarées.,1.0.0,2.0.0,added in V2.0.0,
franrNAMissingnessSet,fra,nrNAMissingnessSet,"Ensemble manquant : non communiqué, non applicable","Non signalé, sans objet, ensemble manquant.",NA,2.0.0,2.0.0,added in V2.0.0,
franSarbec,fra,nSarbec,Gène cible de SRAS-CoV-2 sarbecovirus-spécifique N,Gène cible N de SRAS-CoV-2 spécifique du sarbecovirus,NA,2.0.0,2.0.0,added in V2.0.0,
frantcAmp,fra,ntcAmp,Amplification détectée dans les contrôles sans matrice,"Indicateur de qualité lorsque le contrôle sans matrice (NTC) présente encore une amplification - c'est-à-dire que les NTC en qPCR montrent une valeur Ct inférieure à 40, ou que les NTC en ddPCR ont 3 gouttelettes positives ou plus.",NA,2.0.0,3.0.0,Tidied and officially activated and launched in v 3.0.0,
frantcFlag,fra,ntcFlag,Indicateur de plaque de contrôle - NTCs,TBD,TBD,2.0.0,3.0.0,Realized there was duplication with partID = ntcAmp and was deactivated.,
frantu,fra,ntu,Unité de turbidité néphélométrique,"Unités de turbidité néphélométrique, une unité utilisée dans la mesure de la turbidité (voir ""turbidité"" sous measureIDs).",Les unités de turbidité néphélométriques (NTU) sont basées sur la lumière blanche (400-680nm) et un angle d'incidence de 90°.,2.0.0,2.0.0,added in V2.0; github issue #122,
franucAuto,fra,nucAuto,Trousse d'extraction automatique de billes magnétiques nuclisens,Extraction d'acides nucléiques réalisée à l'aide de la trousse d'extraction automatique de billes magnétiques nuclisens.,NA,2.0.0,2.0.0,"added in V2.0.0, added from NWSS",
franucKingfish,fra,nucKingfish,nucleomag (réf. 744220.4) en utilisant l'instrument automatisé kingfisher,nucleomag (réf. 744220.4) en utilisant l'instrument automatisé kingfisher,NA,2.2.0,2.2.0,added in V2.2.0,
franucManu,fra,nucManu,Trousse d'extraction manuelle de billes magnétiques nuclisens,Extraction d'acides nucléiques réalisée à l'aide de la trousse d'extraction manuelle de billes magnétiques nuclisens.,NA,2.0.0,2.0.0,"added in V2.0.0, added from NWSS",
fraNULL,fra,NULL,Nul, Représentation logique d'une déclaration qui n'est ni VRAIE ni FAUSSE., Indicateur de valeur manquante lorsque la valeur n'est ni VRAIE ni FAUSSE.,1.0.0,3.0.0,updated to gave partID be all caps to match general coding language structure.,
franumCode,fra,numCode,Code numérique de pays de l'ISO 3166-1,"Le code numérique ISO 3166-1, un code de pays à trois chiffres qui est identique à celui développé et maintenu par la Division des statistiques des Nations Unies, avec l'avantage d'être indépendant du script (système d'écriture), et donc utile pour les personnes ou les systèmes utilisant des scripts non latins.","Préprogrammés dans les tables du dictionnaire, ils ne sont pas modifiables par les utilisateurs.",2.1.0,2.1.0,added in V2.1.0,
franumNTC,fra,numNTC,Nombre de NTC par série,Nombre de contrôles sans modèle inclus dans chaque cycle de l'instrument PCR.,NA,2.2.0,2.2.0,added in V2.2.0,
franwss,fra,nwss,Système national de surveillance des eaux usées,En-tête NWSS,NA,2.0.0,2.0.0,added in V2.0.0,
franwssForm,fra,nwssForm,Format US-CDC NWSS,L'ensemble de données a été initialement enregistré et/ou stocké au format NWSS de l'US-CDC.,NA,3.0.0,3.0.0,added in V3.0.0,
franwssNotes,fra,nwssNotes,Notes sur le NWSS,Notes du NWSS,NA,2.0.0,2.0.0,added in V2.0.0,
franwssProcess,fra,nwssProcess,Processus de NWSS,Processus NWSS,NA,2.0.0,2.0.0,added in V2.0.0,
franww,fra,nww,Type d'échantillon d'eau,Eau non-usée provenant de toute étendue d'eau.,NA,1.0.0,2.0.0,added in V2.0.0,
fraoc43,fra,oc43,coronavirus OC43,Mesure de la quantité de coronavirus OC43.,NA,2.0.0,2.0.0,added in V2.0.0,
fraoc43Mat,fra,oc43Mat,Cible de oc43,Le coronavirus humain OC43 est utilisé comme cible de contrôle de l'efficacité de la récupération.,NA,2.0.0,2.0.0,added in V2.0.0,
fraocean,fra,ocean,"Océan, plan d'eau naturelle","Océan, étendue d'eau naturelle.",NA,1.0.0,2.0.0,added in V2.0.0,
fraoColDep,fra,oColDep,Autre collection,"Autre méthode de collecte. Ajouter une description dans la colonne ""descriptionOther""",NA,1.0.0,2.0.0,"Depreciated in version 2 with all ""other"" fields",
fraofl11,fra,ofl11,SIL Open Font License 1.1,La licence de la mesure ou de l'ensemble de données est gérée sous la SIL Open Font License 1.1.,NA,2.2.0,2.2.0,added in V2.2.0,
fraola,fra,ola,Analyse en laboratoire,Analyse en laboratoire.,NA,1.0.0,2.0.0,added in V2.0.0,
fraomicr1,fra,omicr1,Omicron,B.1.1.529,NA,2.0.0,2.0.0,added in V2.0.0,
fraomicr2,fra,omicr2,Omicron BA.2,Omicron BA.2,NA,2.0.0,2.0.0,added in V2.0.0,
fraomicr275,fra,omicr275,Omicron BA.2.75,Omicron BA.2.75,NA,2.0.0,2.0.0,added in V2.0.0,
fraomicr4,fra,omicr4,Omicron BA.4,Omicron BA.4,NA,2.0.0,2.0.0,added in V2.0.0,
fraomicr5,fra,omicr5,Omicron BA.5,Omicron BA.5,NA,2.0.0,2.0.0,added in V2.0.0,
fraomicronGrp,fra,omicronGrp,SARS-CoV-2 Groupe de variantes Omicron,Groupe de mesures/méthodes relatives à la variante SARS-CoV-2 Omicron.,NA,2.0.0,2.0.0,added in V2.0.0,
fraonsDate,fra,onsDate,Date de l'apparition,Date à laquelle les premiers symptémes apparaissent. Cette donnée est souvent inconnue. La date d'épisode est alors communément utilisée.,NA,1.0.0,2.0.0,added in V2.0; depreciated,
fraonse,fra,onse,Capteur en direct,Capteur en ligne.,NA,1.0.0,2.0.0,added in V2.0.0,
fraontologyRef,fra,ontologyRef,Référence de l'ontologie,Référence ontologique pour une partie.,"Ce champ contient un lien vers une référence ontologique existante pour la partie. Le contenu de l'ODM couvre plusieurs ontologies existantes. L'ODM ne cherche pas à générer une nouvelle ontologie, mais plutôt à harmoniser et à étendre les dictionnaires en vue de leur application dans la surveillance de l'environnement et de la santé publique. ",2.0.0,2.0.0,added in V2.0.0,
fraoor,fra,oor,Valeur en dehors de la marge de fluctuation,La valeur se situe en dehors de la fourchette autorisée pour le contrôle de la qualité.,NA,2.0.0,2.0.0,added in V2.0.0,
fraopen,fra,open,Licence ouverte non décrite par ailleurs,La licence de la mesure ou de l'ensemble de données est gérée sous une licence ouverte non décrite par ailleurs.,NA,2.2.0,2.2.0,added in V2.2.0,
fraophos,fra,ophos,Orthophosphates,Orthophosphates,NA,1.0.0,2.0.0,added in V2.0.0,
fraor,fra,or,Raccourcis du tableau d'organisation,Nom abrégé utilisé pour faire référence au Tableau contenant des informations sur un laboratoire.,table,2.2.2,2.2.2,added in V 2.2.2,
fraorb,fra,orb,Bâtiment résidentiel - autre,Bâtiments résidentiels individuels ou institutions non pris en compte dans les autres catégories,NA,2.0.0,2.0.0,added in V2.0.0,
fraorBoo,fra,orBoo,OU agrégation boléen," ""OU"" agrégation","Si au moins une des valeurs de l'agrégation est ""VRAIE"", l'agrégation OU est également ""VRAIE"". Si toutes les valeurs de l'agrégation sont ""FAUX"", l'agrégation OU est également ""VRAIE"". ",2.0.0,2.0.0,added in V2.0.0,
fraorf1a,fra,orf1a,Gène cible ORF1a de SRAS-CoV-2,Gène cible ORF1a de SRAS-CoV-2,NA,2.0.0,2.0.0,added in V2.0.0,
fraorf1ab,fra,orf1ab,Gène cible ORF1ab de SRAS-CoV-2,Gène cible ORF1ab de SRAS-CoV-2,NA,2.0.0,2.0.0,added in V2.0.0,
fraorf1b,fra,orf1b,Gène cible ORF1b de SRAS-CoV-2,Gène cible ORF1b de SRAS-CoV-2,NA,2.0.0,2.0.0,added in V2.0.0,
fraorganism,fra,organism,Organisme,Classe d'organismes,"Identifier la classe = `organisme` lorsqu'une partie identifie un organisme et le type de partie = `groupes`. Les mesures individuelles doivent être enregistrées avec une classe correspondant au type de mesure spécifique, c'est-à-dire allèle, variante, mutation, etc. ",2.2.0,2.2.0,added in V2.2.0,
fraorganizationID,fra,organizationID,Organisation,L'organisation à laquelle le reporteur est affilié.,NA,1.1.0,2.0.0,added in V2.0.0,
fraorganizations,fra,organizations,Table d'organisation,La table qui contient de l'information sur un laboratoire.,adapter de la documentation de la version 1,1.0.0,2.0.0,"description wording, structure",
fraorganizationsOrder,fra,organizationsOrder,Ordre des colonnes du tableau des organisations,Spécifie l'ordre des colonnes dans une table Organisations.,NA,2.0.0,2.0.0,added in V2.0.0,
fraorganizationsRequired,fra,organizationsRequired,Exigences relatives à la table des organisations,Spécifie les colonnes requises dans une table Organisations.,NA,2.0.0,2.0.0,added in V2.0.0,
fraorgLevel,fra,orgLevel,Niveau de l'organisation,Le niveau géographique d'une organisation.,Il existe six niveaux basés sur la classification internationale type des unités administratives (ISCU). ,2.0.0,2.0.0,added in V2.0.0,
fraorgLevelSet,fra,orgLevelSet,Ensemble de catégories de type d'organisation,L'ensemble des catégories pour le stockage des types d'organisation.,NA,2.0.0,2.0.0,added in V2.0.0,
fraorgSector,fra,orgSector,Secteur de l'organisation,Le secteur d'une organisation,NA,2.0.0,2.0.0,added in V2.0.0,
fraorgSectorSet,fra,orgSectorSet,Ensemble de catégories de type d'organisation,L'ensemble des catégories pour le stockage des types d'organisation.,NA,2.0.0,2.0.0,added in V2.0.0,
fraorgType,fra,orgType,ID du type d'organisation,Spécifie le type ou l'objectif d'une organisation donnée. ,NA,2.0.0,2.0.0,added in V2.0.0,
fraorgTypeSet,fra,orgTypeSet,Ensemble de catégories de type d'organisation,L'ensemble des catégories pour le stockage des types d'organisation.,NA,2.0.0,2.0.0,added in V2.0.0,
fraorigin,fra,origin,Origine de l'échantillon,Un attribut d'un échantillon spécifiant l'origine.,NA,2.0.0,2.0.0,added in V2.0; GitHub issue #94,
fraoriginalFormat,fra,originalFormat,Format des données d'origine,La structure ou le modèle original utilisé pour enregistrer et stocker les données. Ceci aide à indiquer si les données ont été transformées ou mappées dans la structure ODM.,NA,3.0.0,3.0.0,added in V3.0.0,
fraoriginSet,fra,originSet,CatSetégorie d'origine de l'échantillon,L'ensemble de catégories pour l'origine de l'échantillon.,NA,2.0.0,2.0.0,added in V2.0.0,
fraorthoGrp,fra,orthoGrp,Groupe de virus Orthopox,Groupe de mesures/méthodes relatives aux orthopoxvirus (à l'exclusion des virus varioliques).,NA,2.2.0,2.2.0,added in V2.2.0,
fraosl30,fra,osl30,Licence de logiciel libre 3.0,La licence de la mesure ou de l'ensemble de données est gérée sous la licence Open Software License 3.0.,NA,2.2.0,2.2.0,added in V2.2.0,
fraotco,fra,otco,Autre collection,"Autre méthode de collecte. Ajouter une description dans la colonne ""descriptionOther""",NA,1.0.0,2.0.0,"Depreciated in version 2 with all ""other"" fields",
fraothAgg,fra,othAgg,Autre échelle d'agrégation,"Spécifie une échelle d'agrégation qui ne peut pas être décrite comme ""qualitative"" ou ""quantAggScale"".",NA,2.0.0,2.0.0,added in V2.0.0,
fraother,fra,other,Autres,Autre ,"Autre catégorie. Une réponse catégorielle pour plusieurs variables dans la version 1. Également accompagnée d'un champ de texte libre. Dépréciée dans la version 2, avec des champs de texte communs ajoutés en tant que nouvelles catégories dans la version 2.0.0.",2.0.0,2.0.0,NA,
fraotherAggrSet,fra,otherAggrSet,Ensemble d'agrégation - autres,Ensemble d'agrégations pour les mesures sans unité.,NA,2.0.0,2.0.0,added in V2.0.0,
fraotherDep,fra,otherDep,"Agrégation, autre","Autre méthode d'agrégation. Ajouter une description dans ""aggregationOther"".",NA,1.0.0,2.0.0,"Depreciated in version 2 with all ""other"" fields",
fraotherForm,fra,otherForm,Autre format (ou format propriétaire),L'ensemble de données a été initialement enregistré et/ou stocké dans un format non décrit ailleurs.,Veuillez nommer (et optionnellement décrire) le format de données dans la section « notes » lors de l'utilisation de cette valeur.,3.0.0,3.0.0,added in V3.0.0,
fraotherProvDep,fra,otherProvDep,Accès aux Autres Provinces,"Si ""Non"", la donnée ne sera pas accessible par les autorités de santépublique provinciales. Si ""Oui"" ou laissé vide, la donnée leur sera accessible.",NA,1.0.0,2.0.0,"depreciated, sharing moved to sharing schema",
fraotherReportTableSet,fra,otherReportTableSet,Ensemble de tables d'autres rapports,Tableaux supplémentaires qui constituent le modèle de données complet.,NA,2.0.0,2.0.0,added in V2.0.0,
fraotherV,fra,otherV,Variantes Autre,Utilisé pour signaler les variantes détectées pour lesquelles un measureID spécifique n'existe pas encore. L'équipe ODM migrera périodiquement les réponses collectées dans cette catégorie vers des measureIDs définis.,"Veuillez écrire un nom officiel pour la nouvelle variante qui a été détectée, et spécifier la nomenclature que vous utilisez avec le nomenclatureID.",2.0.0,2.0.0,added in V2.0.0,
fraotsisaDep,fra,otsisaDep,Autre site,"Autre type de site d'échantillonnage. Ajouter une description dans la colonne ""typeOther""",NA,1.0.0,2.0.0,"Depreciated in version 2 with all ""other"" fields",
fraotsisiDep,fra,otsisiDep,Autre site,"Autre catégorie de mesure. Ajouter une description de la catégorie dans la colonne ""categoryOther"".",NA,1.0.0,2.0.0,"Depreciated in version 2 with all ""other"" fields",
fraotunDep,fra,otunDep,Autre unité,"Autre mesure de copies virales ou de qualité des eaux usées. Ajouter une description dans ""unitOther"".",NA,1.0.0,2.0.0,"Depreciated in version 2 with all ""other"" fields",
fraout,fra,out,La valeur est aberrante,La valeur est aberrante et peut être de qualité douteuse.,NA,2.0.0,2.0.0,added in V2.0.0,
fraoutb,fra,outb,Outbreak,"Mesure pour indiquer le statut de l'outbreak. Étant donné qu'en cas des outbreak, il se peut que les données complètes sur le nombre de cas ne soient pas disponibles ou complètement exactes, l'utilisation de cette mesure indique que le nombre de cas peut être approximatif.",La date de la mesure permet d'indiquer les périodes de début et de fin d'une outbreak.,2.0.0,3.0.0,"Adjusted to work within the new phActions table, now a categorical value for phAction Type",
fraoutbEnd,fra,outbEnd,Fin du outbreak,Indique qu'un outbreak a pris fin.,NA,2.0.0,3.0.0,"Adjusted to work within the new phActions table, now a categorical value for phAction.",
fraoutbOngoing,fra,outbOngoing,Outbreak en cours,Indique qu'un outbreak est en cours.,NA,2.0.0,3.0.0,"Adjusted to work within the new phActions table, now a categorical value for phAction.",
fraoutbreak,fra,outbreak,Classe d'épidémie,Measures and methods relating to public health outbreaks.,NA,2.0.0,3.0.0,depreciated in v3.0.0 with the migration of outbreak from measures to the phActions table.,
fraoutbreakSet,fra,outbreakSet,Ensemble de catégories de outbreak,Ensemble de catégories pour les valeurs valides de la mesure d’un outbreak.,NA,2.0.0,3.0.0,"Adjusted to work within the new phActions table, now a set for the categories for phAction with a ""outbreak"" phAction type.",
fraoutbStart,fra,outbStart,Début du outbreak,Indique qu'un outbreak a commencé.,NA,2.0.0,3.0.0,"Adjusted to work within the new phActions table, now a categorical value for phAction.",
frap100l,fra,p100l,Variante Delta mutation p100l,Variante Delta mutation p100l,NA,2.2.0,2.2.0,added in V2.2.0,
frap13L,fra,p13L,Variante Omicron mutation p13l,Variante Omicron mutation p13l,NA,2.2.0,2.2.0,added in V2.2.0,
frap2046l,fra,p2046l,Variante Delta mutation p2046l,Variante Delta mutation p2046l,NA,2.2.0,2.2.0,added in V2.2.0,
frap2287s,fra,p2287s,Variante Delta mutation p2287s,Variante Delta mutation p2287s,NA,2.2.0,2.2.0,added in V2.2.0,
frap3395h,fra,p3395h,Variante Omicron mutation p3395h,Variante Omicron mutation p3395h,NA,2.2.0,2.2.0,added in V2.2.0,
frap681r,fra,p681r,Variante Delta p681r,Variante Delta mutation p681r,NA,2.2.0,2.2.0,added in V2.2.0,
frapa,fra,pa,Raccourci du tableau de référence des parties,Nom abrégé utilisé pour faire référence au Tableau de référence contenant toutes les parties du modèle de données.,table,2.2.2,2.2.2,added in V 2.2.2,
frapAct,fra,pAct,polymerase activation,Décrit le cycle d'activation de la polymérase dans un processus PCR.,NA,2.2.0,2.2.0,added in V2.2.0,
frapairLay,fra,pairLay,Disposition par paires,Spécifie la disposition en paires pour une méthode de séquençage,NA,2.0.0,2.0.0,added in V2.0.0,
frapangolin,fra,pangolin,Nomenclature Pangolin,Spécifie la nomenclature variante ou génétique telle qu'elle est définie par l'attribution phylogénétique des lignées d'éclosions mondiales nommées (Pangolin).,NA,2.0.0,2.0.0,added in V2.0.0,
frapapilomavirusGrp,fra,papilomavirusGrp,Groupe Papilomavirus,Un groupe de mesures/méthodes relatives aux papilomavirus.,Utilisé pour décrire les informations sur l'organisme pour les mesures générales.,2.2.0,2.2.0,added in V2.2.0,
frapara,fra,para,Paraxanthine (PARA),"Métabolite de la caféine, un stimulant courant du système nerveux central, les niveaux mesurés de paraxanthine se sont avérés moins affectés par l'hétérogénéité génétique et la structure de la population que la caféine, et elle pourrait servir de biomarqueur utile dans les eaux usées.",NA,2.2.0,2.2.0,added in V2.2.0,
fraparafluGrp,fra,parafluGrp,Groupe Parainfluenza,Un groupe de mesures/méthodes relatives aux virus parainfluenza.,Utilisé pour décrire les informations sur l'organisme pour les mesures générales.,2.2.0,2.2.0,added in V2.2.0,
fraparapoxSpike,fra,parapoxSpike,Cible du parapoxvirus Orf Virus pour le contrôle de récupération de la matrice,Le virus Orf parapoxvirus est utilisé comme cible de contrôle de l'efficacité de la récupération/pour les contrôles de récupération de la matrice.,NA,2.2.0,2.2.0,added in V2.2.0,
fraparDatasetID,fra,parDatasetID,ID de l'ensemble de données parentale,L'ID de l'ensemble de données qui est le parent d'un autre ensemble de données.,NA,2.0.0,2.0.0,added in V2.0.0,
fraparent,fra,parent,ID de l'échantillon parental,"Si l'échantillon a été combiné à un plus grand échantillon, indiquer l'identifiant du plus grand échantillon.",NA,1.1.0,2.0.0,Replaced in V2 with approach to describe sample relationships that allows greater flexibility than soley parents.,
fraparSiteID,fra,parSiteID,ID du site parentale,"L'ID du site qui est le parent d'un autre site ; généralement, le sous-site est contenu dans le site parent.","Un exemple serait un test de surface dans un établissement de soins de longue durée. L'établissement de SLD serait le parentSiteID, et les différentes pièces/surfaces seraient les sous-sites ou les sites enfants.",2.0.0,2.0.0,added in V2.0.0,
frapartDesc,fra,partDesc,Description de la partie,Description de la partie.,"Fournit une description de la partie, utilisée pour la tranlsation.",2.0.0,2.0.0,added in V2.0.0,
frapartID,fra,partID,fra_label,fra_descr,fra_instr,1.0.0,2.0.0,NA,
frapartInstr,fra,partInstr,Instruction de partie,Notes et instructions supplémentaires sur la façon dont une partie est utilisée et/ou définie.,NA,2.0.0,2.0.0,added in V2.0.0,
fraparts,fra,parts,Table de recherche des parties,Table de recherche contenant toutes les parties du modèle de données.,"Contient toutes les parties, y compris les parties autoréférentielles.",2.0.0,2.0.0,added in V2.0.0,
frapartsOrder,fra,partsOrder,Ordre des colonnes du tableau des pièces,Ordre des en-têtes dans le tableau des pièces.,NA,2.0.0,2.0.0,added in V2.0.0,
frapartsRequired,fra,partsRequired,En-têtes obligatoires du tableau des parties,En-têtes obligatoires dans le tableau des pièces.,NA,2.0.0,2.0.0,added in V2.0.0,
frapartSupport,fra,partSupport,Assistance aux parties,Parties conçues pour prendre en charge la définition des métadonnées d'autres parties dans la table des parties.,NA,2.0.0,2.0.0,added in V2.0.0,
frapartType,fra,partType,Type de partie,Les types de parties décrivent leur objectif ou leur utilisation. ,"Les données d'environnement ont trois principaux types de parties : la mesure (c'est-à-dire les mesures virales covN1, le débit des eaux usées, la température), la méthode (par exemple, comment la mesure a été prise) et l'attribut (tel que le nom du site). Voir la description de chacun des types de parties dans categorySetID = partTypeCatSets.",2.0.0,2.0.0,added in V2.0.0,
frapartTypeInput,fra,partTypeInput,Entrée du type de pièce (table large),L'identifiant de la partie (partID) du type de partie utilisé dans un nom large.,NA,2.2.0,2.2.0,added in V2.2.0,
frapartTypeName,fra,partTypeName,Nom du type de pièce (tableau large),Le type de pièce utilisé dans un nom large.,NA,2.2.0,2.2.0,added in V2.2.0,
frapassiveGen,fra,passiveGen,Échantillon passif - général,Utilisé pour spécifier qu'une méthode d'échantillonnage passif non spécifiée par ailleurs a été utilisée pour collecter l'échantillon.,NA,2.2.0,2.2.0,added in V2.2.0,
frapasteur,fra,pasteur,Échantillon pasteurisé,Indicateur binaire indiquant si un échantillon a été pasteurisé dans le cadre de son traitement.,NA,2.2.0,2.2.0,added in V2.2.0,
frapceDep,fra,pceDep,Effluent primaire du clarificateur,Effluent obtenu aprés un décanteur primaire.,NA,1.0.0,2.0.0,"depreciated, site material like this is now captured in the sample table",
frapCode,fra,pCode,Code postal ou zip,"Le code postal ou zip code pour une adresse donnée, spécifiant une zone géographique spécifique.",NA,2.0.0,2.0.0,added in V2.0.0,
frapcr,fra,pcr,Classe de qPCR,Measures and methods relating to qPCR.,NA,2.0.0,2.0.0,added in V2.0.0,
frapcrAct,fra,pcrAct,"Action/activité de la PCR
transcription inverse
activation de la polymérase
dénaturation
recuit/extension
dillution en série
Méthode de calcul de la courbe standard",Décrit un cycle PCR donné afin de fournir davantage d'informations sur la méthode.,NA,2.2.0,2.2.0,added in V2.2.0,
frapcrActSet,fra,pcrActSet,Ensemble d'actions/activités PCR,L'ensemble contenant toutes les méthodes valides pour les cycles d'activité de la PCR.,NA,2.2.0,2.2.0,added in V2.2.0,
frapcrmeth,fra,pcrmeth,Uses multiple fields in SARS-CoV-2 Quantification method,Description de la méthode RCP.,Description de la méthode RCP utilisée,1.0.0,2.0.0,description wording,
frapcrQualitySet,fra,pcrQualitySet,Ensemble de Qualité de RCP,Ensemble de qualité pour les mesures de RCP.,NA,2.0.0,2.0.0,added in V2.0.0,
frapcrSeq,fra,pcrSeq,Méthode de sélection pour le séquençage par PCR,"Spécifie la méthode de sélection PCR pour le séquençage, c'est-à-dire qu'une amorce prédéterminée a été utilisée.",L'amorce doit être spécifiée si cette option est sélectionnée.,2.0.0,3.0.0,corrected part type to be categories rather than methods,
frapcrSet,fra,pcrSet,Ensemble de catégories de méthodes d'RCP,L'ensemble de catégories contenant toutes les méthodes valides pour le RCP methodID.,NA,2.0.0,2.0.0,added in V2.0.0,
frapcs,fra,pcs,Boues du clarificateur primaire,Boue provenant d'un décanteur primaire.,NA,1.0.0,2.0.0,"depreciated, site material like this is now captured in the sample table",
frapEfflu,fra,pEfflu,Effluent du décanteur primaire,Effluent obtenu aprés un décanteur primaire.,NA,1.0.0,2.0.0,NA,
frapeg,fra,peg,Précipitation au polyéthylèneglycol (PEG) ,Précipitation au polyéthylèneglycol (PEG) ,NA,2.0.0,2.0.0,"added in V2.0.0, added from NWSS",
fraperc,fra,perc,Pour cent,Pourcentage.,NA,2.0.0,2.0.0,added in V2.0.0,
frapercRec,fra,percRec,Pourcentage de récupération,Pourcentage de la récupération de substitution pour un essai de contrôle de l'efficacité de la récupération.,Sert à rapporter les résultats de tout essai de contrôle de récupération.,1.0.0,2.0.0,"description wording, structure",
fraph,fra,ph,pH,pH,NA,1.1.0,2.0.0,"description wording, structure",
frapha4geForm,fra,pha4geForm,Format PHA4GE,L'ensemble de données a été initialement enregistré et/ou stocké au format PHA4GE.,NA,3.0.0,3.0.0,added in V3.0.0,
fraphac,fra,phac,Accès à PHAC,"Si ""Non"", la donnée ne sera pas accessible par les employés de l'Agence de Santé Publique du Canada. Si ""Oui"" ou laissé vide, la donnée leur sera accessible.",NA,1.0.0,2.0.0,"depreciated, sharing moved to sharing schema",
fraphage,fra,phage,PHAGE,En-tête PHAGE,NA,2.0.0,2.0.0,added in V2.0.0,
fraphageGrp,fra,phageGrp,Groupe Bactériophage,Un groupe de mesures/méthodes relatives aux bactériophages.,Utilisé pour décrire les informations sur l'organisme pour les mesures générales.,2.2.0,2.2.0,added in V2.2.0,
fraphageNotes,fra,phageNotes,Notes sur PHAGE,Notes de PHAGE,NA,2.0.0,2.0.0,added in V2.0.0,
frapHClass,fra,pHClass,Classe de pH,Measures and methods relating to pH.,NA,2.0.0,2.0.0,added in V2.0.0,
fraphenCl,fra,phenCl,Phénol chloroforme,Extraction d'acides nucléiques réalisée avec du chloroforme phénol.,NA,2.0.0,2.0.0,"added in V2.0.0, added from NWSS",
fraphesODMFormV1,fra,phesODMFormV1,Format PHES-ODM version 1,L'ensemble de données a été initialement enregistré et/ou stocké au format PHES-ODM de version 1.,NA,3.0.0,3.0.0,added in V3.0.0,
fraphesODMFormV2,fra,phesODMFormV2,Format PHES-ODM version 2,L'ensemble de données a été initialement enregistré et/ou stocké au format PHES-ODM de version 2.,NA,3.0.0,3.0.0,added in V3.0.0,
fraphesODMFormV3,fra,phesODMFormV3,Format PHES-ODM version 3,L'ensemble de données a été initialement enregistré et/ou stocké au format PHES-ODM de version 3.,NA,3.0.0,3.0.0,added in V3.0.0,
fraphi6,fra,phi6,Virus Pseudomonas phi6,Mesure de la quantité de virus pseudomonas phi6.,NA,2.0.0,2.0.0,added in V2.0.0,
fraphi6Mat,fra,phi6Mat,Cible de phi6,Le virus Pseudomonas phi6 est utilisé comme cible de contrôle de l'efficacité de la récupération.,NA,2.0.0,2.0.0,added in V2.0.0,
fraphone,fra,phone,Préfixe téléphonique national du pays,Indicatif téléphonique international du pays.,"Préprogrammés dans les tables du dictionnaire, ils ne sont pas modifiables par les utilisateurs.",2.1.0,2.1.0,added in V2.1.0,
fraphos,fra,phos,Phosphore total,Phosphore total,NA,1.1.0,2.0.0,"description wording, structure",
fraphostot,fra,phostot,Phosphates totaux,Phosphates totaux.,NA,1.1.0,2.0.0,"description wording, structure",
fraphred,fra,phred,Score de qualité PHRED,Score de qualité PHRED pour le séquençage,NA,2.0.0,2.0.0,added in V2.0.0,
fraphy,fra,phy,Propriété Physique,Propriété qui n'est pas spécifiée par la composition chimique ou la présence de vie.,NA,2.0.0,2.0.0,added in V2.0.0,
fraphysical,fra,physical,Classe physique,Spécifie une collection de mesures/méthodes liées à des propriétés physiques génériques.,NA,2.0.0,2.0.0,added in V2.0.0,
frapK,fra,pK,Clé primaire,Clé primaire pour une table. ,NA,2.0.0,2.0.0,added in V2.0.0,
fraplasmodium,fra,plasmodium,Plasmodium,Plasmodium,NA,2.2.0,2.2.0,added in V2.2.0,
frapmFloMean,fra,pmFloMean,Moyenne normalisée en fonction du débit et du PMMoV,Mesure moyenne normalisée à la quantité de PMMoV et au débit d'eaux usées.,"Principalement utilisé pour déclarer des allèles spécifiques (N1, N2, E, etc.)",2.0.0,2.0.0,added in V2.0.0,
frapmmovGrp,fra,pmmovGrp,Groupe PMMoV,Un groupe de mesures/méthodes relatives au virus de la marbrure douce du poivre (PMMoV).,Utilisé pour décrire les informations sur l'organisme pour les mesures générales.,2.2.0,2.2.0,added in V2.2.0,
frapmmovNorm,fra,pmmovNorm,Moyenne normalisée en fonction du PMMoV,Mesure moyenne normalisée par rapport à la quantité de PMMoV.,"Principalement utilisé pour signaler des allèles spécifiques (N1, N2, E, etc.).",2.0.0,2.0.0,added in V2.0.0,
frapmmvABIFor,fra,pmmvABIFor,Amorce directe PMMV (ABI),Amorce directe PMMV (ABI),NA,2.2.0,2.2.0,added in V2.2.0,
frapmmvABIProbe,fra,pmmvABIProbe,Sonde PMMV (ABI),Sonde PMMV (ABI),NA,2.2.0,2.2.0,added in V2.2.0,
frapmmvABIRev,fra,pmmvABIRev,Amorce inverse PMMV (ABI),Amorce inverse PMMV (ABI),NA,2.2.0,2.2.0,added in V2.2.0,
frapo,fra,po,Raccourci du tableau des polygones,Nom abrégé utilisé pour faire référence au tableau contenant des informations sur la géométrie d'une zone géographique.,table,2.2.2,2.2.2,added in V 2.2.2,
frapogr,fra,pogr,Post-gravillonnage,Eau usée aprés dégrillage et dessablage.,NA,1.0.0,2.0.0,"depreciated, site material like this is now captured in the sample table",
frapoLic,fra,poLic,Licence de la Polygone,La licence régissant la disponibilité du fichier de formes du polygone.,NA,3.0.0,3.0.0,added in V3.0.0,
frapolicy,fra,policy,Secteur ou organisation politique,Décrit les organisations dont l'activité principale est la politique ou l'activité politique.,NA,2.2.0,2.2.0,added in V2.2.0,
frapolioGrp,fra,polioGrp,Groupe Poliovirus,Un groupe de mesures/méthodes relatives aux poliovirus.,Utilisé pour décrire les informations sur l'organisme pour les mesures générales.,2.2.0,2.2.0,added in V2.2.0,
frapolygonID,fra,polygonID,ID du polygone,Identifiant unique du polygone.,NA,1.0.0,2.0.0,"description wording, structure",
frapolygons,fra,polygons,Table des polygones,La table qui contient des informations sur la géométrie d'une zone géographique.,NA,1.0.0,2.0.0,"description wording, structure",
frapolygonsOrder,fra,polygonsOrder,Ordre des colonnes de la table Polygones,Spécifie l'ordre des colonnes dans une table Polygones.,NA,2.0.0,2.0.0,added in V2.0.0,
frapolygonsRequired,fra,polygonsRequired,Exigences du tableau des polygones,Spécifie les colonnes requises dans une table Polygones.,NA,2.0.0,2.0.0,added in V2.0.0,
frapolyPop,fra,polyPop,Population du polygone,"Un attribut d'un polygone, qui spécifie la population de ce polygone. Une estimation approximative du nombre de résidents humains.",NA,2.0.0,2.3.0,Updated to a measurement after being removed as a header in the polygons table.,
frapooled,fra,pooled,combiné,"S'il s'agit d'un échantillon combiné, c'est-à-dire, est-il composé de plusieurs échantillons ""enfants""?",NA,1.0.0,2.0.0,added in V2.0.0,
frapop,fra,pop,Population,Mesure aggrégée de santé publique,NA,1.0.0,2.0.0,added in V2.0.0,
frapopClass,fra,popClass,Classe de population,"Mesures et méthodes relatives à la population (c'est-à-dire mesures de population, localisation).",NA,3.0.0,3.0.0,added in V3.0.0,
frapopDateTypeDep,fra,popDateTypeDep,Type de date pour le rapport des cas,Type de date pour le rapport des cas,NA,1.0.0,2.0.0,depreciated,
frapopEq,fra,popEq,Équivalents de population,"Unité de mesure de la capacité nominale des stations d'épuration des eaux usées, représentée par la quantité approximative d'eau qu'une personne normale utiliserait.",NA,1.0.0,2.0.0,"description wording, structure; github issue #123",
frapopGrp,fra,popGrp,Groupe de population,Un groupe de mesures/méthodes liées à des facteurs de niveau de population.,"Il peut s'agir par exemple du nombre de cas, du taux d'hospitalisation, etc.",2.0.0,2.0.0,added in V2.0.0,
frapopServ,fra,popServ,Population desservie,"Un attribut d'un site, qui spécifie la population de/desservie par un site donné. ",NA,2.0.0,2.3.0,Updated to a measurement after being removed as a header in the sites table.,
frapopulationUnitSet,fra,populationUnitSet,Ensemble d'unités de population,Ensemble d'unités pour les mesures relatives aux hôpitaux.,NA,2.0.0,2.0.0,added in V2.0.0,
fraport,fra,port,Port ou havre,Un havre est toute étendue d'eau abritée où les bateaux ou les navires peuvent mouiller ou jeter l'ancre. Un port est une installation construite autour d'un havre et dotée d'équipements permettant le chargement et le déchargement de ces navires.,NA,2.2.3,2.2.3,added in v2.2.3,
frapoSaSpecimenSet,fra,poSaSpecimenSet,Ensemble de population ou d'échantillons,Un ensemble de spécimens qui comprend des spécimens de population ou d'échantillon.,NA,2.0.0,2.0.0,added in V2.0.0,
frapoSiSpecimenSet,fra,poSiSpecimenSet,Ensemble de population ou de sites,Un ensemble de spécimens qui comprend des spécimens de population ou de site.,NA,2.0.0,2.0.0,added in V2.0.0,
frapoSpecimenSet,fra,poSpecimenSet,Ensemble de spécimens de population,Un ensemble de spécimens qui comprend uniquement un spécimen de population.,NA,2.0.0,2.0.0,added in V2.0.0,
frapostgreSQL,fra,postgreSQL,Licence PostgreSQL,La licence de la mesure ou de l'ensemble de données est gérée sous la licence PostgreSQL.,NA,2.2.0,2.2.0,added in V2.2.0,
frapp,fra,pp,Pourcentage positif,Pourcentage de positifs.,NA,1.0.0,2.0.0,description wording.,
frappm,fra,ppm,Parties par million,Parties par million.,NA,1.0.0,2.0.0,description wording.,
frappmv,fra,ppmv,PMMoV-CP,Région du gène de la capside du virus de la marbrure légére du piment ,NA,1.0.0,2.0.0,"description wording, structure",
frapprt,fra,pprt,Taux de positivité en pourcentage,Pourcentage de positivité des tests.,NA,1.0.0,2.0.0,now a unit for any group or biologic infection,
frapps,fra,pps,Pourcentage de boues primaires,Pourcentage de boues primaire (pour solides totaux).,NA,1.0.0,2.0.0,description wording.,
frapr,fra,pr,Raccourci du tableau des relations de protocole,"Nom abrégé utilisé pour faire référence au tableau contenant les informations et les détails organisationnels (tels que l'ordre) concernant un protocole donné, enregistrés sous forme d'une série d'étapes du protocole (protocolSteps).",table,2.2.2,2.2.2,added in V 2.2.2,
fraprecipitation,fra,precipitation,Classe de précipitation,Spécifie une collection de mesures/méthodes liées à la précipitation.,NA,2.0.0,2.0.0,added in V2.0.0,
fraprecipitationUnitSet,fra,precipitationUnitSet,Unités de précipitation,Ensemble d'unités pour les mesures de précipitation.,NA,2.0.0,2.0.0,added in V2.0.0,
frapreConcTemp,fra,preConcTemp,Température de stockage avant concentration,Température à laquelle un échantillon a été stocké entre le prélèvement et la concentration.,NA,2.2.0,2.2.0,added in V2.2.0,
frapreConcTime,fra,preConcTime,Temps de stockage avant concentration,Durée de stockage d'un échantillon entre le prélèvement et la concentration.,NA,2.2.0,2.2.0,added in V2.2.0,
frapreExtractTemp,fra,preExtractTemp,Température de stockage avant l'extraction,Température à laquelle l'échantillon a été stocké entre la concentration et l'extraction.,NA,2.2.0,2.2.0,added in V2.2.0,
frapreExtractTime,fra,preExtractTime,Temps de stockage avant l'extraction,Durée de conservation de l'échantillon entre la concentration et l'extraction.,NA,2.2.0,2.2.0,added in V2.2.0,
frapretreat,fra,pretreat,Alteration chimique,L'échantillon a-t-il été chimiquement altéré par un ajout de stabilisant ou autre?,NA,1.0.0,2.0.0,NA,
fraprimer,fra,primer,Amorce génétique,ID de la méthode utilisé pour indiquer l'amorce utilisée pour un essai de RCP ou de séquençage.,NA,2.0.0,2.0.0,added in V2.0.0,
fraprimerSet,fra,primerSet,Ensemble de catégories d'amorces génétiques,L'ensemble des catégories pour les amorces génétiques utilisées dans les essais de séquençage ou de RCP.,NA,2.0.0,2.0.0,added in V2.0.0,
frapriv,fra,priv,Organisation de type de secteur privé,La catégorie de type d'organisation utilisée pour les groupes du secteur privé ou à but non lucratif qui ne sont pas autrement pris en compte par la catégorie académique.,NA,2.0.0,2.0.0,added in V2.0.0,
fraprivate,fra,private,Données privées - ne pas diffuser,La mesure ou l'ensemble de données sont des données privées - non destinées à la diffusion.,NA,2.2.0,2.2.0,added in V2.2.0,
frapro,fra,pro,Raccourci du tableau des protocoles,Nom abrégé utilisé pour référencer le tableau contenant les informations récapitulatives et les détails concernant un protocole donné. ,table,2.2.2,2.2.2,added in V 2.2.2,
fraprocGrp,fra,procGrp,Groupe de traitement,Un groupe de mesures/méthodes liées au traitement des échantillons pour l'analyse.,NA,2.0.0,2.0.0,added in V2.0.0,
fraprogramDescr,fra,programDescr,Classe de table de description de programme,Spécifie une classe pour les tables de rapport pour indiquer qu'ils sont des tables de description de programme.,"Utilisé uniquement pour mieux spécifier l'objectif des tables de rapport, distinct des autres classes de cette façon.",2.0.0,2.0.0,added in V2.0.0,
frapromAuto,fra,promAuto,Trousse de tna automatisée de promega,Extraction d'acides nucléiques réalisée à l'aide de la trousse promega automated tna.,NA,2.0.0,2.0.0,"added in V2.0.0, added from NWSS",
frapromegaLVTNA,fra,promegaLVTNA,Kit de capture d'ARN de grand volume pour eaux usées de Promega,Kit de capture de l'ARN des eaux usées de grand volume de Promega,NA,2.2.0,2.2.0,added in V2.2.0,
frapromHt,fra,promHt,Trousse de ht tna automatisée de promega,Extraction d'acides nucléiques réalisée à l'aide de la trousse promega ht tna.,NA,2.0.0,2.0.0,"added in V2.0.0, added from NWSS",
frapromManu,fra,promManu,Trousse de tna manuelle de promega,Extraction d'acides nucléiques réalisée à l'aide de la trousse tna manuelle de promega.,NA,2.0.0,2.0.0,"added in V2.0.0, added from NWSS",
frapromWW,fra,promWW,Trousse de capture d'adn à grand volume pour eaux usées de promega,Extraction d'acides nucléiques réalisée à l'aide de la trousse de capture d'ADN grand volume de promega wastewater.,NA,2.0.0,2.0.0,"added in V2.0.0, added from NWSS",
fraprop,fra,prop,Proportion du total,Proportion exprimée en pourcentage.,NA,1.0.0,2.0.0,description wording.,
frapropV,fra,propV,Proportion de la/des variante(s) dans l'échantillon,Proportion du variant dans l'échantillon.,NA,1.1.0,2.0.0,description wording.,
fraprotein,fra,protein,Classe de protéines,Spécifie une collection de mesures/méthodes sur les protéines.,NA,2.0.0,2.0.0,added in V2.0.0,
fraprotocolID,fra,protocolID,ID de protocoles,Un identifiant unique pour les protocoles donné.,NA,2.0.0,2.0.0,added in V2.0.0,
fraprotocolIDContainer,fra,protocolIDContainer,ID du rapport de l'ensemble de protocoles,La clé composite générée en combinant l'ID de l'ensemble de protocoles et l'index de l'ensemble.,NA,2.0.0,2.0.0,added in V2.0.0,
fraprotocolIDObj,fra,protocolIDObj,ID d'objet de protocole,"L'objet de la relation entre un protocole et un autre protocole ou une étape, dans un conteneur d'ID de protocole.","Remplissez ce champ en utilisant l'ID du protocole (partID = protocolID). Avec `protocolIDSub` ou `stepIDSub` et `relationshipID`, la relation de protocole est définie comme suit : [protocolIDSubject ou stepIDSubject] [relationshipID] [protocolIDObject ou stepIDObject]. Ex : stepIDSubject précède protocolIDObject.",2.0.0,2.0.0,added in V2.0.0,
fraprotocolIDSub,fra,protocolIDSub,ID de sujet de protocole,"Le sujet de la relation entre un protocole et un autre protocole ou une étape, dans un conteneur d'ID de protocole.","Remplissez ce champ en utilisant l'ID du protocole (partID = protocolID). Avec `protocolIDObj` ou `stepIDObj` et `relationshipID`, la relation de protocole est définie comme suit : [protocolIDSubject ou stepIDSubject] [relationshipID] [protocolIDObject ou stepIDObject]. Ex : stepIDSubject précède protocolIDObject.",2.0.0,2.0.0,added in V2.0.0,
fraprotocolRelationships,fra,protocolRelationships,Table des relations de protocoles,La table qui contient de l'information et des détails sur une méthode donnée.,NA,2.0.0,2.0.0,added in V2.0.0,
fraprotocolRelationshipsID,fra,protocolRelationshipsID,ID synthétique pour la table protocolRelationships,Un identifiant unique et auto-incrémentiel généré pour produire un identifiant unique et une clé primaire pour chaque ligne de la table protocolRelationships.,NA,2.2.0,2.2.0,added in V2.2.0,
fraprotocolRelationshipsOrder,fra,protocolRelationshipsOrder,L’ordre des colonnes de la table d'organisation de protocoles,Indique l’ordre des colonnes dans la table d'organisation de protocoles.,NA,2.0.0,2.0.0,added in V2.0.0,
fraprotocolRelationshipsRequired,fra,protocolRelationshipsRequired,Exigences de la table d'organisation de protocoles,Indique les colonnes requises dans la table d'organisation de protocoles.,NA,2.0.0,2.0.0,added in V2.0.0,
fraprotocolRelSet,fra,protocolRelSet,Ensemble de relations de protocole,Ensemble de catégories pour les valeurs valides de relationshipID dans la table protocolRelationships.,À n'utiliser que pour la relation ID de la table protocolRelationships table relationshipID.,2.0.0,2.0.0,added in V2.0.0,
fraprotocols,fra,protocols,Table de protocoles,La table qui contient les protocoles.,NA,2.0.0,2.0.0,added in V2.0.0,
fraprotocolsOrder,fra,protocolsOrder,L’ordre des colonnes de la table de protocoles,Indique l’ordre des colonnes dans la table de protocoles.,NA,2.0.0,2.0.0,added in V2.0.0,
fraprotocolsRequired,fra,protocolsRequired,Exigences de la table de protocoles,Indique les colonnes requises dans la table de protocoles.,NA,2.0.0,2.0.0,added in V2.0.0,
fraprotocolSteps,fra,protocolSteps,Table des étapes de protocole,La table qui contient les échantillons environnementaux.,Les méthodes sont toute procédure ou approche permettant d'effectuer un échantillon ou une mesure.,1.0.0,2.0.0,"updated from assay method into 2 tables, restructured.",
fraprotocolStepsOrder,fra,protocolStepsOrder,L’ordre des colonnes de la table d’étapes de protocoles.,Indique l’ordre des colonnes dans la table d’étapes de protocoles.,NA,2.0.0,2.0.0,added in V2.0.0,
fraprotocolStepsRequired,fra,protocolStepsRequired,Exigences de la table d'étapes de protocoles,Indique les colonnes requises dans la table d'étapes de protocoles.,NA,2.0.0,2.0.0,added in V2.0.0,
fraprotocolTableSet,fra,protocolTableSet,Ensemble de tableaux du protocole,Tables contenant des informations sur les méthodes utilisées pour la collecte ou la mesure des échantillons.,NA,2.0.0,2.0.0,added in V2.0.0,
fraprotocolVersion,fra,protocolVersion,Version de l'ensemble de protocoles,Spécifie la version d'un ensemble de méthodes.,Version de l'ensemble de méthodes. Le versioning sémantique est recommandé.,2.0.0,2.0.0,added in V2.0.0,
fraprovHA,fra,provHA,Accès aux Autoritées Sanitaires Provinciales,"Si ""Non"", la donnée ne sera pas accessible par les autorités de santépublique provinciales. Si ""Oui"" ou laissé vide, la donnée sera accessible él'autorité de santé publique de la province oé l'échantillonnage a étéréalisée.",NA,1.0.0,2.0.0,"depreciated, sharing moved to sharing schema.",
fraprovisional,fra,provisional,Rapport provisoire,Un rapport provisoire ou intermittent.,"Utilisation pour des mesures qui ne sont pas encore finalisées. Généralement, cet usage n'est pas rendu public. ",2.0.0,2.0.0,added in V2.0.0,
fraps,fra,ps,Raccourci du tableau des étapes du protocole,"Nom abrégé utilisé pour référencer le Tableau permettant de collecter des métadonnées sur les différentes étapes d'un protocole, d'un processus méthodologique ou d'un test.",table,2.2.2,2.2.2,added in V 2.2.2,
frapseudomonas,fra,pseudomonas,Pseudomonas,Pseudomonas,NA,2.2.0,2.2.0,added in V2.2.0,
frapseudomonasGrp,fra,pseudomonasGrp,Groupe Pseudomonas,Un groupe de mesures/méthodes relatives aux bactéries pseudomonas.,Utilisé pour décrire les informations sur l'organisme pour les mesures générales.,2.2.0,2.2.0,added in V2.2.0,
frapSludge,fra,pSludge,Boues du décanteur primaire,Boue provenant d'un décanteur primaire.,NA,1.0.0,2.0.0,NA,
frapStat,fra,pStat,Station de pompage,Station de pompage.,NA,1.0.0,2.0.0,"description wording, structure",
frapstGrit,fra,pstGrit,Post-Grit,Eau usée aprés dégrillage et dessablage.,NA,1.0.0,2.0.0,NA,
fraptDescDep,fra,ptDescDep,Description du pré-traitement,Description du pré-traitement le cas échéant.,NA,1.0.0,2.0.0,"depreciated, absorbed into more general ""description"" part",
fraptot,fra,ptot,Nombre de tests positifs,Nombre de tests positifs.,NA,1.0.0,2.0.0,now a unit for any group or biologic infection,
frapubHealth,fra,pubHealth,Agence de santé publique,Agence de santé publique.,NA,2.0.0,2.0.0,added in V2.0.0,
frapublic,fra,public,Accèes publique,"Si ""Non"", la donnée ne sera pas accessible par le public. Si ""Oui"" ou laissévide, la donnée leur sera accessible.",NA,1.0.0,2.0.0,"depreciated, sharing moved to sharing schema.",
frapuro,fra,puro,Virus Puro,Mesure de la quantité de virus puro.,NA,2.0.0,2.0.0,added in V2.0.0,
frapuroMat,fra,puroMat,Cible du virus puro,Le virus Puro est utilisé comme cible de contrôle de l'efficacité de la récupération.,NA,2.0.0,2.0.0,added in V2.0.0,
frapurpose,fra,purpose,Objectif,La raison pour laquelle la mesure ou l'échantillon a été prélevé.,"Voir les catégories autorisées : rapport, contrôle de qualité, étude de validation, test.",2.0.0,2.0.0,NA,
frapurposeSet,fra,purposeSet,Ensemble de catégories d'objet d'échantillon ou de mesure,Ensemble de catégories pour le but de l'échantillon ou de la mesure.,NA,2.0.0,2.0.0,added in V2.0.0,
frapv2,fra,pv2,Poliovirus de type 2,Poliovirus de type 2,NA,2.2.0,2.2.0,added in V2.2.0,
fraq19e,fra,q19e,Gène cible de la variante omicron q19e,Gène cible q19e de la variante omicron.,NA,2.0.0,2.0.0,added in V2.0.0,
fraq493r,fra,q493r,Gène cible de la variante omicron q493r ,Gène cible q493r de la variante omicron.,NA,2.0.0,2.0.0,added in V2.0.0,
fraq498r,fra,q498r,Gène cible de la variante omicron q498r,Gène cible q498r de la variante omicron.,NA,2.0.0,2.0.0,added in V2.0.0,
fraq954h,fra,q954h,Gène cible de la variante omicron q954h ,Gène cible q954h de la variante omicron.,NA,2.0.0,2.0.0,added in V2.0.0,
fraqaqc,fra,qaqc,Méthode d'assurance-qualité,"Assurance qualité, contrôle de la qualité.",Description des mesures prises pour le contrôle de la qualité,1.0.0,2.0.0,"description wording, deprecated",
fraqf1,fra,qf1,Problèmes de qualité,"Un indicateur de l'existence d'un problème de qualité, non spécifié par ailleurs.",NA,1.0.0,2.0.0,added in V2.0.0,
fraqgDNARNA,fra,qgDNARNA,Trousse allprep d'adn/rna de qiagen,Extraction d'acides nucléiques réalisée à l'aide de la trousse qiagen allprep dna/rna.,NA,2.0.0,2.0.0,"added in V2.0.0, added from NWSS",
fraqgDpcr,fra,qgDpcr,RCP numérique qiagen,Décrit une analyse de RCP effectuée à l'aide de la technologie de RCP numérique de Qiagen.,NA,2.0.0,2.0.0,added in V2.0.0,
fraqgEz1,fra,qgEz1,Mini-trousse qiagen ez1 virus v2.0,Extraction des acides nucléiques réalisée à l'aide de la trousse qiagen ez1 virus mini kit v2.0.,NA,2.0.0,2.0.0,"added in V2.0.0, added from NWSS",
fraqgPwrFecal,fra,qgPwrFecal,Trousse allprep powerfecal d'adn/rna de qiagen,Extraction d'acides nucléiques réalisée à l'aide de la trousse qiagen allprep powerfecal dna/rna kit.,NA,2.0.0,2.0.0,"added in V2.0.0, added from NWSS",
fraqgPwrViral,fra,qgPwrViral,Trousse allprep powerviral d'adn/rna de qiagen,Extraction des acides nucléiques réalisée à l'aide de la trousse qiagen allprep powerviral dna/rna kit.,NA,2.0.0,2.0.0,"added in V2.0.0, added from NWSS",
fraqgPwrWtr,fra,qgPwrWtr,Trousse Powerwater de qiagen,Extraction d'acides nucléiques réalisée à l'aide de la trousse qiagen powerwater.,NA,2.0.0,2.0.0,"added in V2.0.0, added from NWSS",
fraqgQiAmp,fra,qgQiAmp,Tampons qiagen qiaamp avec colonnes epoch,Extraction d'acides nucléiques réalisée à l'aide des tampons qiagen qiaamp avec colonnes epoch.,NA,2.0.0,2.0.0,"added in V2.0.0, added from NWSS",
fraqgRneasy,fra,qgRneasy,Trousse rneasy de qiagen,Extraction des acides nucléiques réalisée à l'aide de la trousse rneasy de qiagen.,NA,2.0.0,2.0.0,"added in V2.0.0, added from NWSS",
fraqgRneasyPwr,fra,qgRneasyPwr,Trousse rneasy powermicrobiome de qiagen,Extraction des acides nucléiques réalisée à l'aide de la trousse rneasy powermicrobiome de qiagen.,NA,2.0.0,2.0.0,"added in V2.0.0, added from NWSS",
fraqiAllprep,fra,qiAllprep,kit qiagen allprep dna/rna,kit qiagen allprep dna/rna,NA,2.2.0,2.2.0,added in V2.2.0,
fraqiampDSP,fra,qiampDSP,Kit qiagen qiaamp dsp viral rna mini,qiagen qiaamp dsp viral rna mini kit,NA,2.2.0,2.2.0,added in V2.2.0,
fraqpcr,fra,qpcr,RCP quantAggScale,"RCP en temps réel, également appelée RCP ""quantAggScale"".",NA,2.0.0,2.0.0,added in V2.0.0,
fraqr,fra,qr,Raccourci du tableau des rapports de qualité,Nom abrégé utilisé pour référencer le Tableau permettant d'enregistrer les différents indicateurs et mesures de qualité pour les échantillons et les mesures.,table,2.2.2,2.2.2,added in V 2.2.2,
fraqualAggScale,fra,qualAggScale,Qualitatif,"L'échelle d'agrégation ""qualitative"".",NA,2.0.0,2.0.0,added in V2.0.0,
fraqualityControl,fra,qualityControl,Contrôle de qualité,Une mesure ou un échantillon prélevé à des fins de contrôle de la qualité.,Les mesures avec cette catégorie sont prises pour évaluer le contrôle de la qualité.,2.0.0,2.0.0,added in V2.0.0,
fraqualityFlag,fra,qualityFlag,Indicateur de qualité,Un champ pour signaler un problème de qualité - ou son absence - pour un échantillon ou une mesure.,Les types d'indicateurs de qualité varient selon le contexte ; veuillez consulter le QulaityFlagSet pour en avoir la confirmation.,2.0.0,2.0.0,added in V2.0.0,
fraqualityIndicators,fra,qualityIndicators,Type de partie de qualité,Le type de partie pour les parties de qualité.,Utilisé uniquement pour les entrées du dictionnaire relatives aux parties.,2.0.0,2.0.0,added in V2.0.0,
fraqualityIndSet,fra,qualityIndSet,Colonne d'ID de l'ensemble de qualité,L'ensemble de qualité qui correspond à une partie donnée. Ne s'applique qu'aux échantillons et aux mesures.,NA,2.0.0,2.0.0,added in V2.0.0,
fraqualityIndSets,fra,qualityIndSets,Ensembles de qualité,"Ensembles de mesures de qualité. Par exemple, PCR (réaction en chaîne par polymérase) a un ensemble de mesures de qualité.","Les ensembles sont des listes de valeurs d'entrée. Chaque valeur d'entrée dans un ensemble est une partie (a un partID) qui peut être réutilisée entre les ensembles. Par exemple, un ensemble A peut contenir les valeurs ""oui"" et ""non"", et un ensemble B peut contenir les valeurs ""oui"", ""non"" et ""peut-être"". Les types de partie avec des ensembles comprennent les agrégations, les compartiments, les manques, les indicateurs de qualité, les spécimens et les unités. Les mesures avec catégories et types de données ont leurs propres ensembles de catégories spécifiques (catSetID) car leurs valeurs d'entrée sont uniques et ne sont pas réutilisées.",2.0.0,2.0.0,added in V2.0.0,
fraqualityReportID,fra,qualityReportID,ID du rapport de qualité,Un identifiant unique pour un rapport de qualité donné.,NA,2.0.0,2.0.0,added in V2.0.0,
fraqualityReports,fra,qualityReports,Table des rapports de qualité,Le table pour enregistrer les différents paramètres et indicateurs de qualité pour les échantillons et les mesures.,NA,2.0.0,2.0.0,added in V2.0.0,
fraqualityReportsOrder,fra,qualityReportsOrder,Ordre des colonnes la table des rapports de qualité,Spécifie l'ordre des colonnes dans la table des rapports de qualité.,NA,2.0.0,2.0.0,added in V2.0.0,
fraqualityReportsRequired,fra,qualityReportsRequired,Exigences de la table des rapports de qualité,Spécifie les colonnes requises dans table des rapports de qualité.,NA,2.0.0,2.0.0,added in V2.0.0,
fraquantAggScale,fra,quantAggScale,Quantitatif,"L'échelle d'agrégation ""quantAggScale"".",NA,2.0.0,2.0.0,added in V2.0.0,
frar2,fra,r2,R au carré,Valeur R-carré de la courbe d'étalonnage.,"Utilisé pour stocker des informations sur la courbe d'étalonnage, potentiellement applicable aussi pour d'autres types de courbes.",2.0.0,2.0.0,added in V2.0.0,
frar203m,fra,r203m,Gène cible de la variante delta r203m,Gène cible r203m  de la variante delta.,NA,2.0.0,2.0.0,added in V2.0.0,
frar346t,fra,r346t,Mutation R346T de FLiRT/SLip,La mutation R346T de la variante FLiRT/SLip.,NA,2.2.0,2.2.0,added in V2.2.0,
frarainDpcr,fra,rainDpcr,RCP digitale de raindance,Décrit une analyse de RCP effectuée à l'aide de la technologie de RCP numérique de Raindance.,NA,2.0.0,2.0.0,added in V2.0.0,
frarainy,fra,rainy,Pluvieux,"CatSetégorie qualitative pour la mesure météorologique, spécifiant un jour de pluie.",NA,2.0.0,2.0.0,"added in V2.0.0, github issue #124 and #204",
fraranSeq,fra,ranSeq,Méthode de sélection aléatoire pour le séquençage,Indique la méthode de sélection aléatoire pour le séquençage,Aucun ensemble d'amorces ne doit être utilisé si cette option est sélectionnée.,2.0.0,2.0.0,added in V2.0.0,
fraratio,fra,ratio,Facteur de dilution,Indique dans quelle mesure un échantillon ou une aliquote a été dilué avant l'analyse.,"Le facteur de dilution est indiqué comme une mesure sans unité, où une valeur de 10 indique une dilution de 10:1.",2.0.0,2.0.0,added in V2.0.0,
fraraws,fra,raws,Echantillon d'eaux usées brutes,Echantillon d'eaux usées brutes,NA,1.0.0,2.0.0,NA,
frarawWW,fra,rawWW,Eaux usées brutes,Eau usée brute,NA,1.0.0,2.0.0,NA,
frarawWWdown,fra,rawWWdown,Eaux usées brutes en aval d'un site,En aval d'un site. Voir partType = rawWWup.,NA,2.0.0,2.0.0,added in V2.0.0,
frarawWWup,fra,rawWWup,Eaux usées brutes en amont d'un site,"En amont d'un site. Utilisé lorsqu'il n'y a pas d'accès direct à l'inconjuctiion des eaux usées d'un site avec un échantillon en aval. Par exemple, si le site est une maison de soins de longue durée, mais qu'il n'y a pas d'accès à la sortie de nettoyage du bâtiment ou de la propriété. Utiliser deux échantillons, un en amont et un en aval.",NA,2.0.0,2.0.0,added in V2.0.0,
frardrpIP2,fra,rdrpIP2,IP2 rdrp cible de gène de SRAS-CoV-2,Gène cible IP2 rdrp de SRAS-CoV-2.,NA,2.0.0,2.0.0,added in V2.0.0,
frardrpIP4,fra,rdrpIP4,IP4 rdrp cible de gène de SRAS-CoV-2,Gène cible IP4 rdrp de SRAS-CoV-2.,NA,2.0.0,2.0.0,added in V2.0.0,
frarecDate,fra,recDate,Date de réception de l'échantillon,La date à laquelle l'échantillon a été reçu au laboratoire pour analyse.,NA,2.0.0,2.0.0,"added in V2.0.0, Update in line with Github Issue #211",
frarecov,fra,recov,Patients guéris,Unités pour décrire une mesure de population de patients qui ont guéri d'une maladie donnée.,Unité pour une mesure de population ou de maladie afin d'expliquer les effets cliniques au niveau de la population.,2.0.0,2.0.0,added in V2.0.0,
frarefLink,fra,refLink,Lien de référence,"Lien vers le matériel de référence d'une partie. Peut renvoyer à la documentation sur une méthode, une mesure, etc.","Lien vers le mode opératoire standard d'une mesure ou d'une partie. La référence de la pièce est une référence à un document technique qui décrit la partie en détail. La référence peut être une URL, un DOI ou une référence à un rapport technique.",1.0.0,2.0.0,"description wording, structure",
fraregular,fra,regular,Régulier,Une mesure ou un échantillon prélevé à des fins de surveillance ou d'épidémiologie.,"Une mesure ""régulière"" est la valeur par défaut. Les données manquantes seront recodées dans ce but.",2.0.0,2.0.0,added in V2.0.0,
fraregularReportTableSet,fra,regularReportTableSet,Tables des rapports réguliers,Tables utilisées pour la communication quotidienne de nouvelles mesures et d'informations sur la collecte d'échantillons.,NA,2.0.0,2.0.0,added in V2.0.0,
frarelationshipID,fra,relationshipID,Relation entre échantillions,Attribut permettant de spécifier la relation entre des échantillons associés.,Avec `sampleIDSub` et `relationshipID` une rangée donnée du `sampleRelationships` devrait dire : [sampleIDSubject] est un [relationshipID] de [sampleIDObject].,2.0.0,2.0.0,added in V2.0.0,
frarelDateEnd,fra,relDateEnd,Date de fin de la pertinence de la mesure,La date de fin de la période de pertinence d'une mesure - principalement pour les métriques temporelles pour les sites ou les polygones.,NA,2.3.0,2.3.0,added in V2.3.0,
frarelDateStart,fra,relDateStart,Date de début de la pertinence de la mesure,La date de début de la période de pertinence d'une mesure - principalement pour les métriques temporelles pour les sites ou les polygones.,NA,2.3.0,2.3.0,added in V2.3.0,
frarelHum,fra,relHum,Humidité relative,"Mesure de l'humidité relative, ou de la quantité de vapeur d'eau présente dans l'air par rapport à la saturation ; fait partie d'une série de mesures météorologiques qui peuvent être utiles lors de la collecte d'échantillons provenant de sources extérieures.",NA,2.0.0,2.0.0,"added in V2.0.0, github issue #124 and #204",
frarelHumidUnitSet,fra,relHumidUnitSet,Ensemble d'unités d'humidité relative,Ensemble d'unités pour les mesures d'humidité relative.,NA,2.0.0,2.0.0,added in V2.0.0,
frarelNR,fra,relNR,Relation non signalée,"ID de relation utilisé dans les tables de relations de l'ODM lorsque deux entités sont liées ou connectées d'une manière ou d'une autre, mais que la nature réelle de cette relation n'est pas claire ou n'est pas indiquée.",Ceci est principalement utilisé lors du mappage de données depuis d'autres formats de données où les relations de protocole (par exemple) ne rapportent pas de relations temporelles claires ou d'ordre aux étapes de méthode.,3.0.0,3.0.0,added in V3.0.0,
frarelSet,fra,relSet,Ensemble de relations générales,Définir les valeurs valides de relationshipID pour tous les champs et toutes les tables.,NA,2.2.3,2.2.3,added in v 2.2.3,
frarepGrab,fra,repGrab,Échantillon instantané représentatif,Un seul grand échantillon instantané représentatif.,"Déprécié dans la version 2, ne pas utiliser.",1.0.0,2.0.0,depreciated,
frareplicateSet,fra,replicateSet,Ensemble de catégories de type de réplicat,L'ensemble de catégories pour les valeurs du type de réplicat.,NA,2.0.0,2.0.0,added in V2.0.0,
frarepNum,fra,repNum,nombre de répliques,Le nombre de répétitions pour une valeur Ct ou Cq - utilisé pour spécifier une courbe standard dans un protocole.,NA,2.0.0,2.0.0,added in V2.0.0,
frarepOrg1,fra,repOrg1,Département ou région de santé publique,Le département ou la région de santé publique où se trouve le site ou l'institut. Voir également `healthRegion` s'il existe une autorité régionale de prestation de soins de santé distincte.,NA,1.1.0,2.0.0,"description wording, structure",
frarepOrg2,fra,repOrg2,Région de planification de la santé,L'autorité de planification de la santé où se trouve le site ou l'institut. Voir aussi `publicHealthDepartment`.,NA,1.1.0,2.0.0,"description wording, structure",
frareportable,fra,reportable,Indicateur de données à déclarer,"Indicateur permettant de déterminer si une mesure doit être rapportée ou non, basé sur la confiance dans la mesure et les méthodes qui sont appliquées.",NA,2.0.0,2.1.0,added in V2.0.0,
frareportDate,fra,reportDate,Date du rapport de mesure,La date à laquelle une mesure a été rapportée publiquement ou aux autorités sanitaires/système de surveillance.,NA,1.0.0,2.0.0,"description wording, structure",
frareporterIDDep,fra,reporterIDDep,ID du rapporteur,Identifiant unique pour la personne ou l'organisation responsable des données rapportées.,NA,1.1.0,2.0.0,changed to contactID,
frareportersDep,fra,reportersDep,Table de rapporteur,"La table qui contient de l'information sur le rapporteur d'un échantillon, d'une méthode, d'une mesure ou d'un attribut.",NA,1.0.0,2.0.0,depreciated,
frareportTableInput,fra,reportTableInput,Entrée de la table de rapport (table large),Le nom court de la table source répertoriée.,NA,2.2.0,2.2.0,added in V2.2.0,
frareportTableName,fra,reportTableName,Nom de la table d'états (table large),La table de rapport à partir de laquelle le nom large est appelé.,NA,2.2.0,2.2.0,added in V2.2.0,
frarepType,fra,repType,Type de réplicat,"Attribut d'un échantillon, spécifiant si l'échantillon est unique, ou une réplique. Et s'il s'agit d'une réplique, de quel type de réplique s'agit-il ?",NA,2.0.0,2.0.0,"added in V2.0.0, GitHub issue #94",
fraresCosca,fra,resCosca,Resuspendre la collection de filtres COSCa,Extraction d'acide nucléique par remise en suspension d'un échantillon prélevé selon la méthode de la balle COSCa.,Voir partID = cosca pour plus de détails.,2.0.0,2.0.0,added in V2.0.0,
fraresearch,fra,research,Secteur ou organisation de la recherche,Décrit les organisations qui se concentrent sur la production de recherche.,NA,2.2.0,2.2.0,added in V2.2.0,
frarestrict,fra,restrict,Données restreintes,Les données manquantes sont supprimées car leur accès est restreint.,Indicateur de valeur manquante pour les données qui ont été classées comme restreintes et non destinées au partage.,3.0.0,3.0.0,added in V3.0.0,
fraresults,fra,results,Classe de tables de résultats,Spécifie une classe pour les tables de rapport pour indiquer qu'ils sont des tables de résultats.,"Utilisé uniquement pour mieux spécifier l'objectif des tables de rapports, distincts des autres classes de cette manière.",2.0.0,2.0.0,added in V2.0.0,
fraresuspension,fra,resuspension,Méthode de remise en suspension,Décrit la méthode utilisée pour remettre le matériel en suspension.,NA,2.2.0,2.2.0,added in V2.2.0,
fraresusSet,fra,resusSet,Ensemble de méthodes de remise en suspension,L'ensemble décrit les valeurs catégorielles valides pour la méthode de remise en suspension.,NA,2.2.0,2.2.0,added in V2.2.0,
fraretainedElement,fra,retainedElement,Élément retenu,"L'élément retenu après centrifugation, filtration, séparation solide, etc.",NA,2.2.0,2.2.0,added in V2.2.0,
fraretElSet,fra,retElSet,Ensemble d'éléments retenus,L'ensemble permettant d'énumérer les valeurs valides possibles de la méthode de l'élément retenu.,NA,2.2.0,2.2.0,added in V2.2.0,
fraretPond,fra,retPond,Étang de rétention,Bassin de rétention.,NA,1.0.0,2.0.0,"description wording, structure",
frarickettsia,fra,rickettsia,Rickettsia,Rickettsia,NA,2.2.0,2.2.0,added in V2.2.0,
frarickettsiaGrp,fra,rickettsiaGrp,Groupe Rickettsia,Un groupe de mesures/méthodes relatives aux parasites ricketsia.,Utilisé pour décrire les informations sur l'organisme pour les mesures générales.,2.2.0,2.2.0,added in V2.2.0,
frariver,fra,river,"Rivière, plan d'eau naturel","Riviére, étendue d'eau naturelle.",NA,1.0.0,2.0.0,"description wording, structure",
frarna,fra,rna,Modèle d'ARN,La matrice d'acide ribonucléique (ARN) est utilisée pour les travaux de PCR ou de séquençage.,NA,2.0.0,2.0.0,added in V2.0.0,
frarnaseP,fra,rnaseP,Ribonucléase P (RNase P),Ribonucléase P (RNase P) (généralement mesuré en tant qu'indicateur fécal humain),NA,2.2.0,2.2.0,added in V2.2.0,
frarole,fra,role,Rôle du contact,Précise le rôle organisationnel d'un contact donné.,NA,2.0.0,2.0.0,added in V2.0.0,
frarotavirus,fra,rotavirus,Rotavirus,Rotavirus,NA,2.2.0,2.2.0,added in V2.2.0,
frarotavirusGrp,fra,rotavirusGrp,Groupe Rotavirus,Un groupe de mesures/méthodes relatives aux rotavirus.,Utilisé pour décrire les informations sur l'organisme pour les mesures générales.,2.2.0,2.2.0,added in V2.2.0,
frarP100,fra,rP100,"Taux pour 100,000",Unités pour décrire une mesure de population d'un taux d'incidence de cas pour 100 000 personnes d'une maladie donnée.,Unité pour une mesure de population ou de maladie afin d'expliquer les effets cliniques au niveau de la population.,2.0.0,2.0.0,added in V2.0.0,
frarpm,fra,rpm,Tours par minute (RPM),"RPM est l'abréviation de ""Revolutions par minute"". C'est ainsi que les fabricants de centrifugeuses décrivent généralement la vitesse à laquelle la centrifugeuse fonctionne. Le rotor, quelle que soit sa taille, tourne à cette vitesse.",NA,2.2.0,2.2.0,added in V2.2.0,
frarppw,fra,rppw,Eaux usées brutes après pasteurisation.,Eaux usées brutes après pasteurisation.,NA,1.0.0,2.0.0,NA,
frarsvAB,fra,rsvAB,Virus respiratoire syncytial A et B combinés,Virus respiratoire syncytial humain de type A (VRS A/RSVA) et de type B (VRS B/RSV B).,NA,2.1.0,2.1.3,added in V2.1.0,
frarsvAMe,fra,rsvAMe,Virus respiratoire syncytial A,Virus respiratoire syncytial (VRS) A.,NA,2.1.0,2.1.3,added in V2.1.0,
frarsvB,fra,rsvB,Virus respiratoire syncytial B,Virus respiratoire syncytial (VRS) B.,NA,2.1.0,2.1.3,added in V2.1.0,
frarsvGrp,fra,rsvGrp,Groupe du virus respiratoire syncytial,Indique un groupe de mesures/méthodes liées au virus respiratoire syncytial.,NA,2.0.0,2.1.2,added in V2.0.0,
frarsvMe,fra,rsvMe,Groupe du virus respiratoire syncytial,Indique un groupe de mesures/méthodes liées au virus respiratoire syncytial.,NA,2.0.0,2.1.2,added in V2.0.0,
frarsvN,fra,rsvN,N-gène du VRS,"Virus respiratoire syncytial humain, région du gène N.",NA,2.1.3,2.1.3,added in V2.1.3,
frart,fra,rt,reverse transcription,Décrit le cycle de transcription inverse dans un processus PCR.,NA,2.2.0,2.2.0,added in V2.2.0,
frarubella,fra,rubella,Rubéole,Rubéole,NA,2.2.0,2.2.0,added in V2.2.0,
frarubellaGrp,fra,rubellaGrp,Groupe Rubéole,Un groupe de mesures/méthodes relatives au virus de la rubéole.,Utilisé pour décrire les informations sur l'organisme pour les mesures générales.,2.2.0,2.2.0,added in V2.2.0,
fras2083i,fra,s2083i,Gène cible de la variante omicron s2083i,Gène cible s2083i de la variante omicron.,NA,2.0.0,2.0.0,added in V2.0.0,
fras371l,fra,s371l,Gène cible de la variante omicron s371l,Gène cible s371l de la variante omicron.,NA,2.0.0,2.0.0,added in V2.0.0,
fras373p,fra,s373p,Gène cible de la variante omicron s373p,Gène cible s373p de la variante omicron.,NA,2.0.0,2.0.0,added in V2.0.0,
fras375f,fra,s375f,Gène cible de la variante omicron s375f ,Gène cible s375f de la variante omicron.,NA,2.0.0,2.0.0,added in V2.0.0,
fras477n,fra,s477n,Gène cible de la variante omicron s477n ,Gène cible s477n  de la variante omicron.,NA,2.0.0,2.0.0,added in V2.0.0,
frasa,fra,sa,Échantillon,Mesure faite dans un échantillon d'eau usée.,NA,2.0.0,2.0.0,added in V2.0.0,
frasalmonella,fra,salmonella,Salmonelle,Salmonelle,NA,2.2.0,2.2.0,added in V2.2.0,
frasalmonellaGrp,fra,salmonellaGrp,Groupe Salmonelle,Un groupe de mesures/méthodes relatives aux bactéries salmonelles.,Utilisé pour décrire les informations sur l'organisme pour les mesures générales.,2.2.0,2.2.0,added in V2.2.0,
frasaMaterial,fra,saMaterial,Matériel d'échantillonnage,Type d'échantillon.,NA,1.0.0,2.0.0,description wording additional categories added (from NWSS),
frasamConc,fra,samConc,Concentré d'échantillon,Concentré d'échantillon,NA,1.0.0,2.0.0,NA,
frasampleID,fra,sampleID,ID de l'échantillon,Identifiant unique pour l'échantillon. Suggestion:siteID-date-index.,NA,1.1.0,2.0.0,"description wording, structure",
frasampleIDObject,fra,sampleIDObject,ID d'objet de l'échantillon,Rempli par `sampleID` - ceci spécifie l'objet d'une relation d'échantillon.,Utilisez `sampleID` pour ce champ. Avec `sampleIDSub` et `relationshipID` une rangée donnée du `sampleRelationships` devrait dire : [sampleIDSubject] est un [relationshipID] de [sampleIDObject].,2.0.0,2.0.0,added in V2.0.0,
frasampleIDSubject,fra,sampleIDSubject,ID de sujet de l'échantillon,Rempli par `sampleID` - ceci spécifie le sujet d'une relation entre échantillons.,Utilisez `sampleID` pour ce champ. Avec `sampleIDSub` et `relationshipID` une rangée donnée du `sampleRelationships` devrait dire : [sampleIDSubject] est un [relationshipID] de [sampleIDObject].,2.0.0,2.0.0,added in V2.0.0,
frasampleMatSet,fra,sampleMatSet,Ensemble de catégories de matériaux d'échantillon,Ensemble de catégories pour les types de matières qui peuvent être trouvées dans un échantillon.,NA,2.0.0,2.0.0,added in V2.0.0,
frasampleQualitySet,fra,sampleQualitySet,Ensemble de Qualité des Échantillons,Ensemble de qualité pour un échantillon.,NA,2.0.0,2.0.0,added in V2.0.0,
frasampleRelationships,fra,sampleRelationships,Table des relations d'échantillons,Table qui permettant d'enregistrer les relations entre les échantillons.,"Conçu spécifiquement pour saisir des informations sur les relations parents-enfants entre les échantillons, et permettre de suivre la lignée des échantillons pour les échantillons individuels et groupés.",2.0.0,2.0.0,added in V2.0.0,
frasampleRelationshipsID,fra,sampleRelationshipsID,ID synthétique pour la table sampleRelationships,Un identifiant unique et auto-incrémentiel généré pour produire un identifiant unique et une clé primaire pour chaque ligne de la table sampleRelationships.,NA,2.2.0,2.2.0,added in V2.2.0,
frasampleRelationshipsOrder,fra,sampleRelationshipsOrder,L’ordre des colonnes de la table des relations d'échantillons,Indique l’ordre des colonnes dans une table des relations d'échantillons.,NA,2.0.0,2.0.0,added in V2.0.0,
frasampleRelationshipsRequired,fra,sampleRelationshipsRequired,Exigences de la table des relations d'échantillons,Indique les colonnes requises dans une table des relations d'échantillons.,NA,2.0.0,2.0.0,added in V2.0.0,
frasampleRelSet,fra,sampleRelSet,Ensemble de relations d'échantillons,Ensemble de catégories pour les valeurs valides de relationshipID dans la table sampleRelationships.,À n'utiliser que pour la relation ID de la table sampleRelationships.,2.0.0,2.0.0,added in V2.0.0,
frasamples,fra,samples,Table de rapport de l'échantillon,La table qui contient de l'information sur un échantillon donné,NA,1.0.0,2.0.0,"Change name, structure",
frasampleShed,fra,sampleShed,Bassin d'échantillonnage,"Une zone géographique, un espace physique ou une structure. Un échantillon est prélevé dans un bassin d'échantillonnage pour une mesure représentative d'une ou plusieurs substances.","Exemples : Avion, maison de soins de longue durée, quartier, campus universitaire, municipalité.",2.0.0,2.0.0,added in V2.0.0,
frasamplesOrder,fra,samplesOrder,L’ordre des colonnes de la table d'échantillon,Indique l’ordre des colonnes dans une table d'échantillon.,NA,2.0.0,2.0.0,added in V2.0.0,
frasamplesRequired,fra,samplesRequired,Exigences de la table d'échantillon,Indique les colonnes requises dans une table d'échantillon.,NA,2.0.0,2.0.0,added in V2.0.0,
frasampleTypeOther,fra,sampleTypeOther,Collection autre,Description d'un autre type de méthode non répertorié dans la collection.,NA,1.0.0,2.0.0,description wording,
frasamVol,fra,samVol,Volume de l'échantillon,Le volume d'un échantillon donné.,NA,2.2.0,3.0.0,officially activate in v 3.0.0,
frasapovirus,fra,sapovirus,Sapovirus,Sapovirus,NA,2.2.0,2.2.0,added in V2.2.0,
frasapovirusGrp,fra,sapovirusGrp,Groupe des sapovirus,Un groupe de mesures/méthodes relatives aux sapovirus.,Utilisé pour décrire les informations sur l'organisme pour les mesures générales.,2.2.0,2.2.0,added in V2.2.0,
frasar,fra,sar,Raccourci du tableau des relations entre les échantillons,Nom abrégé utilisé pour référencer le Tableau permettant d'enregistrer les relations entre les échantillons.,table,2.2.2,2.2.2,added in V 2.2.2,
frasarsCov2,fra,sarsCov2,SRAS-CoV-2,Indique un groupe de mesures/méthodes liées au virus SRAS-CoV-2.,"Les mesures du SRAS-CoV-2 ont les classes suivantes : protéines, allèles, variants, mutations, maladies.",2.0.0,2.0.0,added in V2.0.0,
frasas,fra,sas,Raccourci du tableau des rapports d'échantillons,"Nom abrégé utilisé pour référencer le Tableau contenant des informations sur un échantillon. Un échantillon est défini comme un volume représentatif d'eaux usées (ou d'autres formes d'eau ou de liquide), d'air ou de surface prélevé sur un site.",table,2.2.2,2.2.2,added in V 2.2.2,
frasaSpecimenSet,fra,saSpecimenSet,Ensemble de spécimens d'échantillon,Un ensemble de spécimens qui comprend uniquement un spécimen d'échantillon.,NA,2.0.0,2.0.0,added in V2.0.0,
frasC,fra,sC,Couverture éparse,"Le séquençage présente une couverture éparse, c'est-à-dire que l'étendue numérique de la couverture est considérée comme adéquate, mais les graphiques de couverture révèlent des parties manquantes du génome.","S'il y a plusieurs problèmes à signaler, utilisez l'indicateur de problèmes multiples et expliquez les détails dans la section des notes.",2.0.0,2.0.0,added in V2.0.0,
frasce,fra,sce,Effluent secondaire du clarificateur,Effluent obtenu aprés un décanteur secondaire.,NA,1.0.0,2.0.0,"depreciated, used to be in site table.",
frascf,fra,scf,Fréquence de la courbe standard,"Méthode permettant de spécifier la fréquence d'utilisation d'une courbe standard (ou ""courbe maîtresse"").",NA,2.0.0,2.0.0,added in V2.0.0,
fraschool,fra,school,École,École.,NA,1.0.0,2.0.0,"description wording, structure",
frasciencellRNA,fra,sciencellRNA,Kit d'isolation de l'ARN viral sciencell,sciencell viral rna isolation kit,NA,2.2.0,2.2.0,added in V2.2.0,
frascriptSet,fra,scriptSet,Ensemble de catégories de script de séquençage,L'ensemble des catégories pour les versions de script ,NA,2.0.0,2.0.0,added in V2.0.0,
frascriptVersion,fra,scriptVersion,Version du script de séquençage génétique,"Utilisé pour spécifier le script ou la version du script utilisé pour extraire les informations sommaires (c'est-à-dire les statistiques de couverture et de fréquence de mutation, etc.) de la sortie du séquençage.",NA,2.0.0,2.0.0,added in V2.0.0,
frascsDep,fra,scsDep,Boues du clarificateur secondaire,Boue provenant d'un décanteur secondaire.,NA,1.0.0,2.0.0,"depreciated, site material like this now captured in sample table",
frasd,fra,sd,L'écart type,L'écart type.,NA,1.0.0,2.0.0,NA,
frasdn,fra,sdn,L'écart type normalisé,L'écart type normalisé.,NA,1.0.0,2.0.0,NA,
frase,fra,se,Raccourci du tableau de recherche des ensembles,"Nom abrégé utilisé pour référencer le Tableau de référence pour tous les ensembles, gérant la manière dont les entrées catégorielles pour diverses méthodes et attributs sont regroupées.",table,2.2.2,2.2.2,added in V 2.2.2,
frasea,fra,sea,"Mer, plan d'eau naturel","Mer, étendue d'eau naturelle.",NA,1.0.0,2.0.0,"description wording, structure. Maintained originl sample table entry from v1.",
fraseconds,fra,seconds,Secondes,"L'unité de temps, les secondes.",NA,2.2.0,2.2.0,added in V2.2.0,
fraseeUnitAggScale,fra,seeUnitAggScale,Voir unité (échelle d'agrégation),Une valeur pour l'échelle d'agrégation à utiliser lorsque l'échelle d'agrégation dépend de celle spécifiée dans l'entrée de la liste des parties pour l'unité. ,"Lorsque vous rencontrez cette valeur, voyez l'unité utilisée pour cette entrée et suivez cette entrée d'échelle d'agrégation.",2.0.0,2.0.0,added in V2.0.0,
fraseeUnitData,fra,seeUnitData,Voir unité (type de données),Le type de données de l'entrée lorsque le type de données pour une entrée donnée est spécifié par l'unité utilisée.,"Utilisé uniquement pour les mesures, pour lesquelles l'entrée du type de données est utilisée pour valider la valeur entrée dans le champ de valeur. Dans ces cas, cependant, le type de données dépend davantage de l'unité que de la mesure, et cette entrée invite donc les utilisateurs à consulter le type de données de l'unité.",2.0.0,2.0.0,added in V2.0.0,
fraseeUnitVal,fra,seeUnitVal,See unit (value),"Une valeur pour la valeur maximale ou minimale dans le dictionnaire, à utiliser lorsque la valeur maximale ou minimale est déterminée par l'unité. ",Utilisé pour les mesures lorsque les contraintes sur les valeurs maximales et minimales sont spécifiées par l'unité et non par la mesure.,2.0.0,2.0.0,added in V2.0.0,
frasEfflu,fra,sEfflu,Effluent du décanteur secondaire,Effluent obtenu aprés un décanteur secondaire.,NA,1.0.0,2.0.0,NA,
fraself,fra,self,Accès à soi,"Si ""Non"", la donnée ne sera pas accessible par le reporteur lui-méme. Si ""Oui"" ou laissé vide, la donnée leur sera accessible.",NA,1.0.0,2.0.0,depreciated,
frasentDate,fra,sentDate,Date d'envoi de l'échantillon,La date à laquelle l'échantillon a été envoyé pour être analysé dans un laboratoire.,NA,2.0.0,2.0.0,"added in V2.0.0, Update in line with Github Issue #211",
fraseptage,fra,septage,Eaux usées de la fosse septique ,Eaux usées de la fosse septique ,NA,1.0.0,2.0.0,NA,
fraseptTnk,fra,septTnk,Fosse septique,Fosse septique.,NA,1.0.0,2.0.0,"description wording, structure",
fraseqContam,fra,seqContam,Séquence contaminée,La séquence est contaminée.,NA,2.3.0,2.3.0,added in v 2.3.0,
fraseqLay,fra,seqLay,Disposition du séquençage,La disposition du matériel génétique utilisé dans le séquençage,NA,2.0.0,2.0.0,added in V2.0.0,
fraseqLaySet,fra,seqLaySet,Ensemble de catégories pour la disposition du séquençage,Ensemble de catégories pour la disposition du matériel génétique utilisé dans le séquençage.,NA,2.0.0,2.0.0,added in V2.0.0,
fraseqQualitySet,fra,seqQualitySet,Ensemble de qualité de séquençage,Ensemble d'indicateurs de qualité pour le séquençage,NA,2.0.0,2.0.0,added in V2.0.0,
fraseqSel,fra,seqSel,Méthode de sélection du séquençage,la méthode de sélection des séquences d'amorces utilisée pour le séquençage,NA,2.0.0,2.0.0,added in V2.0.0,
fraseqSelSet,fra,seqSelSet,Ensemble de catégories pour la méthode de sélection du séquençage,Ensemble de catégories pour la méthode de sélection utilisée dans le séquençage,NA,2.0.0,2.0.0,added in V2.0.0,
fraseqStrat,fra,seqStrat,Stratégie de séquençage,La stratégie de séquençage utilisée pour une analyse,NA,2.0.0,2.0.0,added in V2.0.0,
fraseqStratSet,fra,seqStratSet,Ensemble de catégories de stratégie de séquençage,Ensemble de catégories pour la stratégie de séquençage utilisée pour une analyse.,NA,2.0.0,2.0.0,added in V2.0.0,
frasequence,fra,sequence,Classe de séquençage génétique,Spécifie une collection de mesures/méthodes liées au séquençage génétique.,NA,2.0.0,2.0.0,added in V2.0.0,
fraserDil,fra,serDil,serial dillution,Décrit un processus de dilution en série pour la génération d'une courbe standard pour la PCR.,NA,2.2.0,2.2.0,added in V2.2.0,
fraserialDilution,fra,serialDilution,Dilution en série,La méthode de dilution en série pour évaluer l'inhibition.,NA,2.0.0,2.0.0,added in V2.0.0,
fraseseDep,fra,seseDep,Sédiments d'égouts,Sédiments provenant des égouts.,NA,1.0.0,2.0.0,"depreciated, site material like this now captured in sample table",
frasetCompID,fra,setCompID,Identifiant de l'ensemble composite,ID composite généré en concaténant les « setID » et « partID » d'une ligne donnée dans le tableau des ensembles. Cela permet d'obtenir une clé primaire unique et une structure de base de données relationnelle robuste.,NA,2.2.2,2.2.2,added in V 2.2.2,
frasetID,fra,setID,ID de l'ensemble,Le nom d'un ensemble de valeurs.,"Un ensemble est un groupe d'unités, d'attributs, de catégories, de spécimens ou de compartiments qui peuvent être utilisés pour une mesure, une méthode ou un attribut.",2.0.0,2.0.0,added in V2.0.0,
frasets,fra,sets,Table de recherche des ensembles,"Table de recherche pour tous les ensembles, gérant la manière dont les entrées catégorielles pour les différentes méthodes et attributs sont regroupées.","Cette table gère les relations de type ""many-to-many"" et le recyclage des catégories au sein de l'ODM.",2.0.0,2.0.0,"reformatted to sets from ""look-up""",
frasetsOrder,fra,setsOrder,Ordre des colonnes du tableau d'ensembles,Spécifie l'ordre des colonnes dans le table d'ensembles.,NA,2.0.0,2.0.0,added in V2.0.0,
frasetsRequired,fra,setsRequired,Définit les en-têtes requis pour le table d'ensembles,En-têtes obligatoires dans le tableau des ensembles.,NA,2.0.0,2.0.0,added in V2.0.0,
frasettsol,fra,settsol,Solides sédimentés,Quantité de solides sédimentés provenant d'un échantillon d'eaux usées.,"Il peut s'agir d'un volume ou d'un poids, voir l'unitID pour une ligne de mesure donnée pour plus de détails sur un échantillon donné.",2.0.0,2.0.0,added in V2.0.0,
frasetType,fra,setType,Type d'ensemble,"Le type d'ensemble. Par exemple, ensemble de qualité, ensemble d'agrégation, ensemble d'unités.",NA,2.0.0,2.0.0,NA,
fraseverity,fra,severity,Indicateur de sévérité,Un indicateur de la sévérité ou de la gravité d'un indicateur de qualité.,NA,2.0.0,2.0.0,added in V2.0.0,
frasevSet,fra,sevSet,Ensemble de catégories de sévérité,Un ensemble de catégories pour les indicateurs de gravité.,NA,2.0.0,2.0.0,added in V2.0.0,
frasewEq,fra,sewEq,Équivalent des eaux usées,Volume équivalent non concentré d'eaux usées ou masse de boues dans la réaction PCR.,NA,2.2.0,2.2.0,added in V2.2.0,
frasewerNetworkFileBLOB,fra,sewerNetworkFileBLOB,Lien vers le fichier du réseau d'égouts,Un fichier contenant toute information additionnelle au sujet du réseau d'égouts associé é ce site d'échantillonnage (tous les formats sont acceptés).,NA,1.0.0,2.0.0,depreciated,
frasewTrTi,fra,sewTrTi,Temps de parcours des eaux usées,"Mesure du temps de parcours des eaux usées, souvent approximatif, entre la source des eaux usées et le site d'échantillonnage.",NA,2.2.0,2.2.0,added in V2.2.0,
frashaker,fra,shaker,Vitesse d'agitation de l'agitateur,La vitesse/le niveau d'agitation d'une plaque d'agitation/plate-forme d'agitation.,NA,2.2.0,2.2.0,added in V2.2.0,
frashedSet,fra,shedSet,Ensemble de catégories pour le bassin d'échantillonnage,L'ensemble de catégories contenant toutes les valeurs valides de sampleshed.,NA,2.0.0,2.0.0,added in V2.0.0,
frashigella,fra,shigella,Shigella,Shigella,NA,2.2.0,2.2.0,added in V2.2.0,
frashigellaGrp,fra,shigellaGrp,Groupe Shigella,Un groupe de mesures/méthodes relatives aux bactéries shigella.,Utilisé pour décrire les informations sur l'organisme pour les mesures générales.,2.2.0,2.2.0,added in V2.2.0,
fraship,fra,ship,Navire,Un bateau de croisière ou un autre navire.,NA,2.0.0,2.0.0,added in V2.0.0,
frashipOnIce,fra,shipOnIce,Transporté sur glace,L'échantillon a-t-il été gardé au froid lors du transport vers le laboratoire?,NA,1.0.0,2.0.0,added in V2.0.0,
frashortName,fra,shortName,Noms courts,Noms raccourcis pour les tables et autres parties importantes à utiliser dans les noms larges.,NA,2.0.0,2.0.0,added in V2.0.0,
frashortRead,fra,shortRead,Longueurs de lecture plus courtes que prévu,Les longueurs de lecture sont plus courtes que prévu.,NA,2.3.0,2.3.0,added in v 2.3.0,
frashortSets,fra,shortSets,Type d'ensemble des raccourcis/noms courts,Des ensembles utilisés pour regrouper les noms courts des tables ou des types de parties dans l'ODM.,NA,3.0.0,3.0.0,added in V3.0.0,
frashrtNameSet,fra,shrtNameSet,Ensemble des raccourcis,"Nom abrégé utilisé pour référencer la table contenant des informations sur les adresses. Les adresses peuvent être enregistrées pour des sites, des organisations ou des contacts (individus).",NA,2.2.2,2.2.2,added in V 2.2.2,
frasi,fra,si,Raccourci du tableau des sites,"Nom abrégé utilisé pour référencer la table contenant des informations sur un site, c'est-à-dire l'endroit où un échantillon environnemental a été prélevé.",table,2.2.2,2.2.2,added in V 2.2.2,
frasin,fra,sin,Seul,"La valeur n'a subi aucune agrégation (donc, la valeur n'est pas une moyenne, un maximum, etc.). La valeur peut étre un réplica.",NA,1.0.0,2.0.0,NA,
frasinLay,fra,sinLay,Disposition simple,Indique la disposition simple pour une méthode de séquençage.,NA,2.0.0,2.0.0,added in V2.0.0,
frasinProbeOne,fra,sinProbeOne,"RT-qPCR en une étape, basée sur des sondes, Singleplex","Décrit une méthode PCR simple, basée sur des sondes et une RT-qPCR en une étape.",NA,2.2.0,2.2.0,added in V2.2.0,
frasiSaSpecimenSet,fra,siSaSpecimenSet,Ensemble de spécimens de site ou d'échantillon,Un ensemble de spécimens qui comprend un spécimen de site ou d'échantillon.,NA,2.0.0,2.0.0,added in V2.0.0,
frasiSpecimenSet,fra,siSpecimenSet,Ensemble de spécimens de sites,Un ensemble de spécimens qui ne comprend qu'un spécimen de site.,NA,2.0.0,2.0.0,added in V2.0.0,
frasit,fra,sit,Site,Mesure d'eau usée passant à travers un site,NA,2.0.0,2.0.0,added in V2.0.0,
frasiteDef,fra,siteDef,ID du site par défaut,"Identifiant de Site utilisé par défaut quand un nouvel échantillon est créé par ce reporteur. Se référer é la colonne ""siteID"" dans la table ""Site""",NA,1.0.0,2.0.0,depreciated,
frasiteFeat,fra,siteFeat,Groupe de caractéristiques du site,Un groupe de mesures/méthodes environnementales et celles qui se rapportent aux caractéristiques d'un site.,NA,2.0.0,2.0.0,added in V2.0.0,
frasiteID,fra,siteID,ID du site,Identifiant unique pour l'échantillon. Suggestion:siteID-date-index.,NA,1.0.0,2.0.0,"description wording, structure",
frasiteMeasureID,fra,siteMeasureID,ID de la mesure du site,Identifiant unique utilisé dans la table horizontale seulement. Utiliser quand toutes les mesures sont effectuées sur le méme échantillon.,NA,1.0.0,2.0.0,depreciated,
frasites,fra,sites,Table de site,La table qui contient de l'information sur un site ; l'endroit où un échantillon environnemental a été prélevé.,Le site d'un échantillon eviromental. Les informations contenues dans la table site ne changent pas régulièrement. Envisagez d'utiliser la table MeasureReport si les informations changent souvent. ,1.0.0,2.0.0,"description wording, structure",
frasitesOrder,fra,sitesOrder,L’ordre des colonnes de la table de sites,Indique l’ordre des colonnes dans une table de sites.,NA,2.0.0,2.0.0,added in V2.0.0,
frasitesRequired,fra,sitesRequired,Exigences de la table de sites,Indique les colonnes requises dans une table de sites.,NA,2.0.0,2.0.0,added in V2.0.0,
frasiteType,fra,siteType,Type de site,Type de site ou d'institution du site d'échantillonnage.,NA,1.0.0,2.0.0,"description wording, structure",
frasiteTypeSet,fra,siteTypeSet,Ensemble de catégories de sites,Ensemble de catégories pour le type de site d'échantillonnage.,NA,2.0.0,2.0.0,added in V2.0.0,
fraskimMilkFloc,fra,skimMilkFloc,Floculation du lait écrémé,Floculation du lait écrémé,NA,2.0.0,2.0.0,added in V2.0.0,
fraslod,fra,slod,Sample Limit of Detection (LOD),"Le niveau minimum d'une cible dans un échantillon qui serait détectable de façon constante en tenant compte de toutes les étapes de traitement de l'échantillon, depuis la concentration de l'échantillon jusqu'aux étapes d'amplification et de quantification de la RT-qPCR, y compris ces dernières. Dans ce protocole, la SLOD est la ALOD ajustée au facteur de concentration, qui fournit une estimation théorique de la concentration minimale dans l'échantillon original qui permettrait une détection constante de la cible, en supposant qu'il n'y ait pas de perte de méthode.",NA,2.2.0,3.0.0,changed quality indicator set from general to measure.,
fraslope,fra,slope,pente,Valeur de la pente de la courbe d'étalonnage.,"Utilisé pour stocker des informations sur la courbe d'étalonnage, potentiellement applicable aussi pour d'autres types de courbes.",2.0.0,2.0.0,added in V2.0.0,
frasnfl,fra,snfl,Lien vers le fichier du réseau d'égouts,Lien vers un fichier contenant toute information additionnelle au sujet du réseau d'égouts associé é ce site d'échantillonnage (tous les formats sont acceptés).,NA,1.0.0,2.0.0,depreciated,
frasnowy,fra,snowy,Neigeux,"CatSetégorie qualitative pour la mesure météorologique, spécifiant un jour de neige.",NA,2.0.0,2.0.0,"added in V2.0.0, github issue #124 and #204",
frasol,fra,sol,Fraction solide,Fraction solide.,NA,1.0.0,2.0.0,"description wording, structure",
frasolDry,fra,solDry,Fraction solide (sèche),"Fraction solide d'un échantillon - le matériau sec est analysé, par séchage, cuisson, etc. des boues ou autres solides.",NA,2.3.0,2.3.0,added in v2.3.0 for mapping support,
frasolid,fra,solid,Solides/Pellets retenus,Les solides ou le culot sont retenus après la séparation/centrifugation des solides.,NA,2.2.0,2.2.0,added in V2.2.0,
frasolidSep,fra,solidSep,Séparation des solides,"Le procès utilisé pour séparer les phases solides et liquides de l'échantillon, soit avant, soit en l'absence de la méthode de concentration spécifiée dans ""methodConc"".",NA,2.0.0,2.0.0,added in V2.0.0,
frasolidSeparationSet,fra,solidSeparationSet,Ensemble de catégories de séparation des solides,Ensemble de catégories pour la séparation des solides.,NA,2.0.0,2.0.0,added in V2.0.0,
frasolWet,fra,solWet,Fraction solide (humide),"Fraction solide d'un échantillon - le matériau humide est analysé, et non séché. Ex. Boues.",NA,2.3.0,2.3.0,added in v2.3.0 for mapping support,
frasource,fra,source,Source du nom large,La base de données ou la table à l'origine du nom large.,NA,2.2.0,2.2.0,added in V2.2.0,
frasourceProtocol,fra,sourceProtocol,Source du protocole,Utilisé pour indiquer le protocole qui a servi de référence ou de base pour le protocole actuel.,Remplir avec protocolID.,2.0.0,2.0.0,added in V2.0.0,
frasourceStep,fra,sourceStep,Source de l'étape du protocole,Spécifie l'étape de protocole qui sert de base à une étape de protocole.,Remplir avec un ID d'étape de protocole (stepID),2.0.0,2.0.0,added in V2.0.0,
frasovereignty,fra,sovereignty,Statut souverain d'un pays,"Statut de souveraineté d'un pays, indiquant quel État a la plus haute juridiction sur un territoire donné.","Préprogrammés dans les tables du dictionnaire, ils ne sont pas modifiables par les utilisateurs.",2.1.0,2.1.0,added in V2.1.0,
fraspecHum,fra,specHum,Humidité specifique,"Mesure d'humidité spécifique, l'unité est le rapport entre la masse de la vapeur d'eau et la masse de l'air total.",NA,2.0.0,2.0.0,added in V2.0.0,
fraspecHumidUnitSet,fra,specHumidUnitSet,Ensemble d'unités d'humidité spécifique,Ensemble d'unités pour les mesures d'humidité spécifique.,NA,2.0.0,2.0.0,added in V2.0.0,
fraspecifies,fra,specifies,Spécifie,Indique que l'objet étape ou protocole spécifie les détails du sujet étape ou protocole dans le conteneur de protocole global.,À n'utiliser que pour la relation ID de la table protocolRelationships table relationshipID.,2.0.0,2.0.0,added in V2.0.0,
fraspecimen,fra,specimen,ID du spécimen,La substance ou la chose sur laquelle l'observation a été faite.,"Les spécimens comprennent : site, échantillon, personne et population.",2.0.0,2.0.0,added in V2.0.0,
fraspecimenInput,fra,specimenInput,Entrée spécimen (table large),Le partID du spécimen utilisé dans un nom large.,NA,2.2.0,2.2.0,added in V2.2.0,
fraspecimenName,fra,specimenName,Nom de l'échantillon (tableau large),Le spécimen référencé pour le nom large.,NA,2.2.0,2.2.0,added in V2.2.0,
fraspecimens,fra,specimens,Type de partie du spécimen,La substance sur laquelle l'observation a été faite.,Voir partID = specimentID,2.0.0,2.0.0,added in V2.0.0,
fraspecimenSet,fra,specimenSet,En-tête de l'ensemble d'échantillons,Identification d'un ensemble de spécimens pouvant être utilisés pour une mesure ou une méthode.,NA,2.2.2,2.2.2,added in 2.2.2,
fraspecimenSets,fra,specimenSets,Ensemble de spécimens,L'ensemble des spécimens valides qui s'appliquent à une partie donnée.,NA,2.0.0,2.0.0,added in V2.0.0,
fraspeed,fra,speed,Classe de vitesse,Measures and methods relating to speed.,NA,2.0.0,2.0.0,added in V2.0.0,
fraspeedUnitSet,fra,speedUnitSet,Ensemble d'unités de vitesse,"Unité définie pour la déclaration des vitesses (vitesse de centrifugation, etc.)",NA,2.2.0,2.2.0,added in V2.2.0,
fraspike,fra,spike,Matrice d'ensemencement et récupération,Méthode d'évaluation de l'inhibition par matrice d'ensemencement et récupération.,NA,2.0.0,2.0.0,added in V2.0.0,
fraspikeConc,fra,spikeConc,Concentration du pic,Concentration de la cible dans les contrôles de récupération de la matrice (le contrôle de processus).,NA,2.2.0,2.2.0,added in V2.2.0,
fraspikeMat,fra,spikeMat,Objectif de contrôle de l'efficacité de la récupération,rec_eff_spike_matrix,NA,1.0.0,2.0.0,description wording,
fraspikeMatSet,fra,spikeMatSet,Ensemble de catégories pour matrice enrichie,L'ensemble de catégorie pour spikeMat (matrices dans lesquelles la cible de contrôle de l'efficacité de la récupération est injectée).,NA,2.0.0,2.0.0,added in V2.0.0,
fraspikeTarget,fra,spikeTarget,Efficacité de la récupération de la matrice enrichie,Méthode spécifiant la cible de contrôle de l'efficacité de récupération. Elle correspond à l'ID de la méthode de la matrice enrichie.,Devrait typiquement être indexé comme une étape procédant à l'étape spikeMaterial methodID.,2.0.0,2.0.0,added in V2.0.0,
fraspikeTargetSet,fra,spikeTargetSet,Ensemble de catégories pour l'efficacité de la récupération de la matiére enrichie,L'ensemble de catégories contenant toutes les catégories valides pour la cible de contrôle de l'efficacité de la récupération (ou de matrice enrichie).,NA,2.0.0,2.0.0,added in V2.0.0,
fraspill,fra,spill,Échantillon renversé,Le contenu de l'échantillon s'est déversé du récipient.,NA,2.0.0,2.0.0,added in V2.0.0,
frasSludge,fra,sSludge,Boues du décanteur secondaire,Boue provenant d'un décanteur secondaire.,NA,1.0.0,2.0.0,NA,
frasss,fra,sss,refuge,Autre type d'hébergement des services sociaux,NA,2.0.0,2.0.0,added in V2.0.0,
frastabPnd,fra,stabPnd,Étang de stabilisation,Spécifie un type de site qui est un bassin conçu et construit pour le traitement des eaux usées afin de réduire le contenu organique et d'éliminer les agents pathogènes des eaux usées.,NA,1.0.0,2.0.0,"description wording, structure",
frastandardConc,fra,standardConc,Classe de concentration standard,Spécifie une collection de mesures/méthodes liées aux concentrations standard.,NA,2.0.0,2.0.0,added in V2.0.0,
frastandardCurve,fra,standardCurve,Classe de courbe standard,Mesures et méthodes relatives à la génération ou à l'enregistrement d'une courbe standard.,NA,2.0.0,2.0.0,added in V2.0.0,
frastaphGrp,fra,staphGrp,Groupe Staphylococcus,Un groupe de mesures/méthodes relatives aux bactéries staphylocoques.,Utilisé pour décrire les informations sur l'organisme pour les mesures générales.,2.2.0,2.2.0,added in V2.2.0,
frastateProvLevel,fra,stateProvLevel,"Départements, États ou provinces","Départements, États ou provinces",NA,2.0.0,3.0.0,"Reactivated as organization level and sector categorical inputs, rather than attributes.",
frastateProvReg,fra,stateProvReg,"État, province ou région","L'état, la province ou la région où se trouve un site ou une organisation ; partie de l'adresse.",NA,1.0.0,2.0.0,"description wording, structure",
frastatus,fra,status,Statut,"Indique si la partie est toujours active et peut être utilisée dans la version la plus récente de l'ODM. Les valeurs sont ""actif"" ou ""inactif"".",NA,1.0.0,2.0.0,added in V2.0.0,
frastatusSet,fra,statusSet,Ensemble de catégories de statut,Un ensemble de catégories pour partID = status pour indiquer si une partie est en cours d'utilisation ou non.,NA,2.0.0,2.0.0,added in V2.0.0,
frastdConcentrationUnitSet,fra,stdConcentrationUnitSet,Ensemble d'unités de concentration standard,Ensemble d'unités pour les mesures de concentration.,NA,2.0.0,2.0.0,added in V2.0.0,
frastdCurveMet,fra,stdCurveMet,Standard Curve Calculation Method,Décrit l'approche spécifique utilisée pour le calcul d'une courbe standard.,NA,2.2.0,2.2.0,added in V2.2.0,
frastdCurveSet,fra,stdCurveSet,Ensemble de calcul de la courbe standard,L'ensemble contenant toutes les méthodes valides pour les calculs de la courbe standard de la PCR.,NA,2.2.0,2.2.0,added in V2.2.0,
frastec,fra,stec,Escheria coli producteur de shiga-toxine (STEC),Escheria coli producteur de shiga-toxine (STEC).,NA,2.1.0,2.1.0,added in V2.1.0,
frasTemp,fra,sTemp,Température de stockage de l'échantillon en degrés Celsius,Température à laquelle l'échantillon est stocké en Celsius.,NA,1.0.0,2.0.0,NA,
frastepID,fra,stepID,ID de l'étape du protocole,L'identifiant unique pour une étape de méthode spécifique.,"Les étapes de la méthode sont les éléments constitutifs d'un ensemble de méthodes plus vaste, ces dernières étant liées à des rapports de mesure spécifiques.",2.0.0,2.0.0,added in V2.0.0,
frastepIDObj,fra,stepIDObj,Index de l'étape de la méthode,"Spécifie l'index d'une étape de méthode dans un ensemble de méthodes, c'est-à-dire l'ordre des étapes dans un ensemble.","Remplissez ce champ en utilisant l'ID d'étape du protocole (partID = stepID). Avec `protocolIDSub` ou `stepIDSub` et `relationshipID`, la relation de protocole est définie comme suit : [protocolIDSubject ou stepIDSubject] [relationshipID] [protocolIDObject ou stepIDObject]. Ex : stepIDSubject précède protocolIDObject.",2.0.0,2.0.0,added in V2.0.0,
frastepIDSub,fra,stepIDSub,Step ID Subject,"Le sujet de la relation entre une étape du protocole et une autre étape ou un protocole, dans un conteneur d'ID de protocole.","Remplissez ce champ en utilisant l'ID d'étape du protocole (partID = stepID). Avec `protocolIDObj` ou `stepIDObj` et `relationshipID`, la relation de protocole est définie comme suit : [protocolIDSubject ou stepIDSubject] [relationshipID] [protocolIDObject ou stepIDObject]. Ex : stepIDSubject précède protocolIDObject.",2.0.0,2.0.0,added in V2.0.0,
frastepProvenanceID,fra,stepProvenanceID,ID parentale de l'étape de la méthode,"Une étape de méthode qui a servi de base à une autre étape de méthode. Cela peut être dû à des changements de version, ou à la référence à un ensemble de méthodes qui a été adapté par la suite.",NA,2.0.0,2.0.0,added in V2.0.0,
frastepVer,fra,stepVer,Version de l’étape du protocole,Spécifie la version de l'étape de la méthode.,Version de la méthode d'analyse. Un versionnement de type sémantique est recommandé.,1.0.0,2.0.0,"description wording, structure",
frastEr,fra,stEr,Erreur standard,L'erreur standard d'une série de mesures.,NA,2.2.0,2.2.0,added in V2.2.0,
frastercobilin,fra,stercobilin,Stercobiline,La stercobiline est un pigment biliaire tétrapyrrolique et l'un des produits finaux du catabolisme de l'hème. C'est le composé chimique responsable de la couleur brune des matières fécales humaines. Elle a été isolée pour la première fois à partir de matières fécales en 1932.,NA,2.2.0,2.2.0,added in V2.2.0,
frastorTempDef,fra,storTempDef,température de stockage de l'échantillion,"Tempéraure de stockage par défaut quand un nouvel échantillon est créé pour ce site. Se référer é la colonne ""storageTempC"" dans la table ""Sample""",NA,1.0.0,2.0.0,depreciated,
frastoTim,fra,stoTim,Temps de stockage,Durée pendant laquelle un échantillon a été stocké.,NA,2.0.0,2.0.0,added in V2.0.0,
frastrepGrp,fra,strepGrp,Groupe des streptocoques,Un groupe de mesures/méthodes relatives aux bactéries streptocoques.,Utilisé pour décrire les informations sur l'organisme pour les mesures générales.,2.2.0,2.2.0,added in V2.2.0,
frastrepPneu,fra,strepPneu,Streptococcus pneumoniae,Streptococcus pneumoniae,NA,2.2.0,2.2.0,added in V2.2.0,
frasu,fra,su,Raccourci du feuillet de synthèse,Nom abrégé utilisé pour référencer la feuille de synthèse du fichier dictionary.xlxs.,feuille d'appuie ,2.2.2,3.0.0,depreciated in version 3,
frasubVar,fra,subVar,Sous-variante ou lignée,"Unité utilisée pour signaler une lignée génétique spécifique, ou pour préciser qu'une variante signalée est une sous-variante d'une autre.","A utiliser en combinaison avec un ID de mesure de variante pour spécifier la filiation ; ex : measureID = Omicron, valeur = BA.2, unité = subvar",2.0.0,2.0.0,"added in V2.0.0, github issue #120",
frasuc,fra,suc,Sucralose,Sucralose (habituellement mesuré en tant qu'indicateur chimique fécal humain),NA,2.2.0,2.2.0,added in V2.2.0,
frasum14,fra,sum14,Somme mobile des 14 derniers jours,La somme mobile du nombre de cas ou d'un certain type de comptage au cours des 14 jours précédents.,Agrégation pour une mesure de population ou de maladie afin d'expliquer les effets cliniques au niveau de la population.,2.2.0,2.2.0,added in V2.2.0,
frasumm,fra,summ,Résumé,Bréve description de la méthode d'analyse et de comment celle-ci différe d'autres méthodes.,NA,1.0.0,2.0.0,"description wording, structure",
frasummary,fra,summary,Résumé de la feuille de travail,Fiche de synthèse du fichier dictionnaire.xlxs.,La fiche de synthèse contient le versioning et le changelog.,2.0.0,2.0.0,added in V2.0.0,
frasunny,fra,sunny,Ensoleillé,"CatSetégorie qualitative pour la mesure météorologique, spécifiant une journée claire et ensoleillée.",NA,2.0.0,2.0.0,"added in V2.0.0, github issue #124 and #204",
frasurf,fra,surf,Surface,Une mesure ou une observation faite à partir d'une substance sur une surface.,NA,2.0.0,2.0.0,added in V2.0.0,
frasurface,fra,surface,Autre surface,Surface autre que le sol ou le bureau.,Voir aussi les catégories pour le sol et le bureau. ,2.0.0,2.0.0,added in V2.0.0,
frasurfaceCompartmentSet,fra,surfaceCompartmentSet,Ensemble de compartiments de surface,Un ensemble de compartiments pour les mesures et les méthodes dans le compartiment de la surface.,NA,2.0.0,2.0.0,added in V2.0.0,
frasurfaceWaterCompartmentSet,fra,surfaceWaterCompartmentSet,Ensemble de compartiments d’eau et de surface.,Un ensemble de compartiments pour les mesures et les méthodes dans les compartiments de la surface ou de l'eau.,NA,2.0.0,2.0.0,added in V2.0.0,
frasurfSw,fra,surfSw,Écouvillon de surface,Écouvillon de surface.,NA,2.0.0,2.0.0,added in V2.0.0,
fraswgTrck,fra,swgTrck,Camion à eaux usées,Camion de vidange.,NA,1.0.0,2.0.0,"description wording, structure",
fraswrSed,fra,swrSed,Sédiment d’égout,Sédiments provenant des égouts.,NA,1.0.0,2.0.0,NA,
fraswrSet,fra,swrSet,Zone de captage d'un réseau d'égout,Zone de captage d'un réseau d'égout,NA,1.0.0,2.0.0,Name Change (from Polygon Type),
frasynthetic,fra,synthetic,Échantillon synthétique,Un échantillon synthétique ou généré artificiellement.,"Les échantillons synthétiques sont créés artificiellement en mélangeant des quantités connues de substances ou d'organismes cibles avec de l'eau propre, souvent en laboratoire. Ces échantillons sont utilisés comme contrôles, points de référence ou normes d'étalonnage au cours du processus d'analyse afin de garantir des résultats précis et fiables. Par exemple, un échantillon synthétique contenant une concentration connue d'un polluant spécifique peut être utilisé pour calibrer l'équipement analytique ou pour tester l'efficacité d'une nouvelle méthode de détection.",2.0.0,2.0.0,"added in V2.0.0, GitHub issue #94",
frat19r,fra,t19r,Gène cible de la variante delta t19r,Gène cible t19r de la variante delta.,NA,2.0.0,2.0.0,added in V2.0.0,
frat3646a,fra,t3646a,Gène cible de la variante delta t3646a,Gène cible t3646a de la variante delta.,NA,2.0.0,2.0.0,added in V2.0.0,
frat547k,fra,t547k,Gène cible de la variante omicron t547k,Gène cible t547k de la variante omicron.,NA,2.0.0,2.0.0,added in V2.0.0,
frat9i,fra,t9i,Gène cible de la variante omicron t9i,Gène cible t9i de la variante omicron.,NA,2.0.0,2.0.0,added in V2.0.0,
fratables,fra,tables,Type de partie de tables,"Le type de partie pour les tables, qui stockent les enregistrements de mesures, de méthodes et d'attributs pour faciliter la création de rapports.","Un exemple de table est `site`, une collection d'attributs tels que le nom et l'adresse du site pour décrire l'endroit où les échantillons environnementaux sont prélevés. PHES-ODM dispose de tables de rapport, mais les utilisateurs peuvent également créer leurs propres tables.",2.0.0,2.0.0,added in V2.0.0,
fratableSet,fra,tableSet,Ensemble de catégories de colonnes de table,L'ensemble des catégories pour les entrées valides dans les colonnes des tableaux.,Ces catégories sont utilisées dans la liste des parties pour des colonnes portant le nom de tables afin d'indiquer la position et la fonction d'une partie donnée dans le diagramme entité-relation du modèle de données.,2.0.0,2.0.0,added in V2.0.0,
fratableSupport,fra,tableSupport,Assistance aux tables,Parties conçues pour prendre en charge la définition des métadonnées des tables dans la table des parties.,NA,2.0.0,2.0.0,added in V2.0.0,
frataqpatN,fra,taqpatN,Gène cible de SRAS-CoV-2 TaqPath N,Gène cible TaqPath N de SRAS-CoV-2.,NA,2.0.0,2.0.0,added in V2.0.0,
frataqpatS,fra,taqpatS,Gène cible de SRAS-CoV-2 TaqPath S,Gène cible TaqPath N de SRAS-CoV-2.,NA,2.0.0,2.0.0,added in V2.0.0,
fratemp,fra,temp,Température d'eau,"la température de l'échantillon au moment oé la mesure est prise, souvent é son arrivée au laboratoire.",NA,1.0.0,2.0.0,"description wording, structure",
fratemperature,fra,temperature,Classe de température.,Spécifie un ensemble de mesures/méthodes liées à la température.,NA,2.0.0,2.0.0,added in V2.0.0,
fratemperatureUnitSet,fra,temperatureUnitSet,Ensemble d'unités de température,Ensemble d'unités pour les mesures de température.,NA,2.0.0,2.0.0,added in V2.0.0,
fratemplateSheetSet,fra,templateSheetSet,Ensemble de feuilles modèles,Feuilles de calcul dans le modèle de surveillance ODM générique complet (tous les tableaux).,NA,2.0.0,2.0.0,added in V2.0.0,
fratempSet,fra,tempSet,Ensemble de modèles,L'ensemble organisateur pour les modèles.,NA,2.2.0,2.2.0,Added in V 2.2.0,
fratempType,fra,tempType,Acide nucléique Type de modèle,Indique si une PCR ou un séquençage a utilisé de l'ARN ou de l'ADN comme matrice pour la réaction.,NA,2.2.0,2.2.0,added in V2.2.0,
fratempVol,fra,tempVol,Volume de la matrice d'acide nucléique,Le volume de la matrice d'ADN ou d'ARN utilisée pour la PCR. ,NA,2.0.0,2.0.0,added in V2.0.0,
fraterminal,fra,terminal,Terminal de l'aéroport,Type de catégorie du bassin d'échantillonnage du terminal de l'aéroport,NA,2.0.0,2.0.0,added in V2.0.0,
fratesDate,fra,tesDate,Date du test,Date à laquelle le test de COVID-19 a été effectué.,NA,1.0.0,2.0.0,depreciated,
fratest,fra,test,Nombre de tests effectués,Nombre de tests effectués.,NA,1.0.0,2.0.0,now a unit for any group or biologic infection,
fratesting,fra,testing,Tests,Une mesure ou un échantillon prélevé pour tester une nouvelle méthode. Ces mesures sont généralement utilisées à l'intérieur du laboratoire et ne sont pas communiquées aux partenaires extérieurs.,NA,2.0.0,2.0.0,added in V2.0.0,
fratetAMRGrp,fra,tetAMRGrp,Groupe de résistance antimicrobienne à la tétracycline,Groupe de mesures et de méthodes relatives à la résistance antimicrobienne liée à la tétracycline.,NA,2.1.0,2.1.0,added in V2.1.0,
fratetW,fra,tetW,TetW Gène cible de la résistance à la tétracycline,La cible du gène tetW de résistance antimicrobienne à la tétracycline.,NA,2.2.0,2.2.0,added in V2.2.0,
frathermMag,fra,thermMag,Trousse d'isolation d'acide nucléique de thermo magmax microbiome ultra,Extraction des acides nucléiques réalisée à l'aide de la trousse d'isolation des acides nucléiques thermo magmax microbiome ultra.,NA,2.0.0,2.0.0,added in V2.0.0,
frathermMagmax,fra,thermMagmax,kit d'isolation de l'acide nucléique viral/pathogène thermo magmax,kit d'isolation de l'acide nucléique viral/pathogène thermo magmax,NA,2.2.0,2.2.0,added in V2.2.0,
fratimeClass,fra,timeClass,Classe temporelle,Measures and methods relating to time.,NA,2.0.0,3.0.0,"partID changed from ""time"" to ""timeClass""",
fratimePr,fra,timePr,Echantillon proportionnel au temps,"Un échantillon composite proportionnel au débit prélevé sur 24 heures, généralement prélevé par un auto-échantilonneur.",NA,1.0.0,2.0.0,Removed time period. Use collection period (collectPer) = 24 for 24hr sample,
fratimeUnitSet,fra,timeUnitSet,Ensemble d'unités temporelles,L'ensemble des unités de mesure du temps.,NA,2.0.0,2.0.0,added in V2.0.0,
fratkn,fra,tkn,Azote total Kjeldahl,"Mesure de l'azote total de Kjeldahl, c'est-à-dire la somme de l'azote lié aux substances organiques, de l'azote sous forme d'ammoniac (NH3-N) et d'ammonium (NH4+-N) dans l'analyse chimique du sol, de l'eau ou des eaux usées.",NA,2.0.0,2.0.0,added in V2.0.0,
fratld,fra,tld,Domaine de premier niveau du pays,"Domaine de premier niveau de l'internet généralement utilisé ou réservé pour un pays, un État souverain ou un territoire dépendant identifié par un code de pays.","Préprogrammés dans les tables du dictionnaire, ils ne sont pas modifiables par les utilisateurs.",2.1.0,2.1.0,added in V2.1.0,
fratn,fra,tn,Azote total,"Azote total, exprimé en N",NA,1.0.0,2.0.0,"description wording, structure",
fratotal,fra,total,Montant total ou décompte - la somme,"Le nombre total ou le décompte final des cas, ou toute autre mesure définie.",Agrégation pour une mesure de la population ou de la maladie afin d'expliquer les effets cliniques au niveau de la population.,2.2.0,2.2.0,added in V2.2.0,
fratp24s,fra,tp24s,Echantillon 24 heures proportionnel au temps,"Un échantillon composite proportionnel au temps prélevé sur 24 heures, généralement prélevé par un auto-échantilonneur.",NA,1.0.0,2.0.0,depreciated,
fratPallidum,fra,tPallidum,Treponema pallidum,Treponema pallidum,NA,2.2.0,2.2.0,added in V2.2.0,
fratr,fra,tr,Raccourci du tableau de référence de traduction,"Nom abrégé utilisé pour faire référence au tableau de référence pour les traductions de la description, de l'étiquette et des instructions pour toutes les parties.",table,2.2.2,2.2.2,added in V 2.2.2,
fratrain,fra,train,Train,Série de wagons déplacés comme un tout par une locomotive ou par des moteurs intégrés.,NA,2.2.3,2.2.3,added in v2.2.3,
fratranslationID,fra,translationID,ID synthétique pour la table translations,Un identifiant unique et auto-incrémentiel généré pour produire un identifiant unique et une clé primaire pour chaque ligne de la table translations.,NA,2.2.0,2.2.0,added in V2.2.0,
fratranslations,fra,translations,Table de recherche de traduction,"Table de recherche pour la traduction de la description, de l'étiquette et de l'instruction pour toutes les parties.",La langue par défaut si une traduction n'est pas spécifiée est l'anglais.,2.0.0,2.0.0,added in V2.0.0,
fratranslationsOrder,fra,translationsOrder,L’ordre des colonnes de la table de traduction,Indique l’ordre des colonnes dans une table de traduction.,NA,2.0.0,2.0.0,added in V2.0.0,
fratranslationsRequired,fra,translationsRequired,En-têtes obligatoires du tableau de traduction,En-têtes obligatoires dans le table des traductions.,NA,2.0.0,2.0.0,added in V2.0.0,
fratreponemaGrp,fra,treponemaGrp,Groupe Tréponème,Un groupe de mesures/méthodes relatives aux bactéries tréponèmes.,Utilisé pour décrire les informations sur l'organisme pour les mesures générales.,2.2.0,2.2.0,added in V2.2.0,
fratrichomonasGrp,fra,trichomonasGrp,Groupe Trichomonas,Un groupe de mesures/méthodes relatives à la bactérie trichomonas.,Utilisé pour décrire les informations sur l'organisme pour les mesures générales.,2.2.0,2.2.0,added in V2.2.0,
fratriturator,fra,triturator,Broyeur pour eaux usées,L'endroit où les véhicules de transport des eaux usées déchargent les eaux usées.,NA,2.2.3,2.2.3,added in v 2.2.3,
fratrizol,fra,trizol,"Trizol, billes magnétiques zymo avec nettoyeur et concentrateur zymo","Extraction d'acides nucléiques réalisée à l'aide de la méthode trizol, billes zymo mag w/ zymo clean and concentrator.",NA,2.0.0,2.0.0,added in V2.0.0,
fratrizolEtOH,fra,trizolEtOH,"trizol, battage de billes de grenat, précipitation à l'alcool","trizol, battage de billes de grenat, précipitation à l'alcool",NA,2.2.0,2.2.0,added in V2.2.0,
fratrizolRNA,fra,trizolRNA,trizol et kit de purification de l'ARN,trizol et kit de purification de l'ARN,NA,2.2.0,2.2.0,added in V2.2.0,
fratrStat,fra,trStat,Gare ferroviaire,Endroit sur une ligne de chemin de fer où les trains s'arrêtent régulièrement pour permettre aux passagers de monter ou de descendre.,NA,2.2.3,2.2.3,added in v2.2.3,
frats,fra,ts,Solides Totaux,Solides totaux,NA,1.0.0,2.0.0,"description wording, structure",
fratss,fra,tss,Matières en Suspension,Matiéres en suspension,NA,1.0.0,2.0.0,"description wording, structure",
fratssConc,fra,tssConc,Concentration des matières en suspension,Matiéres en suspension,NA,1.0.0,2.0.0,"description wording, structure",
fratuberculosisGrp,fra,tuberculosisGrp,Groupe Tuberculose,Un groupe de mesures/méthodes relatives à la tuberculose.,Utilisé pour décrire les informations sur l'organisme pour les mesures générales.,2.2.0,2.2.0,added in V2.2.0,
fratularemiaGrp,fra,tularemiaGrp,Groupe Francisella tularensis (tularémie),Un groupe de mesures/méthodes relatives à Francisella tularensis.,Utilisé pour décrire les informations sur l'organisme pour les mesures générales.,2.2.0,2.2.0,added in V2.2.0,
fraturb,fra,turb,Tubidité,"Mesure de la turbidité de l'eau ou d'un échantillon liquide, quantifiant la clarté ou l'opacité relative d'un liquide. Très révélateur de la qualité de l'eau.",NA,1.0.0,2.0.0,github issue #122,
fraturbidity,fra,turbidity,Classe de turbidité,Measures and methods relating to water and wastewater turbidity.,NA,2.0.0,2.0.0,added in V2.0.0,
fraturbidityUnitSet,fra,turbidityUnitSet,Ensemble d'unités de turbidité,Ensemble d'unités pour les mesures de turbidité.,NA,2.0.0,2.0.0,added in V2.0.0,
fratVaginalis,fra,tVaginalis,Trichomonas vaginalis,Trichomonas vaginalis,NA,2.2.0,2.2.0,added in V2.2.0,
fratWeighE,fra,tWeighE,Poids du tube plein,Le poids du tube utilisé pour l'analyse lorsqu'il est vide.,NA,2.0.0,2.0.0,added in V2.0.0,
fratWeighF,fra,tWeighF,Poids du tube vide,Le poids du tube utilisé pour l'analyse lorsqu'il est plein d'analyte.,NA,2.0.0,2.0.0,added in V2.0.0,
fratyOtDep,fra,tyOtDep,Type autre,Description d'un autre type d'échantillon non répertorié.,NA,1.0.0,2.0.0,depreciated,
fratyOtDep2,fra,tyOtDep2,Autre type,Description du site d'échantillonnage dans le cas oé un type adéquat n'est pas disponible.,NA,1.0.0,2.0.0,depreciated,
frauCampus,fra,uCampus,Campus universitaire,Campus universitaire.,NA,1.1.0,2.0.0,added in version 1.1,
fraugG,fra,ugG,Microgrammes par gramme,Microgrammes par gramme,NA,2.2.0,2.2.0,added in V2.2.0,
fraugL,fra,ugL,Microgrammes par litre,Microgrammes par litre,NA,2.2.0,2.2.0,added in V2.2.0,
fraugmg,fra,ugmg,Microgrammes par milligramme,Unité de concentration de microgrammes par milligramme.,NA,2.2.0,2.2.0,added in V2.2.0,
frauL,fra,uL,Micro-litres,L'unité de microlitres.,NA,2.2.0,2.2.0,added in V2.2.0,
fraundisc,fra,undisc,Non disséminé,"Une valeur a été enregistrée, cependant elle n'a pas été incluse dans l'ensemble de données.",Indicateur de valeur manquante pour les données qui n'ont pas été partagées ou divulguées à des parties extérieures.,1.0.0,2.0.0,added in V2.0.0,
fraunique,fra,unique,Échantillon unique,"Un échantillon unique, non dupliqué.",NA,2.0.0,2.0.0,"added in V2.0.0, GitHub issue #94",
fraunit,fra,unit,Unité,Identifiant unique pour les unités d'une mesure,Différentes unités qui sont utilisées pour décrire les valeurs de mesure. Les unités sont combinées en UnitSetIDs. Veuillez demander de nouvelles unités en créant un problème dans le référentiel ODM sur GitHub.,1.0.0,2.0.0,added in V2.0.0,
fraunitInput,fra,unitInput,Entrée de l'unité (tableau large),Le partID de l'unité utilisée dans un nom large.,NA,2.2.0,2.2.0,added in V2.2.0,
fraunitless,fra,unitless,Mesure sans unité,"Une unité pour les mesures sans unité, comme le pH.",NA,2.0.0,2.0.0,added in V2.0.0,
fraunitlessUnitSet,fra,unitlessUnitSet,Ensemble d'unités sans unité,Ensemble d'unités pour les mesures qui n'ont pas d'unités.,NA,2.0.0,2.0.0,added in V2.0.0,
fraunitName,fra,unitName,Nom de l'unité (tableau large),L'unité référencée pour le nom large.,NA,2.2.0,2.2.0,added in V2.2.0,
fraunits,fra,units,Unités,L'unité de la mesure.,"Chaque mesure doit avoir une unité. En d'autres termes, les ""unités"" sont un champ obligatoire chaque fois qu'une mesure est enregistrée.",2.0.0,2.0.0,added in V2.0.0,
fraunitSet,fra,unitSet,Ensemble d'unités,Identification d'un ensemble d'unités pouvant être utilisées pour une mesure ou une méthode.,NA,2.0.0,2.0.0,added in V2.0.0,
fraunitSets,fra,unitSets,Ensembles d'unités,"Ensembles d'unités. Contiens les unités qui sont associées aux types de parties telles que les mesures.
"," Les ensembles sont des listes de valeurs d'entrée. Chaque valeur d'entrée dans un ensemble est une partie (a un partID) qui peut être réutilisée entre les ensembles. Par exemple, un ensemble A peut contenir les valeurs ""oui"" et ""non"", et un ensemble B peut contenir les valeurs ""oui"", ""non"" et ""peut-être"". Les types de partie avec des ensembles comprennent les agrégations, les compartiments, les manques, les indicateurs de qualité, les spécimens et les unités. Les mesures avec catégories et types de données ont leurs propres ensembles de catégories spécifiques (catSetID) car leurs valeurs d'entrée sont uniques et ne sont pas réutilisées.",2.0.0,2.0.0,added in V2.0.0,
fraunlicense,fra,unlicense,L'Unlicense,La licence pour la mesure ou l'ensemble de données est gérée sous The Unlicense.,NA,2.2.0,2.2.0,added in V2.2.0,
frauntracent,fra,untracent,Ultracentrifugation,Ultracentrifugation,NA,2.0.0,2.0.0,added in V2.0.0,
fraupperCI95,fra,upperCI95,Limite supérieure d'un intervalle de confiance de 95%,Indique la limite supérieure d'un intervalle de confiance de 95 %.,"Doit généralement être lié à une limite inférieure et à une indication de la dispersion des données (c'est-à-dire l'écart type), ainsi qu'à une mesure moyenne/médiane.",1.0.0,2.0.0,"description wording, structure",
fraupstream,fra,upstream,Sites en amont,Type de site général pour les sites d'échantillonnage des eaux usées en amont.,"CatSetégorie fourre-tout pour les sites d'échantillonnage des eaux usées en amont, y compris les grandes canalisations d'égout et les stations de pompage.",1.1.0,2.0.0,description wording.,
fraureaplasma,fra,ureaplasma,Ureaplasma,Ureaplasma,NA,2.2.0,2.2.0,added in V2.2.0,
fraureaplasmaGrp,fra,ureaplasmaGrp,Groupe Ureaplasma,Un groupe de mesures/méthodes relatives aux bactéries ureaplasma.,Utilisé pour décrire les informations sur l'organisme pour les mesures générales.,2.2.0,2.2.0,added in V2.2.0,
fraurobilin,fra,urobilin,Urobiline ou urochrome,"L'urobiline ou l'urochrome est le composé chimique principalement responsable de la couleur jaune de l'urine. Il s'agit d'un composé tétrapyrrole linéaire qui, avec le composé incolore apparenté, l'urobilinogène, est un produit de dégradation de l'hème tétrapyrrole cyclique.",NA,2.2.0,2.2.0,added in V2.2.0,
frauSCm,fra,uSCm,Micro-Siemens par centimètre,Micro-Siemens par centrimètre.,NA,1.0.0,2.0.0,maintained,
frauSiteMeasureID,fra,uSiteMeasureID,ID de la mesure du site U,Identifiant unique pour le site d'échantillonnage.,NA,2.0.0,2.0.0,added in V2.0.0,
frautc,fra,utc,Zone de temps universel coordonné (UTC),UTC - Fuseau horaire.,"Préprogrammés dans les tables du dictionnaire, ils ne sont pas modifiables par les utilisateurs.",2.1.0,2.1.0,added in V2.1.0,
frautcDST,fra,utcDST,Zone de temps universel coordonné (UTC) en heure d'été,Fuseau horaire pendant l'heure d'été.,"Préprogrammés dans les tables du dictionnaire, ils ne sont pas modifiables par les utilisateurs.",2.1.0,2.1.0,added in V2.1.0,
frautilities,fra,utilities,Secteur ou organisation des services publics,"Décrit les organisations qui gèrent ou fournissent des services d'utilité publique, qu'il s'agisse d'eau, de gaz, de chauffage, etc.",NA,2.2.0,2.2.0,added in V2.2.0,
frav1104l,fra,v1104l,Mutation V1104L de FLiRT/SLip,La mutation V1104L de la variante FLiRT/SLip.,NA,2.2.0,2.2.0,added in V2.2.0,
frav2930l,fra,v2930l,Gène cible de la variante delta v2930l,Gène cible v2930l de la variante delta.,NA,2.0.0,2.0.0,added in V2.0.0,
fravalidationStudy,fra,validationStudy,Étude de validation,Une mesure ou un échantillon prélevé pour une étude de validation.,NA,2.0.0,2.0.0,added in V2.0.0,
fravalue,fra,value,Valeur,"Valeur d'une mesure, d'une observation ou d'un attribut.",NA,2.0.0,2.0.0,added in V2.0.0,
fravanAA,fra,vanAA,VanA-A Gène cible de la résistance à la vancomycine,La cible du gène VanA-A de résistance antimicrobienne à la vancomycine.,NA,2.2.0,2.2.0,added in V2.2.0,
fravanAMRGrp,fra,vanAMRGrp,Groupe de résistance antimicrobienne à la vancomycine,Groupe de mesures et de méthodes relatives à la résistance antimicrobienne liée à la vancomycine.,NA,2.1.0,2.1.0,added in V2.1.0,
fravanc,fra,vanc,Résistance à la vancomycine,Bactéries résistantes à la vancomycine.,NA,2.1.0,2.1.0,added in V2.1.0,
fravarchar,fra,varchar,Type de données de caractères variables,Le type de données pour les données de caractères variables.,Utilisé uniquement pour les entrées du dictionnaire relatives aux parties.,2.0.0,2.0.0,added in V2.0.0,
fravarFreq,fra,varFreq,Fréquence des variants détectés,Description de la fréquence d'une variante détectée.,Mesuré par séquençage.,2.0.0,2.0.0,added in V2.0.0,
fravariant,fra,variant,Classe des variants,Spécifie une collection de mesures/méthodes liées aux variantes d'un agent pathogène.,NA,2.0.0,2.0.0,"added in V2.0.0, github issue #144",
fravaricella,fra,varicella,Varicelle,Varicelle,NA,2.2.0,2.2.0,added in V2.2.0,
fravaricellaGrp,fra,varicellaGrp,Groupe Varicelle,Un groupe de mesures/méthodes relatives aux virus de la varicelle.,Utilisé pour décrire les informations sur l'organisme pour les mesures générales.,2.2.0,2.2.0,added in V2.2.0,
fravax1,fra,vax1,Population ayant reçu 1 dose de vaccin,"La population ayant reçu exactement 1 dose de vaccin, avec le vaccin spécifié dans le champ de mesure.",Unité utilisée pour spécifier une mesure du niveau de vaccination à l'échelle de la population.,2.2.0,2.2.0,Added in V 2.2.0,
fravax1p,fra,vax1p,Population ayant reçu 1 ou plusieurs doses de vaccin,"Spécifie la partie de la population ayant reçu 1 dose de vaccin ou plus, le vaccin étant spécifié dans le champ de mesure.",Unité utilisée pour spécifier une mesure du niveau de vaccination à l'échelle de la population.,2.2.0,2.2.0,Added in V 2.2.0,
fravax1plus,fra,vax1plus,Population avec 1 dose de vaccin,Une mesure de la population ayant reçu une seule dose de vaccin.,NA,2.0.0,2.0.0,now a unit for any group or biologic infection,
fravax2,fra,vax2,Population ayant reçu 2 doses de vaccin ou plus,"La population ayant reçu exactement 2 doses de vaccin, avec le vaccin spécifié dans le champ de mesure.",Unité utilisée pour spécifier une mesure du niveau de vaccination à l'échelle de la population.,2.2.0,2.2.0,Added in V 2.2.0,
fravax2p,fra,vax2p,Population ayant reçu 2 doses de vaccin ou plus,"Spécifie la partie de la population ayant reçu 2 doses de vaccin ou plus, avec le vaccin spécifié dans le champ de mesure.",Unité utilisée pour spécifier une mesure du niveau de vaccination à l'échelle de la population.,2.2.0,2.2.0,Added in V 2.2.0,
fravax2plus,fra,vax2plus,Population ayant reçu 2 doses de vaccin,Population ayant reçu 2 doses de vaccin,NA,2.0.0,2.0.0,now a unit for any group or biologic infection,
fravax3,fra,vax3,Population ayant reçu 3 doses de vaccin ou plus,"La population ayant reçu exactement 3 doses de vaccin, avec le vaccin spécifié dans le champ de mesure.",Une unité utilisée pour spécifier une mesure du niveau de vaccination à l'échelle de la population.,2.0.0,2.2.0,Added in V 2.2.0,
fravax3p,fra,vax3p,Population ayant reçu 3 doses de vaccin ou plus,"Précise la part de la population ayant reçu 3 doses de vaccin ou plus, le vaccin étant spécifié dans le champ de mesure.",Unité utilisée pour spécifier une mesure du niveau de vaccination à l'échelle de la population.,2.2.0,2.2.0,Added in V 2.2.0,
fravax3plus,fra,vax3plus,Population ayant reçu 3 doses de vaccin,Population ayant reçu 3 doses de vaccin,NA,2.0.0,2.0.0,added in V2.0.0,
fravax4,fra,vax4,Population ayant reçu 4 doses de vaccin ou plus,"La population ayant reçu exactement 4 doses de vaccin, avec le vaccin spécifié dans le champ de mesure.",Une unité utilisée pour spécifier une mesure du niveau de vaccination à l'échelle de la population.,2.2.0,2.2.0,Added in V 2.2.0,
fravax4p,fra,vax4p,Population ayant reçu 4 doses de vaccin ou plus,"Spécifie la partie de la population ayant reçu 4 doses de vaccin ou plus, le vaccin étant spécifié dans le champ de mesure.",Unité utilisée pour spécifier une mesure du niveau de vaccination à l'échelle de la population.,2.2.0,2.2.0,Added in V 2.2.0,
fravax4plus,fra,vax4plus,Population ayant reçu 4 doses de vaccin ou plus,Population avec 4 doses de vaccin,NA,2.2.0,2.2.0,Added in V 2.2.0,
fraversion1Category,fra,version1Category,Catégorie de l'ODM V1,Catégorie de l'ODM V1,NA,2.0.0,2.0.0,added in V2.0.0,
fraversion1Location,fra,version1Location,Localisation de l'ODM V1,Localisation de l'ODM V1,NA,2.0.0,2.0.0,added in V2.0.0,
fraversion1Table,fra,version1Table,Table de l'ODM V1,Table de l'ODM V1,NA,2.0.0,2.0.0,added in V2.0.0,
fraversion1to2Changes,fra,version1to2Changes,Modifications de la version 1 à 2 de l'ODM,Changements pour la partie entre ODM v1 et V2,NA,2.0.0,2.0.0,added in V2.0.0,
fraversion1Variable,fra,version1Variable,Variable d'ODM V1,Variable de l'ODM V1,NA,2.0.0,2.0.0,added in V2.0.0,
fravibrio,fra,vibrio,Vibrio,Vibrio,NA,2.2.0,2.2.0,added in V2.2.0,
fravibrioGrp,fra,vibrioGrp,Groupe des vibrions,Un groupe de mesures/méthodes relatives aux bactéries vibrions.,Utilisé pour décrire les informations sur l'organisme pour les mesures générales.,2.2.0,2.2.0,added in V2.2.0,
fravirusMisc,fra,virusMisc,Groupe des virus divers,Un groupe de mesures/méthodes relatives à divers virus.,"Les virus divers sont souvent mesurés à des fins de normalisation ou de standardisation et n'ont qu'une seule mesure ou méthode. Lorsqu'un virus possède plusieurs mesures, il se verra attribuer son propre groupID dans les versions actualisées du dictionnaire.",1.0.0,2.2.0,Depreciated in V2.0.0,
fravol,fra,vol,Volume total d'eau ou de boue prélevée.,Volume total d'eau ou de boue échantillonné.,NA,2.0.0,2.0.0,added in V2.0.0,
fravolPr,fra,volPr,Échantillon proportionnel au volume,Un échantillon proportionnel au volume généralement collecté par un passeur d'échantillons.,Utilisé pour l'analyse de l'eau ou de l'air,2.0.0,2.0.0,added in V2.0.0,
fravolumeUnitSet,fra,volumeUnitSet,Ensemble d'unités de volume,Ensemble d'unités pour les mesures de volume.,NA,1.0.0,2.0.0,"description wording, structure",
fravss,fra,vss,Matières volatiles en suspension,Matiéres volatiles en suspension,NA,2.0.0,2.0.0,added in V2.0.0,
fravssIg,fra,vssIg,Matières en suspension volatiles - Allumage,"Une mesure de la qualité de l'eau, obtenue par la perte au feu de la masse des solides totaux en suspension mesurés. Cette ignition a généralement lieu dans un four à une température de 550 °C à 600 °C. Elle représente la quantité de matières volatiles présentes dans la fraction solide de la solution mesurée.",NA,2.0.0,2.0.0,added in V2.0.0,
fravsv,fra,vsv,Cible du virus de la stomatite vésiculaire (VSV),Le virus de la stomatite vésiculaire est utilisé comme cible de contrôle de l'efficacité de la récupération.,NA,2.0.0,2.0.0,added in V2.0.0,
fravsvABIFor,fra,vsvABIFor,VSV amorce directe (ABI),VSV amorce directe (ABI),NA,2.2.0,2.2.0,added in V2.2.0,
fravsvABIProbe,fra,vsvABIProbe,Sonde VSV (ABI),Sonde VSV (ABI),NA,2.2.0,2.2.0,added in V2.2.0,
fravsvABIRev,fra,vsvABIRev,VSV reverse primer (ABI),VSV amorce inverse (ABI),NA,2.2.0,2.2.0,added in V2.2.0,
fravsvGrp,fra,vsvGrp,Groupe du virus de la stomatite vésiculaire (VSV),Un groupe de mesures/méthodes relatives au virus de la stomatite vésiculaire (VSV).,Utilisé pour décrire les informations sur l'organisme pour les mesures générales.,2.2.0,2.2.0,added in V2.2.0,
fravtec,fra,vtec,Escherichia coli producteur de vérotoxine (ECPV),Escherichia coli producteur de vérotoxine (VTEC),NA,2.2.0,2.2.0,added in V2.2.0,
frawat,fra,wat,Eau,"Une mesure ou une observation faite à partir d'une substance présente dans l'eau, y compris les eaux usées.",NA,1.0.0,2.0.0,Updated,
frawatConcBuff,fra,watConcBuff,tampon de concentration de l'eau (R2042-1),tampon de concentration de l'eau (R2042-1),NA,2.2.0,2.2.0,added in V2.2.0,
frawater,fra,water,Eau duplication,Eau non-usée provenant de toute étendue d'eau.,NA,2.0.0,2.0.0,added in V2.0.0,
frawaterCompartmentSet,fra,waterCompartmentSet,Ensemble de compartiments d’eau,Un ensemble de compartiments pour les mesures et les méthodes dans le compartiment eau.,NA,1.0.0,2.0.0,"description wording, structure",
frawaterQualityGrp,fra,waterQualityGrp,Groupe Qualité de l'eau,Un groupe de mesures/méthodes relatives à la qualité de l'eau.,NA,2.2.0,2.2.0,added in V2.2.0,
frawaterTH,fra,waterTH,Pôle de transport maritime,Un nœud de transport est un lieu où les passagers et les marchandises sont transférés entre des véhicules terrestres et/ou entre différents modes de transport terrestres.,Utilisé lorsqu'aucun détail supplémentaire ne peut être fourni.,2.2.3,2.2.3,added in v2.2.3,
frawatTemp,fra,watTemp,Température des eaux usées,Une mesure de la météo saisie par des catégories qualitatives ; fait partie d'une série plus large de mesures de la météo qui peuvent être utiles lors de la collecte d'échantillons provenant de sources extérieures.,NA,2.0.0,2.0.0,"added in V2.0.0, github issue #124 and #204",
fraweath,fra,weath,Limite de quantification,LOQ ,Limit of quantification (LOQ) for this method if one exists.,2.0.0,2.0.0,"added in V2.0.0, github issue #124 and #204",
fraweather,fra,weather,Météo,Measures and methods relating to weather.,NA,2.0.0,2.0.0,added in V2.0.0,
fraweathSet,fra,weathSet,Ensemble de catégories météorologiques,Un ensemble de catégories des catégories qualitatives valides pour la mesure qualitative du temps.,NA,2.0.0,2.0.0,added in V2.0.0,
frawestNile,fra,westNile,Nil occidental,Virus du Nil occidental,NA,2.2.0,2.2.0,added in V2.2.0,
frawgs,fra,wgs,Séquençage du génome entier,Spécifie la stratégie de séquençage du génome entier (WGS) pour le séquençage génétique.,NA,2.0.0,2.0.0,added in V2.0.0,
frawho,fra,who,Nomenclature WHO,Précise la variante ou la nomenclature génétique telle que définie par l'Organisation mondiale de la santé.,NA,2.0.0,2.0.0,added in V2.0.0,
frawI,fra,wI,Intervalle de 95% large,"L'intervalle de 95% est trop large, faible confiance dans les résultats.","S'il y a plusieurs problèmes à signaler, utilisez l'indicateur de problèmes multiples et expliquez les détails dans la section des notes.",2.0.0,2.0.0,added in V2.0.0,
frawideAttribute,fra,wideAttribute,Attribut spécifié (tableau large),Identifiant unique d'un attribut dans une table large uniquement. ,NA,2.2.0,2.2.0,added in V2.2.0,
frawideCompartmentSet,fra,wideCompartmentSet,Ensemble de compartiments pour noms larges,Ensemble de compartiments pour les noms larges.,Pour de grands noms.,2.2.0,3.0.0,officially activate in v 3.0.0,
frawideFractionSet,fra,wideFractionSet,Ensemble de fractions pour noms larges,Jeu de fractions pour les noms larges.,Pour de grands noms.,2.2.0,2.2.0,Added in V 2.2.0,
frawideMeasure,fra,wideMeasure,Identification de la mesure (table large),Identifiat unique utilisé dans la table horizontale seulement. Utiliser quand toutes les mesures effectuées sur un échantillon sont réalisées en méme temps dans le méme laboratoire. Suggestion: siteID_sampleID_LabID_reportDate_ID.,NA,2.0.0,2.0.0,added in V2.0.0,
frawideName,fra,wideName,Identification de la mesure (table large),Identifiat unique utilisé dans la table horizontale seulement. Utiliser quand toutes les mesures effectuées sur un échantillon sont réalisées en méme temps dans le méme laboratoire. Suggestion: siteID_sampleID_LabID_reportDate_ID.,NA,2.0.0,2.0.0,added in V2.0.0,
frawideNames,fra,wideNames,Table des noms larges,Table de recherche pour les noms larges.,NA,2.0.0,2.0.0,"added in V2.0.0, github issue #124 and #204",
frawideNamesOrder,fra,wideNamesOrder,Ordre du tableau des noms larges,Colonne permettant d'indiquer l'ordre des champs dans la table des noms larges.,NA,2.2.0,2.2.0,added in V2.2.0,
frawideNamesRequired,fra,wideNamesRequired,Table à nom large requise,Colonne permettant d'indiquer les champs obligatoires dans la table des noms larges.,NA,2.2.0,2.2.0,added in V2.2.0,
frawideNameType,fra,wideNameType,Type de nom large,"Le type de nom large généré. Les options possibles sont mesure, protocole ou attribut.",NA,2.2.0,2.2.0,added in V2.2.0,
frawideProtocol,fra,wideProtocol,Protocole spécifié (table large),Identifiant unique d'un protocole dans une table large uniquement. ,NA,2.2.0,2.2.0,added in V2.2.0,
frawideSpecimenSet,fra,wideSpecimenSet,Ensemble de spécimens pour les noms larges,Ensemble de spécimens pour les noms larges.,Pour les grands noms.,2.2.0,2.2.0,Added in V 2.2.0,
frawind,fra,wind,Pluie,Pluie (toute précipitation sous forme liquide).,NA,2.0.0,2.0.0,added in V2.0.0,
frawindSpeedUnitSet,fra,windSpeedUnitSet,Unité de vitesse du vent,Ensemble d'unités pour les mesures de la vitesse du vent.,NA,1.0.0,2.0.0,"description wording, structure",
frawn,fra,wn,Raccourci du tableau des noms larges,Nom abrégé utilisé pour faire référence au tableau des noms larges.,table,2.2.2,2.2.2,added in V 2.2.2,
frawrongStorage,fra,wrongStorage,MauvaisStockage,L'échantillon a été stocké de manière inappropriée.,NA,2.0.0,2.0.0,added in V2.0.0,
frawrongTemp,fra,wrongTemp,mauvaisTemp,L'échantillon a été stocké à une température inappropriée.,NA,2.0.0,2.0.0,added in V2.0.0,
frawSphere,fra,wSphere,World Sphere,En-tête de la World Sphere,NA,2.0.0,2.0.0,added in V2.0.0,
frawSphereForm,fra,wSphereForm,Format wSphere,L'ensemble de données a été initialement enregistré et/ou stocké au format wSphere.,NA,3.0.0,3.0.0,added in V3.0.0,
frawSphereNotes,fra,wSphereNotes,Notes sur W-SPHERE,Notes sur la World Sphere,NA,1.0.0,2.0.0,"description wording, structure",
frawt214,fra,wt214,Variante Delta wt214 cible du gène,Cible du gène wt214 de la variante Delta,NA,2.2.0,2.2.0,added in V2.2.0,
frawtfpl,fra,wtfpl,Do What The F*ck You Want To Public License (Faites ce que vous voulez),La licence pour la mesure ou l'ensemble de données est gérée sous la licence publique Do What The F*ck You Want To  (Faites ce que vous voulez).,NA,2.2.0,2.2.0,added in V2.2.0,
frawwtp,fra,wwtp,Station d'épuration des eaux usées,Un type de site général pour les stations de traitement des eaux usées.,"Utilisé comme catégorie fourre-tout pour les stations d'épuration des eaux usées industrielles ou municipales qui transportent des eaux usées combinées ou sanitaires, ou des lagunes.",1.0.0,2.0.0,"description wording, structure",
frawwtpBack,fra,wwtpBack,Capacité nominale de la station d'épuration des eaux usées,"Mesure de la capacité nominale d'une station d'épuration des eaux usées, c'est-à-dire de la quantité d'eau qu'elle est censée pouvoir contenir et traiter.",Correspond à des unités de millions de gallons par jour ou à des équivalents de population.,2.0.0,2.0.0,"added in V2.0.0, github issue #123",
frawwtpCap,fra,wwtpCap,Épaisseur de neige au sol,Épaisseur de neige au sol.,NA,1.0.0,2.0.0,"description wording, structure",
frawwtpInd,fra,wwtpInd,Station d'épuration des eaux usées industrielles,Station de traitement des eaux usées industrielle.,NA,1.0.0,2.0.0,"description wording, structure",
frawwtpMuC,fra,wwtpMuC,Station d'épuration municipales pour les eaux usées combinées,Station de traitement des eaux usées municipales pour égouts combinés.,NA,1.0.0,2.0.0,"description wording, structure",
frawwtpMuS,fra,wwtpMuS,Station d'épuration des eaux usées municipales pour les eaux usées sanitaires uniquement,Station de traitement des eaux usées municipales pour égouts sanitaires seulement.,NA,2.0.0,2.0.0,added in V2.0.0,
fraxg,fra,xg,Force centrifuge relative (FCR) ou unités x g,La FCR (Force centrifuge relative) indique le degré de force exercée sur un échantillon. La FCR est quantifiée en multiples de l'accélération gravitationnelle standard à la surface de la Terre (x g). C'est pourquoi les termes FCR et XG sont souvent utilisés de manière interchangeable dans les protocoles de centrifugation.,NA,2.2.0,2.2.0,added in V2.2.0,
fray505h,fra,y505h,Gène cible de la variante omicron y505h,Gène cible y505h de la variante omicron.,NA,2.0.0,2.0.0,added in V2.0.0,
frayears,fra,years,Années,Unité permettant d'indiquer une durée en années.,NA,2.0.0,2.0.0,added in V2.0.0,
frayEnterocolitica,fra,yEnterocolitica,Yersinia enterocolitica,Yersinia enterocolitica,NA,2.2.0,2.2.0,added in V2.2.0,
frayersiniaGrp,fra,yersiniaGrp,Groupe Yersinia,Un groupe de mesures/méthodes relatives aux bactéries yersinia.,Utilisé pour décrire les informations sur l'organisme pour les mesures générales.,2.2.0,2.2.0,added in V2.2.0,
frazika,fra,zika,Zika,Zika,NA,2.2.0,2.2.0,added in V2.2.0,
frazlib,fra,zlib,Licence zLib,La licence de la mesure ou de l'ensemble de données est gérée par la licence zLib.,NA,2.2.0,2.2.0,added in V2.2.0,
frazo,fra,zo,Raccourci du tableau de référence des zones,Nom abrégé utilisé pour faire référence au Tableau de référence des entrées possibles pour les régions ou zones infranationales.,table,2.2.2,2.2.2,added in V 2.2.2,
frazoneName,fra,zoneName,Nom anglais des sous-domaines de pays,Le nom en anglais du sous-domaine d'un pays donné.,"Préprogrammés dans les tables du dictionnaire, ils ne sont pas modifiables par les utilisateurs.",2.1.0,2.1.0,added in V2.1.0,
frazones,fra,zones,Table de recherche des zones,Tableau de consultation des entrées possibles pour les régions ou zones infranationales.,NA,2.1.0,2.1.0,added in V2.1.0,
frazonesOrder,fra,zonesOrder,L’ordre des colonnes de la table de zones,Indique l’ordre des colonnes dans une table de zones.,NA,2.1.0,2.1.0,added in V2.1.0,
frazonesRequired,fra,zonesRequired,En-têtes obligatoires du tableau de zones,En-têtes obligatoires dans le table des zones.,NA,2.1.0,2.1.0,added in V2.1.0,
frazymo1035,fra,zymo1035,kit zymo quick-rna viral #r1035,kit zymo quick-rna viral #r1035,NA,2.2.0,2.2.0,added in V2.2.0,
frazymo1041,fra,zymo1041,kit zymo quick-rna viral 96 #r1041,kit zymo quick-rna viral 96 #r1041,NA,2.2.0,2.2.0,added in V2.2.0,
frazymoEnv,fra,zymoEnv,Trousse d’ARN pour l’eau environnementale/trousse d’ARN pour l’eau environnementale (cat. r2042),Extraction d'acides nucléiques réalisée à l'aide de la trousse zymo environ water rna kit/ zymo environ water rna kit (cat. r2042).,NA,2.0.0,2.0.0,added in V2.0.0,
frazymoQuick,fra,zymoQuick,Miniprep fongique/bactérien de zymo quick-ARN #r2014,Extraction des acides nucléiques réalisée à l'aide de la trousse zymo quick-rna fungal/bacterial miniprep #r2014.,NA,2.0.0,2.0.0,added in V2.0.0,
frazymoWatRNA,fra,zymoWatRNA,Kit de capture de l'ARN de l'eau zymo environ/ Kit de capture de l'ARN de l'eau zymo environ (cat. r2042),Kit de capture de l'ARN de l'eau zymo environ (cat. r2042),NA,2.2.0,2.2.0,added in V2.2.0,
fraFALSE,fra,FALSE,FAUX,Type de données booléennes = FAUX.,"Utilisez ces valeurs et leur ensemble pour toute mesure ou tout attribut booléen. Utilisez uniquement ""FALSE"" (sensible à la casse).",1.0.0,2.3.0,"changed part ID from ""false"" to ""FALSE"".",
fraTRUE,fra,TRUE,VRAI,Type de données booléennes = VRAI.,"Utilisez uniquement ""VRAI"" (sensible à la casse)",1.0.0,2.3.0,"changed part ID from ""true"" to ""TRUE"".",
spaa1306s,spa,a1306s,diana del gen de la variante delta a1306s,a1306s - diana génica de mutación de variante delta,NA,2.0.0,2.0.0,added in V2.0.0,
spaa1918v,spa,a1918v,diana del gen de la variante delta a1918v,a1918v - diana génica de mutación de variante delta,NA,2.0.0,2.0.0,added in V2.0.0,
spaa2710t,spa,a2710t,diana del gen de la variante ómicron a2710t,a2710t - diana génica de mutación de variante ómicron,NA,2.0.0,2.0.0,added in V2.0.0,
spaa63t,spa,a63t,diana del gen de la variante ómicron a63t,a63t - diana génica de mutación de variante ómicron,NA,2.0.0,2.0.0,added in V2.0.0,
spaa67v,spa,a67v,diana del gen de la variante ómicron a67v,a67v - diana génica de mutación de variante ómicron,NA,2.0.0,2.0.0,added in V2.0.0,
spaa67vDel69Del70,spa,a67vDel69Del70,Variante Ómicron a67v mutaciones del69 y del70,"Variante Ómicron - mutación a67v, y mutaciones del 69 y del70 co-ocurriendo",NA,2.2.0,2.2.0,added in V2.2.0,
spaaas,spa,aas,Analizador Atline,Analizador Atline con muestreador - Analizador Atline con muestreador.,Un analizador en línea con muestreador.,1.0.0,2.0.0,"description wording, structure",
spaabsHum,spa,absHum,Humedad absoluta,Humedad absoluta - Una medida de la masa total de vapor de agua presente en el aire por volumen de aire.,NA,2.0.0,2.0.0,added in V2.0.0,
spaabsHumidUnitSet,spa,absHumidUnitSet,Conjunto de unidades de humedad absoluta,Conjunto de unidades para mediciones de humedad absoluta.,NA,2.0.0,2.0.0,added in V2.0.0,
spaacadem,spa,academ,Institución académica,Categoría de organización utilizada para instituciones académicas o grupos de investigación.,NA,2.0.0,2.0.0,added in V2.0.0,
spaacinetobacter,spa,acinetobacter,Acinetobacter,Acinetobacter - Acinetobacter,NA,2.2.0,2.2.0,added in V2.2.0,
spaacinetobacterGrp,spa,acinetobacterGrp,Grupo Acinetobacter,Grupo de medidas/métodos relacionados con bacterias acinetobacter.,Se utiliza para describir la información del organismo para medidas generales.,2.2.0,2.2.0,added in V2.2.0,
spaacti,spa,acti,Número de casos activos,Número de casos activos - Número de casos activos.,NA,1.0.0,2.0.0,now a unit for any group or biologic infection,
spaactiCaseOn,spa,actiCaseOn,Número de casos activos por fecha de inicio,Número de casos activos por fecha de inicio - Número de casos activos por fecha de inicio.,"La fecha del episodio es la fecha más temprana de inicio, prueba o notificación de un caso confirmado.",2.2.0,2.2.0,added in V2.2.0,
spaactiEp,spa,actiEp,Número de casos activos por fecha de episodio,Número de casos activos por fecha de episodio - Número de casos activos por fecha de episodio.,"La fecha del episodio es la fecha más temprana de inicio, prueba o notificación de un caso confirmado.",2.2.0,2.2.0,added in V2.2.0,
spaactiRep,spa,actiRep,Número de casos activos por fecha de informe,Número de casos activos por fecha de reporte - Número de casos activos por fecha de reporte.,"La fecha del episodio es la fecha más temprana de inicio, prueba o notificación de un caso confirmado.",2.2.0,2.2.0,added in V2.2.0,
spaactiTest,spa,actiTest,Número de casos activos por fecha de prueba,Número de casos activos por fecha de prueba - Número de casos activos por fecha de prueba.,"La fecha del episodio es la fecha más temprana de inicio, prueba o notificación de un caso confirmado.",2.2.0,2.2.0,added in V2.2.0,
spaactive,spa,active,Activo,Indicador de que una parte está en uso actual.,NA,2.0.0,2.0.0,added in V2.0.0,
spaad,spa,ad,Abreviatura de tabla de direcciones,"Nombre abreviado utilizado para referenciar la tabla que contiene información sobre direcciones. Las direcciones pueden registrarse para sitios, organizaciones o contactos (individuos).",tabla,2.2.2,2.2.2,added in V 2.2.2,
spaaDate,spa,aDate,Fecha de análisis,Fecha en que se realizó la medición en el laboratorio.,NA,1.0.0,2.1.0,Github Issue #211,
spaaDateEnd,spa,aDateEnd,Fecha de finalización del análisis,Fecha en que se completó la medición o análisis.,NA,1.0.0,2.0.0,Depreciated. See issue #211. https://github.com/Big-Life-Lab/PHES-ODM/issues/211,
spaaDateStart,spa,aDateStart,Fecha de inicio del análisis,Fecha en que se inició la medición o análisis.,NA,1.0.0,2.0.0,NA,
spaaddL1,spa,addL1,Línea de dirección 1,"Línea 1 (el nombre de la calle, número y dirección) para una dirección dada.",NA,2.0.0,2.0.0,added in V2.0.0,
spaaddL2,spa,addL2,Línea de dirección 2,Línea 2 (el número de unidad) para una dirección dada.,NA,2.0.0,2.0.0,added in V2.0.0,
spaaddresses,spa,addresses,Tabla de direcciones,"Tabla que contiene información sobre direcciones. Las direcciones pueden registrarse para sitios, organizaciones o contactos (individuos).","Las tablas Sitios, Organizaciones y Contactos incluyen un enlace a la tabla de direcciones a través del ID de dirección.",2.0.0,2.0.0,NA,
spaaddressesOrder,spa,addressesOrder,Orden de columnas de la tabla de direcciones,Especifica el orden de las columnas en la tabla de Direcciones.,NA,2.0.0,2.0.0,added in V2.0.0,
spaaddressesRequired,spa,addressesRequired,Encabezados requeridos de la tabla de direcciones,Especifica las columnas requeridas en una tabla de Direcciones.,NA,2.0.0,2.0.0,added in V2.0.0,
spaaddressID,spa,addressID,ID de dirección,Identificador único para una dirección.,NA,2.0.0,2.0.0,added in V2.0.0,
spaadenovirusF40,spa,adenovirusF40,Adenovirus (F40/41),Adenovirus (F40/41) - Adenovirus (F40/41),NA,2.2.0,2.2.0,added in V2.2.0,
spaadenovirusGrp,spa,adenovirusGrp,Grupo Adenovirus,Grupo de medidas/métodos relacionados con Adenovirus.,Se utiliza para describir la información del organismo para medidas generales.,2.2.0,2.2.0,added in V2.2.0,
spaadmRegLevel,spa,admRegLevel,Regiones administrativas,Regiones administrativas - Regiones administrativas,NA,2.0.0,3.0.0,"Reactivated as organization level and sector categorical inputs, rather than attributes.",
spaadv40,spa,adv40,Adenovirus 40,Adenovirus serotipo 40 - Adenovirus serotipo 40.,NA,2.1.0,2.1.0,added in V2.1.0,
spaadv41,spa,adv41,Adenovirus 41,Adenovirus serotipo 41 - Adenovirus serotipo 41.,NA,2.1.0,2.1.0,added in V2.1.0,
spaadvF41Fibre,spa,advF41Fibre,Diana del gen de fibra del Adenovirus F41,Diana génica del gen Fiber del Adenovirus Humano Grupo F41,NA,2.1.0,2.1.0,added in V2.1.0,
spaafl30,spa,afl30,Licencia Académica Libre v3.0,Licenciamiento para la medida o conjunto de datos se gestiona bajo la Licencia Libre Académica v3.0.,NA,2.2.0,2.2.0,added in V2.2.0,
spaafu,spa,afu,Filtro de aire,Filtro de aire como parte de unidad de filtración o circulación.,"Normalmente, la unidad tendría un ventilador o un soplador. ",2.0.0,2.0.0,added in V2.0.0,
spaaggregationScale,spa,aggregationScale,Escala de agregación,Escala utilizada para una agregación. Solo aplicable para medidas y unidades.,NA,2.0.0,3.0.1,fixed partID typo - aggragation to aggregation.,
spaaggregation,spa,aggregation,Agregación,Medidas estadísticas utilizadas para reportar una medida. Cada agregación tiene un valor correspondiente.,"La agregación predeterminada es «single», que corresponde a una sola medición. ",1.0.0,2.0.0,restructured,
spaaggregationInput,spa,aggregationInput,Entrada de agregación (tabla amplia),ID de parte para la agregación que se utiliza en un nombre amplio.,NA,2.2.0,2.2.0,added in V2.2.0,
spaaggregationName,spa,aggregationName,Nombre de agregación (tabla amplia),Agregación referenciada para el nombre amplio.,NA,2.2.0,2.2.0,added in V2.2.0,
spaaggregations,spa,aggregations,Agregaciones,Medidas estadísticas utilizadas para reportar una medida. Cada medida reportada como número debe reportarse con una agregación.,"La agregación predeterminada es «single», que corresponde a una sola medición. ",2.0.0,2.0.0,added in V2.0.0,
spaaggregationScales,spa,aggregationScales,Escalas de agregación,Escala de un conjunto de agregación. Las escalas de agregación incluyen cuantitativa y cualitativa.,NA,2.0.0,2.0.0,added in V2.0.0,
spaaggregationSet,spa,aggregationSet,Conjunto de agregación,Conjunto de agregación para una unidad.,NA,2.0.0,2.0.0,added in V2.0.0,
spaaggregationSets,spa,aggregationSets,Conjuntos de agregación,Conjuntos de agregaciones - Conjuntos de agregaciones.,"Algunos ejemplos de conjuntos de agregación son logarítmico, lineal y booleano.",2.0.0,2.0.0,added in V2.0.0,
spaagpl30,spa,agpl30,Licencia Pública General GNU Affero v3.0,Licenciamiento para la medida o conjunto de datos se gestiona bajo la Licencia Pública General GNU Affero v3.0.,NA,2.2.0,2.2.0,added in V2.2.0,
spaair,spa,air,Compartimento de aire,Medida u observación hecha de una sustancia en el aire.,NA,2.0.0,2.0.0,"added in V2.0, changed to partType = compartment",
spaairCompartmentSet,spa,airCompartmentSet,Conjunto de compartimentos de aire,Conjunto de compartimento para medidas y métodos en el compartimento de aire.,NA,2.0.0,2.0.0,added in V2.0.0,
spaairpln,spa,airpln,Avión,Tipo de categoría de muestra de avión,NA,1.0.0,2.0.0,"description wording, structure",
spaairport,spa,airport,Aeropuerto,Tipo de categoría de muestra de aeropuerto,NA,2.0.0,2.0.0,added in V2.0.0,
spaairportLists,spa,airportLists,Hoja de cálculo de listas de aeropuertos,Listas de partes utilizadas para generar plantillas de entrada de datos de aeropuerto y avión.,NA,2.0.0,2.0.0,added in V2.0.0,
spaairportSheetSet,spa,airportSheetSet,Conjunto de hojas de aeropuerto,Hojas de trabajo en la plantilla completa de vigilancia de aeropuerto (lista + plantilla).,`ODM_template-planes_{version}.xlxs,2.0.0,2.0.0,added in V2.0.0,
spaairportTemplate,spa,airportTemplate,Plantilla de vigilancia de aeropuerto,Plantilla de entrada para vigilancia de aeropuerto y avión en la UE.,NA,2.0.0,2.1.0,Update,
spaairSurfaceCompartmentSet,spa,airSurfaceCompartmentSet,Conjunto de compartimentos de aire y superficie,Conjunto de compartimento para medidas y métodos en los compartimentos de aire o superficie.,NA,2.0.0,2.0.0,added in V2.0.0,
spaairTemp,spa,airTemp,Temperatura ambiental,Temperatura ambiental - Temperatura ambiental.,NA,1.0.0,2.0.0,"description wording, structure",
spaairWaterCompartmentSet,spa,airWaterCompartmentSet,Conjunto de compartimentos de aire y agua,Conjunto de compartimento para medidas y métodos en los compartimentos de aire o agua.,NA,2.0.0,2.0.0,added in V2.0.0,
spaaliasDep,spa,aliasDep,Alias obsoleto,ID de un ensayo que es igual o similar. Una lista separada por comas.,"Obsoleto a partir de la versión 2, evite su uso. Utilice notas en su lugar.",1.0.0,2.0.0,depreciated,
spaaliasIDDep,spa,aliasIDDep,ID de alias obsoleto,ID de alias - ID de alias,ID de un ensayo que es igual o similar. Lista separada por comas.,1.0.0,2.0.0,depreciated,
spaallDo,spa,allDo,Todos los dominios,"Dominio que especifica que podría aplicarse a todos los dominios; biológico, químico y físico.",NA,2.0.0,2.0.0,added in V2.0.0,
spaallele,spa,allele,Clase de alelos,Medidas y métodos relacionados con alelos.,NA,2.0.0,2.0.0,added in V2.0.0,
spaalleleUnitSet,spa,alleleUnitSet,Conjunto de unidades de alelos,Conjunto de unidades para alelos.,NA,2.0.0,2.0.0,added in V2.0.0,
spaallOrgs,spa,allOrgs,Acceso a toda la organización,"Si esto es 'no', estos datos no estarán disponibles para ninguna organización asociada. Si falta, los datos estarán disponibles para todas las organizaciones.",NA,1.0.0,2.0.0,depreciated,
spaalod,spa,alod,Límite de detección del ensayo (LOD),"Nivel mínimo de un objetivo consistentemente detectable (por ejemplo, con 95% de probabilidad) usando el ensayo considerando solo los pasos de amplificación y cuantificación de RT-qPCR.",NA,2.2.0,3.0.0,changed quality indicator set from general to measure.,
spaaloh3,spa,aloh3,Precipitación de Aloh3,Precipitación Aloh3 - Precipitación Aloh3,NA,2.0.0,2.0.0,"added in V2.0.0, added from NWSS",
spaamDefDep,spa,amDefDep,ID del método de ensayo por defecto obsoleto,Utilizado como predeterminado cuando se crea una nueva medición para este laboratorio. Ver ID en la tabla MétodoEnsayo.,"Obsoleto a partir de la versión 2, evite su uso. Especifique el tipo o póngase en contacto con el equipo de investigación de PHES-ODM para añadir su elemento específico a través de un problema de GitHub (https://github.com/Big-Life-Lab/PHES-ODM/issues) o en phesd_odm@ohri.ca",1.0.0,2.0.0,depreciated,
spaamiconUf,spa,amiconUf,Ultrafiltración Amicon,Ultrafiltración Amicon - Ultrafiltración Amicon,NA,2.0.0,2.0.0,"added in V2.0.0, added from NWSS",
spaamiMP96,spa,amiMP96,"Filtro Amicon, extraer con MP96","Extracción de ácido nucleico, usualmente utilizada para la fracción líquida de una muestra de aguas residuales, usando filtración amicon y usando un MP96 para extracción final.",NA,2.0.0,2.0.0,added in V2.0.0,
spaamp,spa,amp,Secuenciación de amplicones,Especifica la estrategia de amplicón para secuenciación genética,NA,2.0.0,2.0.0,added in V2.0.0,
spaampliArtifact,spa,ampliArtifact,Artefactos de amplificación de secuencias,Artefactos de amplificación de secuencia detectados.,NA,2.3.0,2.3.0,added in v 2.3.0,
spaamrGrp,spa,amrGrp,Grupo de resistencia antimicrobiana,Grupo para medidas y métodos pertenecientes a microbios resistentes a antimicrobianos (general).,NA,2.1.0,2.1.0,added in V2.1.0,
spaanaplasmaGrp,spa,anaplasmaGrp,Grupo Anaplasma,Grupo de medidas/métodos relacionados con bacterias anaplasma.,Se utiliza para describir la información del organismo para medidas generales.,2.2.0,2.2.0,added in V2.2.0,
spaandBoo,spa,andBoo,Agregación booleana AND,"Agregación ""Y"" - Agregación ""Y"".","Si todos los valores de la agregación son «TRUE», la agregación AND también es «TRUE». Si todos los valores de la agregación son «FALSE», la agregación AND también es «TRUE». ",2.0.0,2.0.0,added in V2.0.0,
spaanneal,spa,anneal,hibridación/extensión,Describe el ciclo de hibridación y/o extensión en un proceso PCR.,NA,2.2.0,2.2.0,added in V2.2.0,
spaanyCompartmentSet,spa,anyCompartmentSet,Cualquier conjunto de compartimentos,Conjunto de compartimento para medidas y métodos en cualquier compartimento.,NA,2.0.0,2.0.0,added in V2.0.0,
spaanySpecimenSet,spa,anySpecimenSet,Cualquier conjunto de especímenes,Conjunto de especímenes que incluye cualquier espécimen.,NA,2.0.0,2.0.0,added in V2.0.0,
spaapache20,spa,apache20,Licencia Apache 2.0,Licenciamiento para la medida o conjunto de datos se gestiona bajo la licencia Apache 2.0.,NA,2.2.0,2.2.0,added in V2.2.0,
spaaPhagocytophilum,spa,aPhagocytophilum,Anaplasma phagocytophilum,Anaplasma phagocytophilum - Anaplasma phagocytophilum,NA,2.2.0,2.2.0,added in V2.2.0,
spaareaPr,spa,areaPr,Muestra proporcional al área,Muestra proporcional al área.,Se utiliza para pruebas superficiales.,2.0.0,2.0.0,added in V2.0.0,
spaarTemp,spa,arTemp,Temperatura de llegada,Temperatura de una muestra al llegar al laboratorio para análisis.,NA,1.0.0,2.0.0,added in V2.0.0,
spaarticV3,spa,articV3,Uso del cebador articV3,Implementación inicial de una plataforma bioinformática ARTIC para secuenciación nanopore de coronavirus nCoV2019; cebador Artic Foundation v3.,NA,2.0.0,2.0.0,added in V2.0.0,
spaarticV4,spa,articV4,Uso del cebador articV4,Cebador de secuenciación Artic V4 para VOCs y VOIs.,NA,2.0.0,2.0.0,added in V2.0.0,
spaartistic20,spa,artistic20,Licencia artística 2.0,Licenciamiento para la medida o conjunto de datos se gestiona bajo la licencia Artística 2.0.,NA,2.2.0,2.2.0,added in V2.2.0,
spaasID,spa,asID,ID del ensayo,Vincula con el MétodoEnsayo utilizado para realizar el análisis. Usar instrument.ID para medidas que no son medidas virales.,"Obsoleto a partir de la versión 2, evite su uso. Consulte methodID en su lugar.",1.0.0,2.0.0,"depreciated, now covered by partID = methodID",
spaastrovirus,spa,astrovirus,Astrovirus,Astrovirus - Astrovirus,NA,2.2.0,2.2.0,added in V2.2.0,
spaastrovirusGrp,spa,astrovirusGrp,Grupo Astrovirus,Grupo de medidas/métodos relacionados con astrovirus.,Se utiliza para describir la información del organismo para medidas generales.,2.2.0,2.2.0,added in V2.2.0,
spaattributeInput,spa,attributeInput,Entrada de atributo (tabla amplia),ID de parte para el atributo que se utiliza en un nombre amplio.,NA,2.2.0,2.2.0,added in V2.2.0,
spaattributeName,spa,attributeName,Nombre de atributo (tabla amplia),Atributo referenciado para el nombre amplio.,NA,2.2.0,2.2.0,added in V2.2.0,
spaattributes,spa,attributes,Atributos,"Atributos describen el quién, dónde, cuándo y por qué de la vigilancia ambiental.","Hay atributos para dominio, espécimen, compartimento o tabla. Los atributos son uno de los tres componentes principales o formas de informar los datos de vigilancia ambiental. Los otros dos componentes son medidas y métodos.",2.0.0,2.0.0,added in V2.0.0,
spababesia,spa,babesia,Babesia,Babesia - Babesia,NA,2.2.0,2.2.0,added in V2.2.0,
spababesiaGrp,spa,babesiaGrp,Grupo Babesia o Nuttallia,Grupo de medidas/métodos relacionados con parásitos babesia.,Se utiliza para describir la información del organismo para medidas generales.,2.2.0,2.2.0,added in V2.2.0,
spabact16sABIFor,spa,bact16sABIFor,Cebador directo Bacteroides 16S (HF183) (ABI),Cebador directo Bacteroides 16S (HF183) (ABI),NA,2.2.0,2.2.0,added in V2.2.0,
spabact16sABIProbe,spa,bact16sABIProbe,Sonda Bacteroides 16S (BacP234) (ABI),Sonda Bacteroides 16S (BacP234) (ABI),NA,2.2.0,2.2.0,added in V2.2.0,
spabact16sABIRev,spa,bact16sABIRev,Cebador reverso Bacteroides 16S (BacR287) (ABI),Cebador reverso Bacteroides 16S (BacR287) (ABI),NA,2.2.0,2.2.0,added in V2.2.0,
spabacteriaUnitSet,spa,bacteriaUnitSet,Conjunto de unidades de bacterias,Conjunto de unidades para mediciones relacionadas con bacterias.,NA,2.0.0,2.0.0,added in V2.0.0,
spabacteroidesGrp,spa,bacteroidesGrp,Grupo Bacteroides,Grupo de medidas/métodos relacionados con bacterias bacteroides.,Se utiliza para describir la información del organismo para medidas generales.,2.2.0,2.2.0,added in V2.2.0,
spabactFung,spa,bactFung,Clase de bacterias y hongos,Medidas y métodos relacionados con bacterias.,NA,2.0.0,2.0.0,added in V2.0.0,
spabactMisc,spa,bactMisc,Grupo de bacterias diversas,Grupo de medidas/métodos relacionados con bacterias misceláneas.,"Las bacterias misceláneas suelen tener solo una medida o método. Cuando una bacteria tiene muchas medidas, se le asignará su propio groupID en las versiones actualizadas del diccionario.",2.0.0,3.0.0,Re-activated to manage grouping for generic bacterial wet lab methods.,
spabbMP96,spa,bbMP96,"Batido con perlas, extraer con MP96","Extracción de ácido nucleico, usualmente utilizada para fracción sólida de una muestra de aguas residuales, usando batido de perlas y usando un MP96 para extracción final.",NA,2.0.0,2.0.0,added in V2.0.0,
spabBurgdorferi,spa,bBurgdorferi,Borrelia burgdorferi,Borrelia burgdorferi - Borrelia burgdorferi,NA,2.2.0,2.2.0,added in V2.2.0,
spabcov,spa,bcov,bcov,Medida de la cantidad de coronavirus bovino.,NA,2.0.0,2.0.0,added in V2.0.0,
spabcovCul,spa,bcovCul,Diana de cultivo bcov,Coronavirus bovino cultivado se utiliza como objetivo de control de eficiencia de recuperación.,NA,2.0.0,2.0.0,added in V2.0.0,
spabcovGen,spa,bcovGen,Diana bcov (no especificada),Coronavirus bovino (no especificado) se utiliza como objetivo de control de eficiencia de recuperación.,NA,2.2.0,2.2.0,added in V2.2.0,
spabcovVac,spa,bcovVac,Diana de vacuna bcov,Vacuna de coronavirus bovino se utiliza como objetivo de control de eficiencia de recuperación.,NA,2.0.0,2.0.0,added in V2.0.0,
spabeeExtractFloc,spa,beeExtractFloc,Floculación de extracto de carne,Floculación de extracto de carne de res.,NA,2.0.0,2.0.0,added in V2.0.0,
spabefore,spa,before,Es anterior,Especifica que el paso u objeto del protocolo ocurre antes que el paso o protocolo sujeto en el contenedor de protocolo general.,Utilizar solo para la relación de tabla protocolRelationships relationshipID.,2.0.0,2.0.0,added in V2.0.0,
spabeLOD,spa,beLOD,Por debajo del LOD,Medida está por debajo del límite de detección (LOD) para un analito específico.,NA,2.0.0,2.0.0,added in V2.0.0,
spabelowLOQ,spa,belowLOQ,Niveles medidos por debajo del LOQ,"Indica que una medición detectó el analito, pero a niveles por debajo del límite de cuantificación (LOQ).",NA,2.2.3,2.2.3,added in v 2.2.3,
spabeta,spa,beta,Beta,B.1.351 - B.1.351,NA,2.0.0,2.0.0,added in V2.0.0,
spabetaCoronaGrp,spa,betaCoronaGrp,Grupo Beta Coronavirus,Grupo de medidas/métodos relacionados con beta coronavirus.,Se utiliza para describir la información del organismo para medidas generales.,2.2.0,2.2.0,added in V2.2.0,
spabio,spa,bio,Biológico,Organismo vivo o sustancia biológica.,NA,2.0.0,2.0.0,added in V2.0.0,
spabioRadDdpcr,spa,bioRadDdpcr,PCR de emulsificación de gotas digitales,Describe un análisis PCR realizado usando la tecnología PCR de emulsificación de gotas digitales de BioRad.,NA,2.0.0,2.0.0,added in V2.0.0,
spabLacAMRGrp,spa,bLacAMRGrp,Grupo de resistencia antimicrobiana beta-lactamasa,Grupo para medidas y métodos pertenecientes a resistencia antimicrobiana relacionada con beta-lactamasa.,NA,2.1.0,2.1.0,added in V2.1.0,
spablaCMY,spa,blaCMY,Diana del gen de resistencia beta-lactamasa cefalomicina,Diana génica de resistencia antimicrobiana Beta-Lactamasa Cefamicina.,NA,2.2.0,2.2.0,added in V2.2.0,
spablaCTXM1,spa,blaCTXM1,Diana del gen de resistencia beta-lactamasa CTX-M,Diana génica de resistencia antimicrobiana Beta-Lactamasa CTX-M.,NA,2.2.0,2.2.0,added in V2.2.0,
spablaIMP,spa,blaIMP,Diana del gen de resistencia beta-lactamasa impenemasa (IMP),Diana génica de resistencia antimicrobiana Beta-Lactamasa Impenemasa (IMP).,NA,2.2.0,2.2.0,added in V2.2.0,
spablaKPC,spa,blaKPC,Diana del gen de resistencia beta-lactamasa carbapenem de Klebsiella pneumoniae (KPC),Diana génica de resistencia antimicrobiana Beta-Lactamasa Carbapenam de Klebsiella pneumoniae (KPC).,NA,2.2.0,2.2.0,added in V2.2.0,
spablaNDM,spa,blaNDM,Diana del gen de resistencia beta-lactamasa metalo Nueva Delhi (NDM),Diana génica de resistencia antimicrobiana Beta-Lactamasa Metalo- Nueva-Delhi (NDM).,NA,2.2.0,2.2.0,added in V2.2.0,
spablaOXA48,spa,blaOXA48,Diana del gen de resistencia beta-lactamasa tipo OXA,Diana génica de resistencia antimicrobiana Beta-Lactamasa tipo OXA.,NA,2.2.0,2.2.0,added in V2.2.0,
spablaSHV,spa,blaSHV,Diana del gen de resistencia beta-lactamasa SHV,Diana génica de resistencia antimicrobiana Beta-Lactamasa tipo SHV.,NA,2.2.0,2.2.0,added in V2.2.0,
spablaTEM,spa,blaTEM,Diana del gen de resistencia beta-lactamasa TEM,Diana génica de resistencia antimicrobiana Beta-Lactamasa tipo TEM.,NA,2.2.0,2.2.0,added in V2.2.0,
spablaVIM,spa,blaVIM,Diana del gen de resistencia beta-lactamasa metalo codificada por integrón de Verona (VIM),Diana génica de resistencia antimicrobiana Beta-Lactamasa Metalo- Codificada por Integrón Verone (VIM).,NA,2.2.0,2.2.0,added in V2.2.0,
spablob,spa,blob,Tipo de datos objeto binario grande (BLOB),Tipo de datos para datos de Objeto Binario Grande (BLOB).,Solo se utiliza para las entradas del diccionario de partes.,2.0.0,2.0.0,added in V2.0.0,
spaboc,spa,boc,Amplitud de cobertura (>=5x profundidad),"Porcentaje del genoma de referencia cubierto por los datos secuenciados, a una profundidad de lectura prescrita mayor o igual a 5.",Informar como porcentaje de posiciones.,2.0.0,2.0.0,Issue #120,
spabod5c,spa,bod5c,Demanda bioquímica de oxígeno carbonácea de 5 días,"Cantidad de oxígeno utilizada para la degradación bioquímica de materia orgánica bajo procedimientos de laboratorio estándar en cinco (5) días en presencia de un inhibidor de nitrificación, expresada en miligramos por litro (mg/l).",NA,1.1.0,2.0.0,"description wording, structure",
spabod5t,spa,bod5t,Demanda bioquímica de oxígeno total de 5 días,Demanda bioquímica total de oxígeno en 5 días.,NA,1.1.0,2.0.0,"description wording, structure",
spaboolean,spa,boolean,Tipo de datos booleano,Tipo de datos para datos booleanos/binarios.,Codificado como «TRUE» o «FALSE»,2.0.0,2.0.0,added in V2.0.0,
spabooleanAggrSet,spa,booleanAggrSet,Conjunto de agregación booleana,Conjunto de agregación para booleanos.,NA,2.0.0,2.0.0,added in V2.0.0,
spabooleanSet,spa,booleanSet,Conjunto de valores booleanos,Conjunto que contiene los valores válidos posibles para una medida booleana (VERDADERO o FALSO).,NA,2.0.0,2.0.0,added in V2.0.0,
spaborreliaGrp,spa,borreliaGrp,Grupo Borrelia burgdorferi o enfermedad de Lyme,Grupo de medidas/métodos relacionados con la Borrelia burgdorferi o la enfermedad de Lyme.,Se utiliza para describir la información del organismo para medidas generales.,2.2.0,2.2.0,added in V2.2.0,
spabrsv,spa,brsv,Grupo del virus respiratorio sincitial bovino,Virus respiratorio sincitial bovino.,NA,2.0.0,2.0.0,added in V2.0.0,
spabrsvCul,spa,brsvCul,Diana de cultivo brsv,El virus respiratorio sincitial bovino (BRSV) cultivado se utiliza como objetivo de control de la eficiencia de recuperación.,NA,2.0.0,2.0.0,added in V2.0.0,
spabrsvN,spa,brsvN,BRSV-N,Región del gen de la proteína de la cápside del virus respiratorio sincitial bovino,NA,1.0.0,2.0.0,added in V2.0.0,
spabrsvVac,spa,brsvVac,Diana de vacuna brsv,La vacuna contra el virus respiratorio sincitial bovino (BRSV) se utiliza como objetivo de control de la eficiencia de recuperación.,NA,2.0.0,2.0.0,added in V2.0.0,
spabrucella,spa,brucella,Brucella,Brucella,NA,2.2.0,2.2.0,added in V2.2.0,
spabrucellaGrp,spa,brucellaGrp,Grupo Brucella,Grupo de medidas/métodos relacionados con la bacteria Brucella.,Se utiliza para describir la información del organismo para medidas generales.,2.2.0,2.2.0,added in V2.2.0,
spabsd0,spa,bsd0,Licencia BSD de cláusula cero,La licencia de la medida o el conjunto de datos se gestiona bajo la licencia BSD Zero-Clause.,NA,2.2.0,2.2.0,added in V2.2.0,
spabsd2Clause,spa,bsd2Clause,"Licencia BSD ""simplificada"" de 2 cláusulas",La licencia de la medida o el conjunto de datos se gestiona bajo la licencia BSD 2-clause «Simplified».,NA,2.2.0,2.2.0,added in V2.2.0,
spabsd3Clause,spa,bsd3Clause,"Licencia BSD ""nueva"" o ""revisada"" de 3 cláusulas",La licencia de la medida o el conjunto de datos se gestiona bajo la licencia BSD de 3 cláusulas «Nueva» o «Revisada».,NA,2.2.0,2.2.0,added in V2.2.0,
spabsd3ClauseClear,spa,bsd3ClauseClear,Licencia BSD clara de 3 cláusulas,La licencia de la medida o el conjunto de datos se gestiona bajo la licencia BSD de 3 cláusulas «Clarificada».,NA,2.2.0,2.2.0,added in V2.2.0,
spabsd4Clause,spa,bsd4Clause,"Licencia BSD ""original"" o ""antigua"" de 4 cláusulas",La licencia de la medida o el conjunto de datos se gestiona bajo la licencia BSD de 4 cláusulas «Original» o «Antigua».,NA,2.2.0,2.2.0,added in V2.2.0,
spabsl10,spa,bsl10,Licencia de software Boost 1.0,La licencia de la medida o el conjunto de datos se gestiona bajo la licencia Boost Software License 1.0.,NA,2.2.0,2.2.0,added in V2.2.0,
spabSwrPpl,spa,bSwrPpl,Tubería de alcantarillado ramificada,"Especifica un tipo de emplazamiento que es una tubería de recogida que discurre lateralmente a otras líneas de alcantarillado municipales, permitiendo el drenaje hacia la red principal de alcantarillado.",NA,1.0.0,2.0.0,"description wording, structure",
spabuildCO,spa,buildCO,Limpieza de edificio,Especifica un tipo de emplazamiento que es una tubería tapada que se conecta a la línea principal de alcantarillado de un edificio.,NA,1.0.0,2.0.0,"description wording, structure",
spabus,spa,bus,Autobús,"Vehículo motorizado de gran tamaño que transporta pasajeros por carretera, normalmente uno que presta servicio al público en una ruta fija y a cambio de una tarifa.",NA,2.2.3,2.2.3,added in v2.2.3,
spabusStat,spa,busStat,Estación de autobuses,Terminal donde llegan y salen los autobuses.,NA,2.2.3,2.2.3,added in v2.2.3,
spacaff,spa,caff,Cafeína,Cafeína (normalmente medida como indicador químico fecal humano).,NA,2.2.0,2.2.0,added in V2.2.0,
spaCalprotectin,spa,Calprotectin,Calprotectina,La calprotectina es una proteína de la familia S-100 que se une al calcio y al zinc y se encuentra principalmente en los neutrófilos y en todo el cuerpo humano. La presencia de calprotectina en las heces es consecuencia de la migración de neutrófilos al tejido gastrointestinal debido a un proceso inflamatorio.,NA,2.2.0,3.0.0,officially activate in v 3.0.0,
spacamp,spa,camp,Campylobacter,Campylobacter.,NA,2.1.0,2.1.0,added in V2.1.0,
spacampGrp,spa,campGrp,Grupo Campylobacter,Grupo de medidas/métodos relacionados con la bacteria Campylobacter.,Se utiliza para describir la información del organismo para medidas generales.,2.2.0,2.2.0,added in V2.2.0,
spacapacity,spa,capacity,Clase de capacidad,Medidas y métodos relacionados con la capacidad.,NA,2.0.0,2.0.0,added in V2.0.0,
spacapacityUnitSet,spa,capacityUnitSet,Conjunto de unidades de capacidad,Conjunto de unidades para mediciones de capacidad.,NA,2.0.0,2.0.0,added in V2.0.0,
spacapitalEndonym,spa,capitalEndonym,Endónimo de ciudad capital,Nombre que utilizan los lugareños para referirse a la capital de su país.,"Preprogramado en tablas de diccionario, no editable por los usuarios.",2.1.0,2.1.0,added in V2.1.0,
spacapitalExonym,spa,capitalExonym,Exónimo de ciudad capital,Nombre en inglés que utilizan los extranjeros para referirse a la capital del país.,"Preprogramado en tablas de diccionario, no editable por los usuarios.",2.1.0,2.1.0,added in V2.1.0,
spacaRepDate,spa,caRepDate,Fecha de informe de caso,"Fecha en la que se hicieron públicos los datos. Por lo general, los datos comunicados y esta medida son los que se comunican y utilizan con mayor frecuencia.",NA,1.0.0,2.0.0,depreciated,
spacaseEpDate,spa,caseEpDate,Fecha de episodio de casos confirmados,"La fecha del episodio es la fecha más temprana de inicio, prueba o notificación de un caso confirmado.",NA,1.0.0,2.0.0,now a unit for any group or biologic infection,
spacaseOnDate,spa,caseOnDate,Fecha de inicio de casos confirmados,"La fecha más temprana en la que se notificaron los síntomas de un caso confirmado. A menudo, estos datos se desconocen y no se notifican. En su lugar, se utiliza el episodio.",NA,1.0.0,2.0.0,now a unit for any group or biologic infection,
spacaseRepDate,spa,caseRepDate,Fecha de informe de casos confirmados,"Fecha en la que se notificaron públicamente las cifras de un caso confirmado. Por lo general, los datos notificados y esta medida son los que se notifican y utilizan con mayor frecuencia.",NA,1.0.0,2.0.0,now a unit for any group or biologic infection,
spacaseTestDate,spa,caseTestDate,Fecha de prueba de casos confirmados,Fecha en la que se realizó la prueba de COVID-19 para un caso confirmado.,NA,1.0.0,2.0.0,now a unit for any group or biologic infection,
spacategorical,spa,categorical,Tipo de datos categórico,Tipo de datos para datos categóricos.,Solo se utiliza para las entradas del diccionario de piezas.,2.0.0,2.0.0,added in V2.0.0,
spacategories,spa,categories,Categorías,"Lista discreta de valores que se pueden notificar para una medida, método o atributo.","Un ejemplo de uso de las categorías sería cómo se utilizan para registrar el lugar donde se toma una medida (partID = geoType). Para el atributo geoType hay diferentes tipos de sitios donde se pueden tomar muestras: una planta de tratamiento de aguas residuales, un tanque de almacenamiento de aviones, una estación de bombeo de aguas residuales, etc. Cada uno de estos tipos de sitios se registra como una categoría que se puede identificar en categorySetID = sTypeCatSets",2.0.0,2.0.0,added in V2.0.0,
spacAuris,spa,cAuris,Candida auris,"Especie de levadura Candida auris, o C. auris.",NA,2.1.0,2.1.0,added in V2.1.0,
spacAurisGrp,spa,cAurisGrp,Grupo Candida auris,Grupo de medidas/métodos relacionados con Candida auris.,Se utiliza para describir la información del organismo para medidas generales.,2.2.0,2.2.0,added in V2.2.0,
spacbp,spa,cbp,Genes codificadores de carbapenemasas,Genes que codifican la carbapenemasa.,NA,2.1.0,2.1.0,added in V2.1.0,
spacc010,spa,cc010,Creative Commons Zero v1.0 Universal,La licencia de la medida o el conjunto de datos se gestiona bajo la licencia Creative Commons Zero v1.0 Universal.,NA,2.2.0,2.2.0,added in V2.2.0,
spaccby40,spa,ccby40,Creative Commons Atribución 4.0,La licencia de la medida o el conjunto de datos se gestiona bajo la licencia Creative Commons Attribution 4.0.,NA,2.2.0,2.2.0,added in V2.2.0,
spaccbync40,spa,ccbync40,Licencia CC BY-NC 4.0,"La licencia de la medida o el conjunto de datos se gestiona bajo la licencia Creative Commons 4.0 por atribución, no comercial internacional.",NA,2.2.3,2.2.3,added in v 2.2.3,
spaccbyncsa40,spa,ccbyncsa40,Licencia CC BY-NC-SA 4.0,"La licencia de la medida o el conjunto de datos se gestiona bajo la licencia Creative Commons 4.0 por atribución, no comercial y compartir igual internacional.",NA,2.2.3,2.2.3,added in v 2.2.3,
spaccbysa40,spa,ccbysa40,Creative Commons Atribución CompartirIgual 4.0,La licencia de la medida o el conjunto de datos se gestiona bajo la licencia Creative Commons Attribution ShareAlike 4.0.,NA,2.2.0,2.2.0,added in V2.2.0,
spaccc,spa,ccc,Hospital de atención aguda a largo plazo,Hospitales de cuidados agudos o cuidados continuos complejos que atienden a pacientes con una estancia media superior a 25 días. ,NA,2.0.0,2.0.0,added in V2.0.0,
spacdc,spa,cdc,Guardería infantil,Guardería infantil.,NA,2.0.0,2.0.0,added in V2.0.0,
spacdcCovEIDTFor,spa,cdcCovEIDTFor,Cebador directo Sarbeco_E (IDT),Cebador directo Sarbeco_E (IDT),NA,2.2.0,2.2.0,added in V2.2.0,
spacdcCovEIDTProbe,spa,cdcCovEIDTProbe,Sonda Sarbeco_E (IDT),Sonda Sarbeco_E (IDT),NA,2.2.0,2.2.0,added in V2.2.0,
spacdcCovEIDTRev,spa,cdcCovEIDTRev,Cebador reverso Sarbeco_E (IDT),Cebador inverso Sarbeco_E (IDT),NA,2.2.0,2.2.0,added in V2.2.0,
spacdcCovN1IDTFor,spa,cdcCovN1IDTFor,Cebador directo 2019-nCoV_N1 (IDT),2019-nCoV_N1 cebador directo (IDT),NA,2.2.0,2.2.0,added in V2.2.0,
spacdcCovN1IDTProbe,spa,cdcCovN1IDTProbe,Sonda 2019-nCoV_N1 (IDT),2019-nCoV_N1 sonda (IDT),NA,2.2.0,2.2.0,added in V2.2.0,
spacdcCovN1IDTRev,spa,cdcCovN1IDTRev,Cebador reverso 2019-nCoV_N1 (IDT),2019-nCoV_N1 cebador inverso (IDT),NA,2.2.0,2.2.0,added in V2.2.0,
spacdcCovN2IDTFor,spa,cdcCovN2IDTFor,Cebador directo 2019-nCoV_N2 (IDT),2019-nCoV_N2 cebador directo (IDT),NA,2.2.0,2.2.0,added in V2.2.0,
spacdcCovN2IDTProbe,spa,cdcCovN2IDTProbe,Sonda 2019-nCoV_N2 (IDT),2019-nCoV_N2 sonda (IDT),NA,2.2.0,2.2.0,added in V2.2.0,
spacdcCovN2IDTRev,spa,cdcCovN2IDTRev,Cebador reverso 2019-nCoV_N2 (IDT),2019-nCoV_N2 cebador inverso (IDT),NA,2.2.0,2.2.0,added in V2.2.0,
spacdcCovN3IDTFor,spa,cdcCovN3IDTFor,Cebador directo 2019-nCoV_N3 (IDT),2019-nCoV_N3 cebador directo (IDT),NA,2.2.0,2.2.0,added in V2.2.0,
spacdcCovN3IDTProbe,spa,cdcCovN3IDTProbe,Sonda 2019-nCoV_N3 (IDT),2019-nCoV_N3 sonda (IDT),NA,2.2.0,2.2.0,added in V2.2.0,
spacdcCovN3IDTRev,spa,cdcCovN3IDTRev,Cebador reverso 2019-nCoV_N3 (IDT),2019-nCoV_N3 cebador inverso (IDT),NA,2.2.0,2.2.0,added in V2.2.0,
spacDiff,spa,cDiff,Clostridium difficile,Clostridium difficile,NA,2.2.0,2.2.0,added in V2.2.0,
spacDip,spa,cDip,Corynebacterium diphtheriae,Corynebacterium diphtheriae,NA,2.2.0,2.2.0,added in V2.2.0,
spacecill21,spa,cecill21,Acuerdo de licencia de software libre CeCILL v2.1,La licencia para la medida o el conjunto de datos se gestiona bajo el Acuerdo de licencia de software libre CeCILL v2.1.,NA,2.2.0,2.2.0,added in V2.2.0,
spacel,spa,cel,Grados Celsius,Grados Celsius.,NA,1.1.0,2.0.0,description wording.,
spacent,spa,cent,Centrifugación,Describe la separación de sólidos de una muestra de aguas residuales mediante centrifugación. Probablemente relacionado con otros pasos del método previos al análisis.,NA,2.0.0,2.0.0,added in V2.0.0,
spacentriconUf,spa,centriconUf,Ultrafiltración Centricon,Ultrafiltración Centricon.,NA,2.0.0,2.0.0,"added in V2.0.0, added from NWSS",
spacentSpeed,spa,centSpeed,Velocidad de centrifugación,Velocidad de centrifugación,NA,2.2.0,2.2.0,added in V2.2.0,
spaceres,spa,ceres,Nanotrampa Ceres,Ceres nanotrap.,NA,2.0.0,2.0.0,"added in V2.0.0, added from NWSS",
spacesspit,spa,cesspit,Pozo séptico,"En algunos contextos, los términos «pozo negro», «fosa séptica» y «pozo de absorción» tienen varios significados: se utilizan para describir un tanque de almacenamiento subterráneo (sellado en la parte inferior) o un pozo de absorción (sin sellar en la parte inferior). Un pozo negro puede utilizarse para la recogida y el almacenamiento temporal de heces, excrementos o lodos fecales como parte de un sistema de saneamiento in situ y tiene algunas similitudes con las fosas sépticas o los pozos de absorción. ",NA,2.2.3,2.2.3,added in v2.2.3,
spacfu,spa,cfu,Unidades formadoras de colonias,Unidades formadoras de colonias,NA,3.0.0,3.0.0,added in V3.0.0,
spacfu100,spa,cfu100,UFC por 100 ml,Unidades formadoras de colonias por cada 100 ml de muestra filtrada.,NA,1.1.0,2.0.0,description wording.,
spacfugTS,spa,cfugTS,Unidades formadoras de colonias por gramos de sólidos totales,Unidades formadoras de colonias por gramos de sólidos totales (UFC/gST),NA,3.0.0,3.0.0,added in V3.0.0,
spacfumL,spa,cfumL,Unidades formadoras de colonias por mililitro,Unidades formadoras de colonias por mililitro (UFC/ml),NA,3.0.0,3.0.0,added in V3.0.0,
spachanges,spa,changes,Columna de cambios,Una columna para registrar los cambios con respecto a una versión anterior.,Utilice esta columna como registro de cambios abreviado para el desarrollo del diccionario.,2.0.0,2.0.0,added in V2.0.0,
spacharLength,spa,charLength,longitud de caracteres,El número de caracteres utilizados para los nombres amplios.,NA,2.2.0,2.2.0,added in V2.2.0,
spache,spa,che,Químico,Compuesto químico.,NA,2.0.0,2.0.0,added in V2.0.0,
spachemVir,spa,chemVir,Kit chemagic viral dna/rna 300,Extracción de ácido nucleico realizada con el kit Chemagic Viral DNA/RNA 300.,NA,2.0.0,2.0.0,"added in V2.0.0, added from NWSS",
spachikungunyaGrp,spa,chikungunyaGrp,Grupo Chikungunya,Grupo de medidas/métodos relacionados con el virus chikungunya.,Se utiliza para describir la información del organismo para medidas generales.,2.2.0,2.2.0,added in V2.2.0,
spachikv,spa,chikv,Virus del chikungunya (CHIKV),Virus chikungunya (CHIKV),NA,2.2.0,2.2.0,added in V2.2.0,
spachild,spa,child,Relación filial,"Indica que se trata de una muestra generada a partir de otra(s) muestra(s), ya sea por agrupación o por submuestreo.",NA,1.0.0,2.0.0,changed to a relationshipID value.,
spachlamydia,spa,chlamydia,Clamidia,Clamidia,NA,2.2.0,2.2.0,added in V2.2.0,
spachlamydiaGrp,spa,chlamydiaGrp,Grupo Clamidia,Grupo de medidas/métodos relacionados con la bacteria clamidia.,Se utiliza para describir la información del organismo para medidas generales.,2.2.0,2.2.0,added in V2.2.0,
spacity,spa,city,Ciudad,Ciudad en la que se encuentra un sitio u organización; parte de la dirección.,NA,1.0.0,2.0.0,"description wording, structure",
spacJejuni,spa,cJejuni,Bacteria Campylobacter jejuni,Gen objetivo/medición de Campylobacter jejuni,NA,2.1.0,2.1.0,added in V2.1.0,
spacK,spa,cK,Clave compuesta,Clave compuesta para una tabla.,"Todas las tablas de informes tienen una clave principal: la clave compuesta actúa como clave principal, pero se produce como una combinación de otros campos. Cada fila de una tabla de informes tiene un identificador único registrado en la clave principal/clave compuesta. ",2.2.2,2.2.2,added in V 2.2.2,
spaclari,spa,clari,Muestra clarificada,Muestra clarificada.,NA,1.0.0,2.0.0,NA,
spaclass,spa,class,Clase,"Un identificador único para una clase, que es similar a un subgrupo; es una forma de agrupar partes dentro de un grupo determinado. Un grupo puede tener una o más clases para describir diferentes partes de la clase. ","Actualmente, la clase solo se utiliza para biol",2.0.0,2.0.0,added in V2.0.0,
spaclasses,spa,classes,Clases,Una clase es una colección de una o más medidas o métodos relacionados dentro de un grupo. Un grupo puede tener una o más clases para describir diferentes partes de la clase. ,NA,2.0.0,2.0.0,added in V2.0.0,
spaclostridiumGrp,spa,clostridiumGrp,Grupo Clostridium,Un grupo de medidas/métodos relacionados con las bacterias clostridium.,Se utiliza para describir la información del organismo para medidas generales.,2.2.0,2.2.0,added in V2.2.0,
spacloudy,spa,cloudy,Nublado,"Categoría cualitativa para la medida meteorológica, que especifica un día nublado sin lluvia.",NA,2.0.0,2.0.0,added in V2.0; github issue #124 and #204,
spacm,spa,cm,Centímetros,Unidad de medida del sistema internacional de unidades (SI) equivalente a un centímetro.,NA,2.0.0,2.0.0,added in V2.0.0,
spaco,spa,co,Abreviatura de tabla de contactos,"Abreviatura utilizada para referirse a la tabla que contiene información sobre un contacto, es decir, una persona que es el contacto de un sitio o laboratorio.",tabla,2.2.2,2.2.2,added in V 2.2.2,
spaco2,spa,co2,Dióxido de carbono,Medida de la cantidad o concentración de dióxido de carbono.,NA,2.0.0,2.0.0,added in V2.0; github issue #202,
spacod,spa,cod,Demanda química de oxígeno,Demanda química de oxígeno.,NA,1.0.0,2.0.0,"description wording, structure",
spacol2Frdg,spa,col2Frdg,Tiempo de recolección a almacenamiento,El tiempo transcurrido entre la recogida de muestras y su colocación en un almacenamiento/refrigeración estable.,NA,2.2.0,2.2.0,added in V2.2.0,
spacolAMRGrp,spa,colAMRGrp,Grupo de resistencia antimicrobiana a colistina,El grupo de medidas y métodos relacionados con la resistencia antimicrobiana relacionada con la colistina.,NA,2.1.0,2.1.0,added in V2.1.0,
spacolGrp,spa,colGrp,Grupo de recolección,Un grupo de atributos similares a mediciones relacionados con la recogida de muestras.,NA,2.0.0,2.0.0,added in V2.0.0,
spacolis,spa,colis,Resistencia a colistina,Bacterias resistentes a la colistina.,NA,2.1.0,2.1.0,added in V2.1.0,
spacollDT,spa,collDT,Fecha y hora de recolección,"Para las muestras puntuales, se trata de la fecha, la hora y la zona horaria en que se tomó la muestra.",NA,1.0.0,2.0.0,Update in line with Github Issue #211,
spacollDTEnd,spa,collDTEnd,Fecha y hora de finalización de recolección,"Para las muestras integradas con promedio temporal, se trata de la fecha, la hora y la zona horaria en que se terminó de tomar la muestra.",NA,1.0.0,2.0.0,Update in line with Github Issue #211,
spacollDTStart,spa,collDTStart,Fecha y hora de inicio de recolección,"Para las muestras integradas con promedio temporal, se trata de la fecha, la hora y la zona horaria en que se comenzó a tomar la muestra.",NA,1.0.0,2.0.0,Update in line with Github Issue #211,
spacollectSet,spa,collectSet,Conjunto de recolección de muestras,Métodos de recogida de muestras. ,"Los métodos de recolección de muestras incluyen agua, aire y superficie. Véase el atributo «Conjunto de compartimentos» del método de recolección de muestras.",2.0.0,2.0.0,added in V2.0.0,
spacollNum,spa,collNum,Número de recolección,"Número de submuestras que se combinaron para crear la muestra. Utilice NA para el muestreo continuo, proporcional o pasivo.",NA,2.0.0,2.0.0,added in V2.0.0,
spacollNumPer,spa,collNumPer,Período y número de recolección,Número de recolección compuesta.período.,"«Se trata de una medida compuesta que combina el «período de recolección» (collPer) y el «número de recolección» (collNum). El número y el período de recolección pueden utilizarse para reducir el número de encabezados de la tabla durante la recolección de datos. En el almacenamiento de datos, «collNum» y «collPeriod» deben transformarse en «collPer» y «collNum». Para muestras puntuales, muestras de superficie o muestras proporcionales al área, simplemente introduzca 1.   En el caso de muestras compuestas y proporcionales al flujo, introduzca el número de submuestras seguido de un punto y, a continuación, el periodo de muestreo en horas. Por ejemplo, para 4 submuestras compuestas que cubren un periodo de 8 horas, la entrada sería 4,2. Para 24 submuestras proporcionales al tiempo recogidas cada hora, la entrada sería 24,1. Para muestras proporcionales al volumen, la entrada para 24 submuestras recogidas durante 24 horas debería ser 24,24; en este caso, la parte del periodo de la entrada debe entenderse como el tiempo total de recogida en lugar de la periodicidad de la recogida. Para una bola COSCA o un hisopo Moore que recoge durante 24 horas, la entrada sería 1,24"".",2.0.0,3.0.0,"Depreciated as it really belongs in the widenames table, not parts.",
spacollPer,spa,collPer,Período de recolección,"Período de recolección. El período de tiempo durante el cual se recolectó la muestra, en horas. Alternativamente, utilice collectionStart y collectionEnd.","Ejemplos: 1 hora, 6 horas, 24 horas",2.0.0,2.0.0,added in V2.0.0,
spacollType,spa,collType,Tipo de recolección de muestra,El tipo de recolección. ,NA,1.0.0,2.0.0,description wording,
spacolocated,spa,colocated,relación de ubicación conjunta,"Segunda muestra o muestras múltiples recolectadas  en o cerca (entre medio metro y un metro de distancia) de la misma ubicación de muestra seleccionada para determinar la variabilidad local de un analito determinado. Los resultados analíticos de las muestras co-ubicadas pueden utilizarse para evaluar la variación del sitio, pero solo en el área de muestreo inmediata. Las muestras tomadas en la misma ubicación pero utilizando diferentes medios (es decir, muestras de agua y aire, muestras de suelo y sedimentos) también se clasifican como muestras co-ubicadas.",NA,2.0.0,2.0.0,added in V2.0; GitHub issue #94,
spacolumnNameDep,spa,columnNameDep,Nombre de columna obsoleto,Nombre de la columna,Depreciado en la versión 2 de ODM. Las tablas de consulta ahora se incorporan en partes y conjuntos.,1.0.0,2.0.0,depreciated,
spacommFacOth,spa,commFacOth,Instalación comercial - no especificada,Especifica un tipo de sitio que es una instalación comercial/lugar de trabajo que no se captura ni se describe de otra manera en el conjunto de geotipos.,NA,2.2.0,2.2.0,added in V2.2.0,
spacomp,spa,comp,Muestra compuesta - archivo,"Muestra compuesta, normalmente generada por un muestreador automático.","Está pensado para actualizar y asignar datos de archivo a la versión más reciente de ODM. Por lo general, los muestreadores automáticos realizan muestreos proporcionales al tiempo o al flujo, por lo que se deben utilizar esos métodos de recolección. Esto es solo para muestras compuestas/muestreadoras automáticas en las que aún no se han especificado estos detalles adicionales. Utilice collectionPeriod para describir cuántas horas se tomó la muestra y collectionNum para registrar el número de muestras.",1.0.0,2.0.0,"description wording, structure",
spacomp3,spa,comp3,Muestra compuesta instantánea de 3,Muestra compuesta compuesta por tres muestras puntuales separadas.,NA,1.0.0,2.0.0,Use grab with collection number (collectNum) = 3,
spacomp3dep,spa,comp3dep,Muestra compuesta instantánea de 3 obsoleto,Muestra compuesta compuesta por tres muestras puntuales separadas.,"Obsoleto en la versión 2, no lo utilice.",1.0.0,2.0.0,"depreciated, ""default"" entries are no longer in use.",
spacomp3h,spa,comp3h,Muestra compuesta instantánea de 3 horas,"Muestra compuesta de tres horas con tres muestras puntuales tomadas una vez por hora, generalmente de forma manual.",NA,1.0.0,2.0.0,Use grab with collection period (collectPer) = 3,
spacomp3hdep,spa,comp3hdep,Muestra compuesta instantánea de 3 horas obsoleto,"Una muestra compuesta de 3 horas con 3 muestras puntuales tomadas una vez por hora, generalmente de forma manual.","Obsoleto en la versión 2, no lo utilice.",1.0.0,2.0.0,"depreciated, ""default"" entries are no longer in use.",
spacomp8h,spa,comp8h,Muestra compuesta de 8 horas obsoleto,"Una muestra compuesta de 8 horas con 8 muestras puntuales tomadas una vez por hora, generalmente de forma manual.","Obsoleto en la versión 2, no lo utilice.",1.0.0,2.0.0,"depreciated, ""default"" entries are no longer in use.",
spacomp8hDep,spa,comp8hDep,Muestra compuesta instantánea de 8 horas obsoleto,"Una muestra compuesta de 8 horas con 8 muestras puntuales tomadas una vez por hora, generalmente de forma manual.",NA,1.0.0,2.0.0,Use grab with collection period (collectPer) = 8,
spacompartment,spa,compartment,Compartimento,"El atributo que identifica la sustancia de la que se tomó una muestra. Para obtener más información, consulte partID = compartimento.",NA,2.0.0,2.0.0,added in V2.0.0,
spacompartmentInput,spa,compartmentInput,Entrada de compartimento (tabla amplia),El partID del compartimento que se utiliza en un nombre amplio.,NA,2.2.0,2.2.0,added in V2.2.0,
spacompartmentName,spa,compartmentName,Nombre de compartimento (tabla amplia),El compartimento al que se hace referencia para el nombre amplio.,NA,2.2.0,2.2.0,added in V2.2.0,
spacompartments,spa,compartments,Compartimentos,La sustancia de la que se tomó una muestra.,"Por ejemplo, las aguas residuales tienen un componente de «agua». Los compartimentos son atributos de medidas, métodos, unidades y agregaciones.",2.0.0,2.0.0,added in V2.0.0,
spacompartmentSet,spa,compartmentSet,Encabezado de conjunto de compartimentos,Una identificación de un conjunto de compartimentos que se puede aplicar a una medida o método.,NA,2.2.2,2.2.2,added in 2.2.2,
spacompartmentSets,spa,compartmentSets,Conjuntos de compartimentos,Conjuntos de compartimentos.,"Los conjuntos de compartimentos se utilizan para identificar cuándo una medida puede registrarse para más de un compartimento. Por ejemplo, el SARS-CoV-2 puede medirse en personas (humanos), agua, superficies o aire.",2.0.0,2.0.0,added in V2.0.0,
spacompToi,spa,compToi,Inodoro de compostaje,"Un sistema de inodoro autónomo en el que los desechos humanos están diseñados para ser compostados. Por lo general, con la adición de materiales secundarios, como serrín.",NA,2.2.3,2.2.3,added in v2.2.3,
spaconc,spa,conc,Medida de concentración,Medición de la concentración (generalizada): diseñada para describir protocolos.,NA,2.2.0,2.2.0,added in V2.2.0,
spaconcurrent,spa,concurrent,Es concurrente con,Especifica que el paso o protocolo del objeto se produce al mismo tiempo que el paso o protocolo del sujeto en el contenedor del protocolo general.,Utilizar solo para la tabla protocolRelationships relationshipID.,2.0.0,2.0.0,added in V2.0.0,
spaconcVol,spa,concVol,Volumen de muestra después de concentración,El volumen total de una muestra después del paso de concentración.,NA,2.2.0,2.2.0,added in V2.2.0,
spacond,spa,cond,Conductividad del agua,Medición de la conductividad de la muestra o del sitio.,NA,1.0.0,2.0.0,"description wording, structure",
spaconductivity,spa,conductivity,Clase de conductividad,Medidas y métodos relacionados con la conductividad.,NA,2.0.0,2.0.0,added in V2.0.0,
spaconductivityUnitSet,spa,conductivityUnitSet,Conjunto de unidades de conductividad,Conjunto de unidades relacionadas con las mediciones de conductividad.,NA,2.0.0,2.0.0,added in V2.0.0,
spaconf,spa,conf,Número de casos confirmados,Número de casos confirmados.,NA,1.0.0,2.0.0,now a unit for any group or biologic infection,
spaconfEp,spa,confEp,Número de casos confirmados por fecha de episodio,"Número de casos confirmados de una enfermedad determinada, sumados por fecha del episodio.","La fecha del episodio es la fecha más temprana de inicio, prueba o notificación de un caso confirmado.",1.0.0,2.2.0,added in V2.2.0,
spaconfOn,spa,confOn,Número de casos confirmados por fecha de inicio,"Número de casos confirmados de una enfermedad determinada, sumados por fecha de inicio.","La fecha de inicio es la fecha más temprana en la que se notificaron los síntomas de un caso confirmado. A menudo, estos datos se desconocen y no se notifican. En su lugar, se utiliza el episodio.",1.0.0,2.2.0,added in V2.2.0,
spaconfRep,spa,confRep,Número de casos confirmados por fecha de informe,"Número de casos confirmados de una enfermedad determinada, totalizados por fecha de notificación.",La fecha de notificación es la fecha en la que se notificaron públicamente las cifras de un caso confirmado. ,1.0.0,2.2.0,added in V2.2.0,
spaconfTest,spa,confTest,Número de casos confirmados por fecha de prueba,"Número de casos confirmados de una enfermedad determinada, totalizados por fecha de prueba.",La fecha de la prueba es la fecha en la que se realizó la prueba de COVID-19 a un caso confirmado.,1.0.0,2.2.0,added in V2.2.0,
spacontactID,spa,contactID,ID de contacto,Identificador único de una persona de contacto determinada.,NA,2.0.0,2.0.0,added in V2.0.0,
spacontactName,spa,contactName,Nombre de contacto,Persona o grupo de contacto para el laboratorio.,Depreciado en la versión 2 de ODM. Véase «nombre».,1.0.0,2.0.0,"depreciated, now use partID = firstName and partID = lastName instead",
spacontacts,spa,contacts,Tabla de contactos,"Tabla que contiene información sobre un contacto, es decir, una persona que es el contacto de un sitio o laboratorio.",Adaptado de la documentación de la versión 1.,2.0.0,2.0.0,added in V2.0.0,
spacontactsOrder,spa,contactsOrder,Orden de columnas de la tabla de contactos,Especifica el orden de las columnas en una tabla de contactos.,NA,2.0.0,2.0.0,added in V2.0.0,
spacontactsRequired,spa,contactsRequired,Encabezados requeridos de la tabla de contactos,Especifica las columnas necesarias en una tabla de contactos.,NA,2.0.0,2.0.0,added in V2.0.0,
spacontactTableSet,spa,contactTableSet,Conjunto de tabla de contactos,"Las tablas son donde se registran las medidas, los métodos y los atributos. Las tablas representan las principales entidades de la vigilancia ambiental.",NA,2.0.0,2.0.0,added in V2.0.0,
spacoPhone,spa,coPhone,Teléfono de contacto,Número de teléfono de contacto del laboratorio.,NA,1.0.0,2.0.0,"description wording, structure",
spacorFcil,spa,corFcil,Centro correccional,Centro penitenciario,NA,1.0.0,2.0.0,"description wording, structure",
spacosca,spa,cosca,Bola COSCa,Dispositivo de muestreo pasivo COSCa.,Utilice collectionPeriod para describir cuántas horas se utilizó la bola para recoger la muestra.,2.0.0,2.0.0,added in V2.0.0,
spacountries,spa,countries,Tablas de búsqueda de países,Tabla de consulta para las posibles entradas de países.,NA,2.1.0,2.1.0,added in V2.1.0,
spacountriesOrder,spa,countriesOrder,Orden de columnas de la tabla de países,Especifica el orden de las columnas en la tabla de países.,NA,2.1.0,2.1.0,added in V2.1.0,
spacountriesRequired,spa,countriesRequired,Encabezados requeridos de la tabla de países,Encabezados obligatorios en la tabla de países.,NA,2.1.0,2.1.0,added in V2.1.0,
spacountry,spa,country,País,País en el que se encuentra un sitio u organización; parte de la dirección.,NA,1.0.0,2.0.0,"description wording, structure",
spacountryEndonym,spa,countryEndonym,Endónimo del país,Nombre que los lugareños utilizan para referirse a su país.,"Preprogramado en tablas de diccionario, no editable por los usuarios.",2.1.0,2.1.0,added in V2.1.0,
spacountryExonym,spa,countryExonym,Exónimo del país,El nombre en inglés que los extranjeros utilizan para referirse al país.,"Preprogramado en tablas de diccionario, no editable por los usuarios.",2.1.0,2.1.0,added in V2.1.0,
spacountryLevel,spa,countryLevel,Países o estados soberanos,Países o estados soberanos.,NA,2.0.0,3.0.0,"Reactivated as organization level and sector categorical inputs, rather than attributes.",
spacountyLevel,spa,countyLevel,"Distritos, condados, regiones","Distritos, condados, regiones.",NA,2.0.0,3.0.0,"Reactivated as organization level and sector categorical inputs, rather than attributes.",
spacov,spa,cov,Covid-19,Infección por COVID-19.,"Cualquier forma de infección humana por Covid-19, incluyendo pruebas de Covid-19, Covid-19 sintomático, Covid-19 asintomático, Covid-19 hospitalizado, Covid-19 prolongado, etc. Si es necesario, defina la forma específica de Covid-19 con unidades. Véase populationUnits.",2.0.0,2.0.0,added in V2.0.0,
spacov2Me,spa,cov2Me,Medida SARS-CoV-2,Medir la cantidad de virus SARS-CoV-2.,Esta medida solo debe utilizarse si no existe otra medida de SARS-CoV-2. Véase groupID = sarsCov2. Utilice una nota para describir la medida específica utilizada. ,2.0.0,2.0.0,added in V2.0.0,
spacovB117,spa,covB117,SARS-CoV-2-B.1.1.7,Variante B.1.1.7 del virus SARS-CoV-2.,NA,1.1.0,2.0.0,added in V2.0.0,
spacovB135,spa,covB135,SARS-CoV-2-B.1.351,Variante B.1.351 del virus SARS-CoV-2.,NA,1.1.0,2.0.0,added in V2.0.0,
spacovE,spa,covE,SARS-CoV-2-E,Gen E del SARS-CoV-2.,NA,1.0.0,2.0.0,"description wording, structure",
spacovN1,spa,covN1,SARS-CoV-2-N1,"Gen de la nucleocápside del SARS-CoV-2, alelo 1.",NA,1.0.0,2.0.0,"description wording, structure",
spacovN2,spa,covN2,SARS-CoV-2-N2,"Gen de la nucleocápside del SARS-CoV-2, alelo 2.",NA,1.0.0,2.0.0,"description wording, structure",
spacovN200,spa,covN200,SARS-CoV-2-N200,"Gen de la nucleocápside del SARS-CoV-2, aminoácidos 199-202.",NA,2.0.0,2.0.0,added in V2.0.0,
spacovN3,spa,covN3,SARS-CoV-2-N3,"Gen de la nucleocápside del SARS-CoV-2, alelo 3.",NA,1.0.0,2.0.0,"description wording, structure",
spacovP1,spa,covP1,SARS-CoV-2-P.1,Variante P.1 del virus SARS-CoV-2.,NA,1.1.0,2.0.0,"description wording, structure",
spacovRdrp,spa,covRdrp,SARS-CoV-2-RdRp,Gen RdRp del SARS-CoV-2.,NA,1.0.0,2.0.0,"description wording, structure",
spacovS,spa,covS,Gen diana SARS-CoV-2 S,Gen objetivo del SARS-CoV-2.,NA,2.0.0,2.0.0,added in V2.0.0,
spacPerfrigens,spa,cPerfrigens,Clostridium perfringens,Clostridium perfringens.,NA,2.2.0,2.2.0,added in V2.2.0,
spacphDate,spa,cphDate,Fecha de medición de la población con Covid-19,Fecha de notificación de la medida contra la COVID-19.,Depreciado en la versión 2 de ODM. La identificación de la medida es ahora measureReportID con fechas de informe como para cualquier informe de medida. ,1.0.0,2.0.0,"depreciated, measure identication is now found in partID = measureRepID, with date fields for any measure report. ",
spacphid,spa,cphid,ID del CPHD,Identificador único de la tabla.,Depreciado en la versión 2 de ODM. La identificación de la medida es ahora measureReportID. ,1.0.0,2.0.0,"depreciated, measure identication is now found in partID = measureRepID",
spacra,spa,cra,crAssphage-N,Región del gen de la proteína de la cápside del virus crAssphage.,NA,1.0.0,2.0.0,"description wording, structure",
spacrea,spa,crea,Creatinina,Creatinina (normalmente medida como indicador químico fecal humano).,NA,2.2.0,2.2.0,added in V2.2.0,
spacrosswalkTableSet,spa,crosswalkTableSet,Conjunto de tabla de correspondencia,Tablas utilizadas para traducir hacia y desde otros diccionarios y modelos medioambientales.,NA,2.0.0,2.0.0,added in V2.0.0,
spacryptosporidium,spa,cryptosporidium,Cryptosporidium,Cryptosporidium,NA,2.2.0,2.2.0,added in V2.2.0,
spacryptosporidiumGrp,spa,cryptosporidiumGrp,Grupo Cryptosporidium,Grupo de medidas/métodos relacionados con los parásitos cryptosporidium.,Se utiliza para describir la información del organismo para medidas generales.,2.2.0,2.2.0,added in V2.2.0,
spact,spa,ct,Umbral de ciclo o ciclo de cuantificación (Ct o Cq),Umbrales de ciclo en un ensayo de PCR.,NA,1.0.0,2.0.0,description wording.,
spacu,spa,cu,Abreviaturas de tablas de búsqueda de países,Nombre abreviado utilizado para hacer referencia a la tabla de consulta de las posibles entradas de países.,tabla,2.2.2,2.2.2,added in V 2.2.2,
spacuCo,spa,cuCo,Recuento acumulativo,Recuento acumulado de casos de una enfermedad determinada.,Agregación para una medida de población o enfermedad para explicar los efectos clínicos a nivel de población.,2.0.0,2.0.0,added in V2.0.0,
spacustodyCont,spa,custodyCont,ID de contacto de custodia,Un identificador único para los custodios de datos.,NA,2.0.0,2.0.0,added in V2.0.0,
spacustodyID,spa,custodyID,ID del custodio de datos,El custodio de datos de una base de datos. ,Utilice el ID de la organización para rellenar este campo y la tabla de organizaciones para describir la información de contacto y otros detalles del custodio de los datos. ,2.0.0,2.0.0,added in V2.0; github issue #205,
spacVDPV2,spa,cVDPV2,Poliovirus tipo 2 derivado de vacuna circulante,Poliovirus circulante derivado de la vacuna tipo 2,NA,2.2.0,2.2.0,added in V2.2.0,
spacyNum,spa,cyNum,Número de ciclos,El número de ciclos de una máquina de PCR o cualquier otro proceso cíclico.,NA,2.2.0,2.2.0,added in V2.2.0,
spad339h,spa,d339h,Mutación D339H de FLiRT/SLip,La mutación variante FLiRT/SLip D339H.,NA,2.2.0,2.2.0,added in V2.2.0,
spad377y,spa,d377y,d377y gen diana de variante delta,d377y objetivo del gen de la mutación variante delta.,NA,2.0.0,2.0.0,added in V2.0.0,
spad3g,spa,d3g,d3g gen diana de variante ómicron,d3g objetivo del gen de la mutación variante ómicron.,NA,2.0.0,2.0.0,added in V2.0.0,
spad63g,spa,d63g,d63g gen diana de variante delta,d63g objetivo del gen de la mutación variante delta.,NA,2.0.0,2.0.0,added in V2.0.0,
spad796y,spa,d796y,d796y gen diana de variante ómicron,d796y objetivo del gen de la mutación variante ómicron.,NA,2.0.0,2.0.0,added in V2.0.0,
spad950n,spa,d950n,d950n gen diana de variante delta,d950n objetivo del gen de la mutación variante delta.,NA,2.0.0,2.0.0,added in V2.0.0,
spadaiCo,spa,daiCo,Recuento diario,Recuento diario de casos de una enfermedad determinada.,Agregación para una medida de población o enfermedad con el fin de explicar los efectos clínicos a nivel de población.,2.0.0,2.0.0,added in V2.0.0,
spadataColl,spa,dataColl,Sector u organización de recolección de datos,"Describe a las organizaciones que se dedican principalmente a recopilar, compilar, analizar y/o gestionar datos.",NA,2.2.0,2.2.0,added in V2.2.0,
spadatasetDate,spa,datasetDate,Fecha de creación del conjunto de datos,Especifica la fecha en la que se creó un conjunto de datos determinado.,NA,2.0.0,2.0.0,added in V2.0.0,
spadatasetID,spa,datasetID,ID del conjunto de datos,"El nombre del conjunto de datos que almacena información para MeasureReport, SampleReport y otras tablas de informes.","Siempre que sea posible, el nombre del conjunto de datos debe corresponder al custodio de datos original responsable de generar los datos medioambientales. (Sugerencia para una convención de nombres predeterminada).",2.0.0,3.0.0,"removed as FK from the organizations, instruments tables.",
spadatasets,spa,datasets,Tabla de conjunto de datos,Una tabla de informes para capturar detalles sobre el conjunto de datos parentales y los custodios de los datos. Proporciona la atribución de los recopiladores de datos.,NA,2.0.0,2.0.0,added in V2.0.0,
spadatasetsOrder,spa,datasetsOrder,Orden de columnas de la tabla de conjuntos de datos,Especifica el orden de las columnas en una tabla de conjuntos de datos.,NA,2.0.0,2.0.0,added in V2.0.0,
spadatasetsRequired,spa,datasetsRequired,Encabezados requeridos de la tabla de conjuntos de datos,Especifica las columnas necesarias en una tabla de conjuntos de datos.,NA,2.0.0,2.0.0,added in V2.0.0,
spadataTypes,spa,dataTypes,Tipos de datos,El tipo de datos para una parte.,"Los tipos de datos utilizados en el ODM incluyen: varchar, booleano, flotante, categoría, fecha, hora, fecha y hora, URL, correo electrónico. El tipo de datos corresponde a la entrada o celda dentro de una tabla de datos, más comúnmente dentro de una tabla de informe. Si la entrada de datos tiene una unidad, entonces el tipo de datos corresponde a la unidad y el tipo de datos se refiere a «unidad». Si la entrada de datos es una categoría, entonces el tipo de datos se refiere a «categoría». Todas las categorías son varchar. De lo contrario, el tipo de datos se identifica dentro de la entrada de la pieza. TBA: tipo de datos para el diccionario.",2.0.0,2.0.0,added in V2.0.0,
spadateDep,spa,dateDep,Fecha,Fecha,Fecha en la que se creó o actualizó el método de ensayo (para la actualización de la versión).,1.0.0,3.0.0,"Still depreciated, but partID updated to reflect that while avoiding colisions with the new date data type.",
spadatetime,spa,datetime,Tipo de datos fecha-hora,El tipo de datos para datos de fecha y hora.,Solo se utiliza para las entradas del diccionario de piezas.,2.0.0,2.0.0,added in V2.0.0,
spadays,spa,days,Días,Una unidad para indicar una duración en días.,NA,2.0.0,2.0.0,added in V2.0.0,
spaddcovE,spa,ddcovE,ddcov_e gen diana sars-cov-2,ddcov_e objetivo del gen de mutación sars-cov-2.,NA,2.0.0,2.0.0,added in V2.0.0,
spaddcovN,spa,ddcovN,ddcov_n gen diana sars-cov-2,ddcov_n objetivo del gen de mutación sars-cov-2.,NA,2.0.0,2.0.0,added in V2.0.0,
spaddpcr,spa,ddpcr,PCR digital en gotas (ddPCR),Describe un análisis de PCR realizado utilizando tecnología de PCR con gotas digitales (general).,NA,2.2.0,2.2.0,added in V2.2.0,
spadeath,spa,death,Muertes,Unidades para describir una medida poblacional de pacientes que han fallecido por una causa determinada.,Unidad para una medida de población o enfermedad para explicar los efectos clínicos a nivel de población.,2.0.0,2.0.0,added in V2.0.0,
spadel142144,spa,del142144,Deleción 142-144 de variante Ómicron,Variante Ómicron 142-144 Mutación por deleción,NA,2.2.0,2.2.0,added in V2.2.0,
spadel143,spa,del143,deleción 143/145 gen diana de variante ómicron,143 o 145 deleción variante Ómicron mutación gen objetivo.,NA,2.0.0,2.0.0,added in V2.0.0,
spadel156157,spa,del156157,Deleción 156-157 de variante Delta,Mutación por deleción de la variante delta 156-157 ,NA,2.2.0,2.2.0,added in V2.2.0,
spadel157,spa,del157,deleción 157/158 gen diana de variante delta,Gen objetivo de la mutación por deleción 157 o 158 de la variante delta.,NA,2.0.0,2.0.0,added in V2.0.0,
spadel2084,spa,del2084,deleción 2084/2084 gen diana de variante ómicron,Gen objetivo de la mutación por deleción 2084 o 2084 de la variante ómicron.,NA,2.0.0,2.0.0,added in V2.0.0,
spadel212,spa,del212,deleción 212/212 gen diana de variante ómicron,Gen objetivo de la mutación por deleción 212 o 212 de la variante ómicron.,NA,2.0.0,2.0.0,added in V2.0.0,
spadel3133,spa,del3133,Deleción 142-14431-33 de variante Ómicron,Mutación por deleción de la variante ómicron 142-14431-33.,NA,2.2.0,2.2.0,added in V2.2.0,
spadel3674,spa,del3674,deleción 3674/3676 gen diana de variante ómicron,3674 o 3676 deleción del gen objetivo de la mutación de la variante Ómicron.,NA,2.0.0,2.0.0,added in V2.0.0,
spadel6970,spa,del6970,deleción 69/70 gen diana de variante ómicron,69 o 70 deleción del gen objetivo de la mutación de la variante Ómicron.,NA,2.0.0,2.0.0,added in V2.0.0,
spadelayArriv,spa,delayArriv,Llegada retrasada o tránsito prolongado,"Un retraso considerable (es decir, de más de 14 días) entre la recogida de la muestra y el inicio del análisis.",NA,2.2.3,2.2.3,added in v 2.2.3,
spadelta,spa,delta,Delta,B.1.617.2,NA,2.0.0,2.0.0,added in V2.0.0,
spadeltaGrp,spa,deltaGrp,Grupo de variante Delta del SARS-CoV-2,Un grupo de medidas/métodos relacionados con la variante Delta del SARS-CoV-2.,NA,2.0.0,2.0.0,added in V2.0.0,
spadenat,spa,denat,desnaturalización,Describe el ciclo de desnaturalización en un proceso de PCR.,NA,2.2.0,2.2.0,added in V2.2.0,
spadengue,spa,dengue,Dengue,"Virus del dengue, medición general",NA,2.2.0,2.2.0,added in V2.2.0,
spadepreciated,spa,depreciated,Obsoleto,Indicador que indica que una parte ya no se utiliza en el modelo. Véase partID = status,NA,2.0.0,2.0.0,added in V2.0.0,
spaderived,spa,derived,Datos derivados,"Datos derivados, datos que han sido objeto de agregación, estandarización, ajuste o cualquier tipo de limpieza antes de su presentación.",NA,3.0.0,3.0.0,added in V3.0.0,
spaderivedSamp,spa,derivedSamp,Muestra derivada,Una muestra derivada o elaborada a partir de otra muestra o material.,"Una muestra derivada es un tipo de muestra creada mezclando material obtenido de una muestra de campo (por ejemplo, aguas residuales, suelo o aire) con aditivos adicionales en un entorno de laboratorio. Este proceso puede implicar la dilución de la muestra de campo original con agua limpia u otras soluciones, según sea necesario. Las muestras derivadas se utilizan normalmente para ajustar la concentración de la sustancia u organismo objetivo, haciéndola más adecuada para el análisis o para comprobar la eficacia y sensibilidad de los métodos de detección. En el ejemplo dado, una muestra derivada podría ser una submuestra de aguas residuales que se diluye con agua limpia para alcanzar una concentración específica, lo que permite un análisis más preciso y fiable.",2.0.0,3.0.0,"partID changed from ""derived"" to ""derivedSamp""",
spadescr,spa,descr,Descripción,"Descripción detallada de una medida, método o atributo.","Una descripción de la pieza que sirva para presentar claramente la pieza a un público amplio, incluido el personal técnico y no técnico. La descripción debe permitir a cualquier persona que genere datos de vigilancia medioambiental saber cómo identificar y registrar sus elementos de datos en el ODM. Se puede utilizar partReference para describir más detalladamente una pieza.",2.0.0,2.0.0,added in V2.0.0,
spadescrChange,spa,descrChange,Descripción del cambio,Descripción del cambio en una parte con respecto a la versión anterior.,NA,2.0.0,2.0.0,added in V2.0.0,
spadesk,spa,desk,Escritorio o mostrador,"Escritorio, mesa, encimera u otra superficie de trabajo plana.",NA,2.0.0,2.0.0,added in V2.0.0,
spadeso,spa,deso,Sólidos deshidratados,Sólidos deshidratados.,NA,1.0.0,2.0.0,NA,
spadet,spa,det,Detectado,Sustancia detectada o no detectada.,"TRUE = detectado, FALSE = no detectado",1.1.0,2.0.0,description wording.,
spadetailsDep,spa,detailsDep,Acceso a detalles obsoleto,Más detalles sobre los requisitos de confidencialidad existentes de esta medición.,NA,1.0.0,2.0.0,"depreciated, sharing moved to sharing schema",
spadevelopment,spa,development,Desarrollo,Indicador de que una parte está en fase de desarrollo. Véase partID = status,NA,2.0.0,2.0.0,added in V2.0.0,
spadictionaryRefTableSet,spa,dictionaryRefTableSet,Conjunto de tablas de referencia de diccionario,Tablas de referencia o consulta.,"Por ejemplo, la tabla de partes describe todos los elementos del ODM, incluyendo tablas, encabezados de tablas, medidas, métodos, categorías y unidades. Los conjuntos son colecciones de partes. Por ejemplo, las unidades se pueden agrupar en un unitSet. Los idiomas y las traducciones admiten traducciones.",2.0.0,2.0.0,added in V2.0.0,
spadictionarySupport,spa,dictionarySupport,Hojas de diccionario adicionales,Hojas adicionales para la versión Excel del diccionario ODM.,Las hojas o pestañas del diccionario ODM Excel incluyen: todas las tablas ERD (tablas de consulta y tablas de entrada de datos) y tablas de apoyo adicionales. ,2.0.0,2.0.0,added in V2.0.0,
spadictSets,spa,dictSets,Tipo de conjunto de diccionario,Conjuntos utilizados para describir y agrupar tablas del diccionario.,NA,2.0.0,2.0.0,added in V2.0.0,
spadilFact,spa,dilFact,Factor de dilución,Especifica el grado de dilución de una muestra o alícuota antes del análisis.,"El factor de dilución se indica como una medida sin unidades, donde un valor de 10 indica una dilución de 10:1.",2.0.0,2.0.0,added in V2.0.0,
spadillute,spa,dillute,Diluciones puntuales,Concentración exacta o diluciones para generar una curva estándar.,NA,2.0.0,2.0.0,added in V2.0.0,
spadilution,spa,dilution,Clase de dilución,Medidas y métodos relacionados con las diluciones.,NA,2.0.0,2.0.0,added in V2.0.0,
spadiptheriaGrp,spa,diptheriaGrp,Grupo Difteria,Grupo de medidas/métodos relacionados con la bacteria de la difteria.,Se utiliza para describir la información del organismo para medidas generales.,2.2.0,2.2.0,added in V2.2.0,
spadisease,spa,disease,Clase de enfermedades (humanas),Medidas y métodos relacionados con enfermedades o infecciones en humanos.,NA,2.0.0,2.0.0,added in V2.0.0,
spadissGasUnitSet,spa,dissGasUnitSet,Conjunto de unidades de concentración de gas disuelto,Conjunto de unidades para medir las concentraciones de dióxido de carbono en el agua o el aire.,NA,2.0.0,2.0.0,added in V2.0.0,
spadna,spa,dna,Plantilla de ADN,La plantilla de ácido desoxirribonucleico (ADN) se utiliza para trabajos de PCR o secuenciación.,NA,2.0.0,2.0.0,added in V2.0.0,
spadoc,spa,doc,Profundidad de cobertura,"El número medio de lecturas que representan un nucleótido determinado en la secuencia reconstruida, expresado como un valor de cobertura.",Se utiliza para interpretar la confianza en la presencia o la cantidad de una variante.,2.0.0,2.0.0,Issue #120,
spadomain,spa,domain,Dominio,El dominio es el nivel más alto de descripción de una medida.,"El ID de dominio que corresponde a una parte determinada. Se aplica principalmente a medidas, métodos, unidades y agregaciones.",2.0.0,2.0.0,added in V2.0.0,
spadomains,spa,domains,Dominios,"Hay tres tipos de dominios: biológico (por ejemplo, Covid-19), químico (por ejemplo, nitrógeno) y físico (temperatura).",NA,2.0.0,2.0.0,added in V2.0.0,
spadorm,spa,dorm,Dormitorio o edificio residencial de educación superior,Residencia universitaria o edificio residencial.,NA,2.0.0,2.0.0,added in V2.0.0,
spadpcr,spa,dpcr,PCR digital (dPCR),Describe un análisis de PCR realizado mediante tecnología de PCR digital (general).,NA,2.2.0,2.2.0,added in V2.2.0,
spadrain,spa,drain,Alcantarilla (drenaje),"Tubería que transporta agua o aguas residuales desde un lugar, o abertura en una superficie que conduce a dicha tubería.",NA,2.2.3,2.2.3,added in v2.2.3,
spads,spa,ds,Abreviaturas de tabla de conjuntos de datos,Nombre abreviado utilizado para hacer referencia a la tabla del informe en la que se recogen los detalles sobre el conjunto de datos parentales y los custodios de los datos. Atribución de los recopiladores de datos.,tabla,2.2.2,2.2.2,added in V 2.2.2,
spaduration,spa,duration,Tiempo de duración de un método,"La duración de un método determinado, tal y como se describe en los protocolos.",NA,2.2.0,2.2.0,added in V2.2.0,
spae156g,spa,e156g,e156g gen diana de variante delta,e156g gen diana de la mutación variante delta.,NA,2.0.0,2.0.0,added in V2.0.0,
spae484a,spa,e484a,e484a gen diana de variante ómicron,e484a gen diana de la mutación variante ómicron.,NA,2.0.0,2.0.0,added in V2.0.0,
spaeaec,spa,eaec,Escherichia coli enteroagregativa (EAEC),Escherichia coli enteroagregativa (EAEC).,NA,2.2.0,2.2.0,added in V2.2.0,
spaebv,spa,ebv,Virus de Epstein-Barr (VEB),"Virus de Epstein-Barr (VEB), anteriormente conocido como gammaherpesvirus humano 4.",NA,2.2.0,2.2.0,added in V2.2.0,
spaecl20,spa,ecl20,Licencia de la Comunidad Educativa v2.0,La licencia para la medida o el conjunto de datos se gestiona bajo la Licencia Comunitaria Educativa v2.0.,NA,2.2.0,2.2.0,added in V2.2.0,
spaecoli,spa,ecoli,Escherichia coli,"Concentración de bacterias que se transmiten a través de las heces de los seres humanos, el ganado y la fauna silvestre.",NA,2.0.0,2.0.0,added in V2.0.0,
spaecoliGrp,spa,ecoliGrp,Grupo Escherichia coli,Un grupo de medidas/métodos relacionados con la bacteria Escherichia coli.,Se utiliza para describir la información del organismo para medidas generales.,2.2.0,2.2.0,added in V2.2.0,
spaeducation,spa,education,Educación,Medida o muestra tomada con fines educativos o formativos.,"Utilícelo, por ejemplo, cuando enseñe a utilizar el PHES-ODM.",2.0.0,2.0.0,added in V2.0.0,
spaefficient,spa,efficient,Eficiencia,Eficiencia comunicada para una curva estándar.,NA,2.0.0,2.0.0,added in V2.0.0,
spaehec,spa,ehec,Escherichia coli enterohemorrágica (EHEC),Escherichia coli enterohemorrágica (EHEC).,NA,2.2.0,2.2.0,added in V2.2.0,
spaeiec,spa,eiec,Escherichia coli enteroinvasiva (EIEC),Escherichia coli enteroinvasiva (EIEC).,NA,2.2.0,2.2.0,added in V2.2.0,
spaeluate,spa,eluate,Eluato/Material filtrado resuspendido retenido,"La fracción de eluido, o material resuspendido de la filtración, se retiene después de la separación sólida/centrifugación.",NA,2.2.0,2.2.0,added in V2.2.0,
spaelutionBuff,spa,elutionBuff,Tampón de elución,Se utiliza un tampón de elución para resuspender el material.,NA,2.2.0,2.2.0,added in V2.2.0,
spaemail,spa,email,Correo electrónico de contacto,Dirección de correo electrónico de contacto del laboratorio.,NA,1.0.0,2.0.0,added in V2.0.0,
spaenaForm,spa,enaForm,Formato ENA,El conjunto de datos se registró y/o almacenó originalmente en formato ENA.,NA,3.0.0,3.0.0,added in V3.0.0,
spaenaMap,spa,enaMap,Asociación Europea de Nucleótidos Columna de mapeo,Encabezado ENA.,NA,2.0.0,2.0.0,added in V2.0.0,
spaenaNotes,spa,enaNotes,Asociación Europea de Nucleótidos (ENA) - notas,Notas ENA.,NA,2.0.0,2.0.0,added in V2.0.0,
spaenterovirus,spa,enterovirus,Enterovirus,Enterovirus.,NA,2.2.0,2.2.0,added in V2.2.0,
spaenterovirusGrp,spa,enterovirusGrp,Grupo de enterovirus,Grupo de medidas/métodos relacionados con los enterovirus.,Se utiliza para describir la información del organismo para medidas generales.,2.2.0,2.2.0,added in V2.2.0,
spaenumeration,spa,enumeration,Enumeración para valores establecidos,"Valor numérico que corresponde a un valor determinado en un conjunto, definido en la tabla de conjuntos.",NA,2.2.0,2.2.0,added in V2.2.0,
spaenvRnF,spa,envRnF,Precipitaciones,"Precipitaciones, es decir, cantidad de precipitaciones en forma de lluvia.",NA,1.0.0,2.0.0,"description wording, structure",
spaenvSnwD,spa,envSnwD,Profundidad de la nieve en el suelo,Profundidad total de la nieve en el suelo.,NA,1.0.0,2.0.0,"description wording, structure",
spaenvSnwF,spa,envSnwF,Nevadas,"Nevada, es decir, cantidad de precipitación en forma de nieve.",NA,1.0.0,2.0.0,"description wording, structure",
spaepec,spa,epec,Escherichia coli enteropatógena (EPEC),Escherichia coli enteropatógena (EPEC),NA,2.2.0,2.2.0,added in V2.2.0,
spaepiDate,spa,epiDate,Fecha del episodio,"La fecha del episodio es la más temprana de las fechas de inicio, prueba o notificación.",NA,1.0.0,2.0.0,depreciate,
spaepl10,spa,epl10,Licencia pública Eclipse 1.0,La licencia de la medida o el conjunto de datos se gestiona bajo la Licencia Pública Eclipse 1.0.,NA,2.2.0,2.2.0,added in V2.2.0,
spaepl20,spa,epl20,Licencia pública Eclipse 2.0,La licencia de la medida o el conjunto de datos se gestiona bajo la Licencia Pública Eclipse 2.0.,NA,2.2.0,2.2.0,added in V2.2.0,
spaerdTableSet,spa,erdTableSet,Conjunto de tablas ERD,Todas las tablas que figuran en el diagrama de relaciones entre entidades. ,"El modelo ODM completo se conoce comúnmente como tablas «largas», ya que almacena datos con una medida por fila.",2.0.0,2.0.0,added in V2.0.0,
spaeSarbec,spa,eSarbec,Gen E sars-cov-2 específico del sarbecovirus,Gen objetivo específico del sarbecovirus sars-cov-2.,NA,2.0.0,2.0.0,added in V2.0.0,
spaesbl,spa,esbl,Genes codificadores de ESBL,Genes que codifican beta-lactamasas de espectro ampliado.,NA,2.1.0,2.1.0,added in V2.1.0,
spaesp,spa,esp,Preparación de muestras basada en exclusiones (ESP),Preparación de muestras basada en exclusiones (ESP).,NA,2.2.0,2.2.0,added in V2.2.0,
spaestFreqReads,spa,estFreqReads,Frecuencia estimada de lecturas,Frecuencia estimada de lecturas en un ensayo de secuenciación.,NA,2.0.0,2.0.0,added in V2.0.0,
spaestuary,spa,estuary,"Estuario, masa de agua natural","Estuario, masa de agua natural.",NA,1.0.0,2.0.0,"description wording, structure",
spaetec,spa,etec,Escherichia coli enterotoxigénica (ETEC),Escherichia coli enterotoxigénica (ETEC).,NA,2.2.0,2.2.0,added in V2.2.0,
spaeupl11,spa,eupl11,Licencia pública de la Unión Europea 1.1,La licencia de la medida o el conjunto de datos se gestiona bajo la Licencia Pública de la Unión Europea 1.1.,NA,2.2.0,2.2.0,added in V2.2.0,
spaeupl12,spa,eupl12,Licencia pública de la Unión Europea 1.2,La licencia de la medida o el conjunto de datos se gestiona bajo la Licencia Pública de la Unión Europea 1.2.,NA,2.2.0,2.2.0,added in V2.2.0,
spaexceptions,spa,exceptions,Tipo de parte de excepciones,Tipo de parte excepcional para su uso en la creación de nombres amplios que no siguen la estructura general.,NA,2.0.0,2.0.0,added in V2.0.0,
spaexpec,spa,expec,Escherichia coli patógena extraintestinal (ExPEC),Escherichia coli patógena extraintestinal (ExPEC).,NA,2.2.0,2.2.0,added in V2.2.0,
spaexpFail,spa,expFail,Experimento fallido,El experimento de PCR falló. No se ha comunicado ningún valor.,El valor debe estar en blanco para una medida con este valor de qualityFlag.,2.0.0,2.0.0,added in V2.0.0,
spaextBlank,spa,extBlank,Extracción en blanco - Control,Indicador binario S/N para indicar si se utilizó una muestra en blanco como control para el proceso de extracción de ácido nucleico.,NA,2.2.0,2.2.0,added in V2.2.0,
spaextract4s,spa,extract4s,Método 4s,Extracción de ácido nucleico realizada mediante el método 4s.,NA,2.0.0,2.0.0,added in V2.0.0,
spaextraction,spa,extraction,Método de extracción de ácido nucleico,Descripción del método de extracción de ácido nucleico.,Descripción del método utilizado para extraer la muestra,1.0.0,2.0.0,description wording add categories from NWSS,
spaextractSet,spa,extractSet,Conjunto de extracción de ácido nucleico,Conjunto utilizado para almacenar todos los valores válidos de la categoría para el método de extracción de ácido nucleico.,NA,2.0.0,2.0.0,added in V2.0.0,
spaexvol,spa,exvol,Volumen de extracción de la muestra,Volumen de extracción de la muestra.,Tamaño de la muestra analizada.,1.0.0,2.0.0,description wording and unit set,
spaf456l,spa,f456l,Mutación F456L,La mutación variante FLiRT/SLip F456L.,NA,2.2.0,2.2.0,added in V2.2.0,
spafaeces,spa,faeces,Materia fecal,Materia fecal.,NA,1.0.0,2.0.0,NA,
spafColiphage,spa,fColiphage,Colifago específico masculino (F+) - general,Colifago específico masculino (F+) - general,NA,2.2.0,2.2.0,added in V2.2.0,
spafDNA,spa,fDNA,Colifago F+ de ADN,Colifago de ADN F,NA,2.2.0,2.2.0,added in V2.2.0,
spafield,spa,field,Muestra de campo,Especifica una muestra tomada del campo; recogida directamente de un área para su análisis.,NA,2.0.0,2.0.0,added in V2.0; GitHub issue #94,
spafieldReplicate,spa,fieldReplicate,Réplica de muestra de campo,Una muestra dividida en dos o más partes homogéneas.,NA,2.0.0,2.0.0,added in V2.0; GitHub issue #94,
spafileLocation,spa,fileLocation,Ubicación del archivo del polígono,Ubicación del archivo que contiene la geometría del polígono.,Ruta de archivo especificada o URL,1.0.0,2.0.0,"partID chaned to ""fileLoaction"" specifying where the file is, not the whole file itself.",
spafilt,spa,filt,Filtración,Describe la separación de sólidos de una muestra de aguas residuales mediante filtración. Continúa con la concentración o el análisis del filtrado líquido.,NA,2.0.0,2.0.0,added in V2.0.0,
spafiNa,spa,fiNa,Primera Nación,Se utiliza para categorizar una zona de muestreo que es una Primera Nación o se encuentra en tierras de reserva.,"Probablemente solo para uso interno, los datos indígenas no pueden ni deben compartirse sin el consentimiento explícito de la nación en cuestión.",2.0.0,2.0.0,added in V2.0.0,
spafinVol,spa,finVol,Volumen final,Volumen final de una solución de prueba o muestra.,NA,2.2.0,2.2.0,added in V2.2.0,
spafirstName,spa,firstName,Nombre de pila del contacto,Especifica el nombre de pila de un contacto determinado.,NA,2.0.0,2.0.0,added in V2.0.0,
spafirstReleased,spa,firstReleased,Primera versión publicada,La versión en la que se lanzó por primera vez una pieza.,NA,2.0.0,2.0.0,added in V2.0.0,
spafK,spa,fK,Clave externa,Clave externa para una tabla.,NA,2.0.0,2.0.0,added in V2.0.0,
spaflagAI,spa,flagAI,AI: inhibición presente pero abordada,"La muestra original estaba inhibida; sin embargo, la inhibición se ha solucionado mediante dilución. La estimación de concentración comunicada es el resultado actualizado tras solucionar la inhibición.",NA,2.0.0,2.0.0,added in V2.0.0,
spaflagB,spa,flagB,B: niveles traza de contaminación,El resultado analítico puede estar sujeto a niveles «traza» de contaminación; el analito objetivo también se detectó en controles negativos en la misma serie que la muestra.,NA,2.0.0,2.0.0,added in V2.0.0,
spaflagFI,spa,flagFI,FI: inhibición presente y no abordada,"La muestra original estaba inhibida; sin embargo, la inhibición no se ha solucionado con éxito. Por lo tanto, no se ha informado de ninguna estimación de concentración.",NA,2.0.0,2.0.0,added in V2.0.0,
spaflagJ,spa,flagJ,J: extrapolación de señal débil,"El resultado analítico está por debajo de la concentración más baja de la curva estándar específica del experimento, pero por encima del valor de intersección con el eje Y; el valor informado se basa en la extrapolación de la curva estándar en la región no lineal.",NA,2.0.0,2.0.0,added in V2.0.0,
spaflagND,spa,flagND,ND: no detectable,No se produjo amplificación en la reacción; no se detectó.,"Para el valor de una medida no detectada, informe el valor real incluso si está por debajo del límite de detección. La marca aquí garantiza que se registre como no detectado independientemente. En los casos en que los datos originales no registran un valor, sino que solo tienen la marca, rellene el campo de valor con un 0 si se trata de porcentajes variantes y con un 1 para todos los demás fines, a fin de indicar además un resultado nulo. ",2.0.0,2.0.0,added in V2.0.0,
spaflagUJ,spa,flagUJ,UJ: extrapolación de señal traza,"El ciclo de cuantificación observado es mayor que el valor de intersección de la curva estándar específica del experimento, pero se observaron indicios claros de amplificación (es decir, se observó una señal «traza»); el valor comunicado se basa en la extrapolación de la curva estándar en la región no lineal.",NA,2.0.0,2.0.0,added in V2.0.0,
spaflagUQ,spa,flagUQ,UQ: no cuantificable,"No cuantificable, el valor Ct supera el valor máximo de la curva estándar. Se detectó, pero no podemos cuantificarlo con certeza.",NA,2.0.0,2.0.0,added in V2.0.0,
spaflavivirusGrp,spa,flavivirusGrp,"Grupo Flavivirus (Nilo Occidental, dengue, zika)",Grupo de medidas/métodos relacionados con los flavivirus.,Se utiliza para describir la información del organismo para medidas generales.,2.2.0,2.2.0,added in V2.2.0,
spaflirtSLipGrp,spa,flirtSLipGrp,Grupo de variantes FLiRT/SLip,Grupo de medidas y métodos relacionados con las variantes FLiRT y SLip del SARS-CoV-2.,NA,2.2.0,2.2.0,added in V2.2.0,
spaflirtV,spa,flirtV,Variantes FLiRT,FLiRT es el nombre que se le da a toda una familia de subvariantes del COVID-19 que están ganando predominio. Han evolucionado a partir de la subvariante JN.1.,NA,2.0.0,2.0.0,added in V2.0.0,
spafloat,spa,float,Tipo de datos flotantes,Tipo de datos para datos flotantes.,Solo se utiliza para las entradas del diccionario de piezas.,2.0.0,2.0.0,added in V2.0.0,
spafloMean,spa,floMean,Media normalizada por flujo,Medida media normalizada al caudal de aguas residuales.,"Se utiliza principalmente para informar de alelos específicos (N1, N2, E, etc.).",2.0.0,2.0.0,added in V2.0.0,
spafloor,spa,floor,Piso,Piso de un edificio o habitación.,NA,2.0.0,2.0.0,added in V2.0.0,
spafloRate,spa,floRate,Caudal,Caudal volumétrico de aguas residuales en el lugar de recogida de la muestra durante el periodo de 24 horas en el que se recogió la muestra.,"Si solo se dispone de una medición de flujo instantáneo, se puede informar en unidades de millones de galones por día. ",1.0.0,2.0.0,"description wording, structure",
spaflow24hDep,spa,flow24hDep,Muestra proporcional al flujo depreciada en 24 horas,"Muestra compuesta proporcional al caudal de 24 horas, generalmente recogida por un muestreador automático.",NA,1.0.0,2.0.0,depreciated,
spaflowClass,spa,flowClass,Clase de flujo,Medidas y métodos relacionados con el flujo.,NA,2.0.0,3.0.0,"partID changed from ""flow"" to ""flowClass""",
spaflowPr,spa,flowPr,Muestra proporcional al flujo,"Muestra compuesta proporcional al flujo, generalmente recogida por un muestreador automático.","Utilice collectionPeriod para describir cuántas horas se tomó la muestra. El volumen de aguas residuales tomado es proporcional al caudal que fluye en cada instante de la toma de muestras. Esto también se denomina tiempo constante, volumen variable (CTVV).",1.0.0,2.0.0,Removed time period. Use collection period (collectPer) = 24 for 24hr sample,
spaflowUnitSet,spa,flowUnitSet,Conjunto de unidades de caudal volumétrico,Conjunto de unidades para mediciones de caudal volumétrico.,NA,2.0.0,2.0.0,added in V2.0.0,
spaflowVol,spa,flowVol,Caudal volumétrico,Volumen de afluente.,NA,2.0.0,2.0.0,added in V2.0.0,
spaflu,spa,flu,Medida del virus de la gripe,Medida general del virus de la gripe.,Esta medida solo debe utilizarse si no hay otra medida del virus de la gripe. Véase groupID = virusMisc. Utilice una nota para describir la medida específica utilizada. ,2.0.0,2.0.0,added in V2.0.0,
spafluA,spa,fluA,Virus de la gripe A,Virus de la gripe A.,NA,2.1.0,2.1.0,added in V2.1.0,
spafluA1,spa,fluA1,Virus de la gripe A1,Virus de la gripe tipo A1.,NA,2.0.0,2.0.0,added in V2.0.0,
spafluA1A2c,spa,fluA1A2c,Virus de la gripe A1 y A2 combinados,"Medida combinada de los virus de la gripe A1 y A2, normalmente debido a un único canal de fluorescencia.",NA,2.0.0,2.0.0,added in V2.0.0,
spafluA2,spa,fluA2,Virus de la gripe A2,Virus de la gripe tipo A2.,NA,2.0.0,2.0.0,added in V2.0.0,
spafluAGrp,spa,fluAGrp,Grupo del virus de la gripe A,Grupo de medidas/métodos relacionados con los virus de la gripe A.,Se utiliza para describir la información del organismo para medidas generales.,2.2.0,2.2.0,added in V2.2.0,
spafluB,spa,fluB,Virus de la gripe B,Virus de la gripe tipo B.,NA,2.0.0,2.0.0,added in V2.0.0,
spafluBGrp,spa,fluBGrp,Grupo del virus de la gripe B,Grupo de medidas/métodos relacionados con los virus de la gripe B.,Se utiliza para describir la información del organismo para medidas generales.,2.2.0,2.2.0,added in V2.2.0,
spafluGrp,spa,fluGrp,Grupo general del virus de la gripe,Un conjunto de medidas/métodos relacionados con los virus de la gripe en general.,Se utiliza para describir la información del organismo para medidas generales.,2.2.0,2.2.0,added in V2.2.0,
spafluH5hema,spa,fluH5hema,Gen de la hemaglutinina H5 de la gripe A ,"Medida del gen de la hemaglutinina H5 del virus de la gripe aviar altamente patógeno (HPAIV), subtipo H5N1 del virus de la gripe A (IAV).",NA,2.2.0,2.2.0,added in V2.2.0,
spafluIAVm,spa,fluIAVm,Gen M de la gripe A,"Medida del gen M que se encuentra en los virus de la gripe A (IAV). El virus tiene un genoma de ARN segmentado y el séptimo segmento, el gen M, codifica dos proteínas. M1 es una proteína matriz y M2 es una proteína de membrana. El gen M puede estar implicado en la determinación del tropismo del huésped.",NA,2.2.0,2.2.0,added in V2.2.0,
spafluiDpcr,spa,fluiDpcr,PCR digital Fluidigm,Describe un análisis de PCR realizado utilizando la tecnología de PCR digital de FluidIGM.,NA,2.0.0,2.0.0,added in V2.0.0,
spafluN1neur,spa,fluN1neur,Gen de la neuraminidasa N1 de la gripe A,"Medida del gen de la neuraminidasa N1 del virus de la gripe aviar altamente patógena (HPAIV), el subtipo H5N1 del virus de la gripe A (IAV).",NA,2.2.0,2.2.0,added in V2.2.0,
spafoggy,spa,foggy,Nublado,"Categoría cualitativa para la medida meteorológica, que especifica un día con niebla o bruma.",NA,2.0.0,2.0.0,added in V2.0; github issue #124 and #204,
spafraction,spa,fraction,Fracción analizada,Fracción de la muestra que se analiza.,NA,1.0.0,2.0.0,"description wording, structure",
spafractionInput,spa,fractionInput,Entrada de fracción (tabla amplia),El ID de la parte que se utiliza en un nombre amplio.,NA,2.2.0,2.2.0,added in V2.2.0,
spafractionName,spa,fractionName,Nombre de la fracción (tabla amplia),La fracción analizada a la que se hace referencia para el nombre amplio.,NA,2.2.0,2.2.0,added in V2.2.0,
spafractionSet,spa,fractionSet,Conjunto de fracciones de muestra,"Conjunto para la fracción de la muestra (sólida, líquida, etc.).",NA,2.0.0,2.0.0,added in V2.0.0,
spafreyja,spa,freyja,Script Freyja,Script Freyja para secuenciación.,NA,2.0.0,2.0.0,added in V2.0.0,
spafRNABact,spa,fRNABact,Bacteriófagos de ARN específicos F,Una medida de la cantidad de bacteriófagos de ARN específicos de F.,NA,2.0.0,2.0.0,added in V2.0.0,
spafRNAColi,spa,fRNAColi,Colifago de ARN F+,Colifago de ARN F+.,NA,2.2.0,2.2.0,added in V2.2.0,
spafrnaG2,spa,frnaG2,"Bacteriófagos de ARN específicos F, G2",Una medida de la cantidad de bacteriófagos de ARN específicos de G2 F.,NA,2.0.0,2.0.0,added in V2.0.0,
spafrozen,spa,frozen,Muestra congelada,La muestra se congeló antes del análisis o procesamiento.,NA,2.0.0,2.0.0,added in V2.0.0,
spafst,spa,fst,Temperatura de la muestra de campo,Temperatura a la que se almacena la muestra mientras se toma la muestra. Este campo es principalmente relevante para muestras compuestas que se mantienen a temperatura ambiente o refrigeradas mientras se toman las muestras.,NA,1.0.0,2.0.0,NA,
spafTularensis,spa,fTularensis,Francisella tularensis,Francisella tularensis.,NA,2.2.0,2.2.0,added in V2.2.0,
spafullDictionarySheetSet,spa,fullDictionarySheetSet,Conjunto completo de hojas del diccionario,Hojas de cálculo en el diccionario completo de Excel.,El diccionario completo es «ODM_full-dictionary.xlxs».,2.0.0,2.0.0,added in V2.0.0,
spafunderCont,spa,funderCont,ID de contacto del financiador,Identificador único de un financiador.,NA,2.0.0,2.0.0,added in V2.0.0,
spafunderID,spa,funderID,ID de la agencia de financiación,La agencia financiadora del conjunto de datos.,Utilice el ID de la organización para rellenar este campo y la tabla de organizaciones para describir la información de contacto y otros detalles de la agencia de financiación. ,2.0.0,2.0.0,added in V2.0; github issue #205,
spag215c,spa,g215c,g215c objetivo del gen variante delta,g215c objetivo del gen de la mutación de la variante delta,NA,2.0.0,2.0.0,added in V2.0.0,
spag339d,spa,g339d,g339d objetivo del gen variante ómicron,g339d objetivo del gen de la mutación de la variante ómicron,NA,2.0.0,2.0.0,added in V2.0.0,
spag496s,spa,g496s,g496s objetivo del gen variante ómicron,g496s objetivo del gen de la mutación de la variante ómicron,NA,2.0.0,2.0.0,added in V2.0.0,
spag662s,spa,g662s,g662s objetivo del gen variante delta,g662s objetivo del gen de la mutación de la variante delta,NA,2.0.0,2.0.0,added in V2.0.0,
spagam,spa,gam,Gamma,P.1,NA,2.0.0,2.0.0,added in V2.0.0,
spagas,spa,gas,Clase de gas,Medidas y métodos relacionados con el gas y los gases.,NA,2.0.0,2.0.0,added in V2.0.0,
spagc,spa,gc,Copias del gen,Copias de genes o variantes,NA,1.0.0,2.0.0,added in V2.0.0,
spagcCrA,spa,gcCrA,Copias del gen por copia del crAssphage,Copias de genes o variantes por copia de crAssphage.,NA,1.0.0,2.0.0,description wording.,
spagcDay100k,spa,gcDay100k,Copias del gen por día por cada 100 000 personas,Unidad de medida que refleja las copias de genes por día por cada 100 000 personas de la población.,NA,2.0.0,2.0.0,added in V2.0.0,
spagCGS,spa,gCGS,Copias del gen por gramo de sólidos,Copias de genes o variantes por gramo de sólidos.,NA,1.0.0,2.0.0,description wording.,
spagcL,spa,gcL,Copias del gen por litro,Copias de genes o variantes por litro.,NA,1.0.0,2.0.0,description wording.,
spagcMl,spa,gcMl,Copias del gen por mililitro,Copias de genes o variantes por mililitro de solución.,NA,1.0.0,2.0.0,description wording.,
spagcPpmov,spa,gcPpmov,Copias del gen por copia de PMMoV,Copias de genes o variantes por copia de PMMoV.,NA,1.0.0,2.0.0,description wording.,
spageneticUnitSet,spa,geneticUnitSet,Conjunto de unidades genéticas,Conjunto de unidades para mediciones relacionadas con la genética.,NA,2.0.0,2.0.0,added in V2.0.0,
spagenMissingnessSet,spa,genMissingnessSet,Conjunto de datos faltantes generales,Conjunto general para valores que faltan.,NA,2.0.0,2.0.0,added in V2.0.0,
spagenQualitySet,spa,genQualitySet,Conjunto genérico de indicadores de calidad,Conjunto de calidad para especificar cualquier problema genérico de calidad relacionado con una medida o muestra.,NA,1.0.0,2.0.0,"description wording, structure",
spageoEPSG,spa,geoEPSG,Coordenadas del Grupo Europeo de Estudios Petroleros,Código EPSG único que especifica un área geoespacial determinada.,NA,2.0.0,2.0.0,added in V2.0.0,
spageoLat,spa,geoLat,Latitud,"Ubicación geográfica, latitud en coordenadas decimales, por ejemplo: (45.424721)",NA,1.0.0,2.0.0,NA,
spageoLong,spa,geoLong,Longitud,"Ubicación geográfica, longitud en coordenadas decimales, por ejemplo: (-75.695000)",NA,1.0.0,2.0.0,NA,
spageoType,spa,geoType,Tipo de geografía,Tipo de geografía representada por el polígono.,NA,1.0.0,2.0.0,"description wording, structure",
spageoTypeSet,spa,geoTypeSet,Conjunto geográfico,Conjunto para diferentes tipos de componentes geográficos.,NA,2.0.0,2.0.0,added in V2.0.0,
spageoWKT,spa,geoWKT,Texto conocido,Texto conocido del polígono.,NA,1.0.0,2.0.0,"description wording, structure",
spagfdl13,spa,gfdl13,Licencia de documentación libre GNU v1.3,La licencia de la medida o el conjunto de datos se gestiona bajo la Licencia de Documentación Libre GNU v1.3.,NA,2.2.0,2.2.0,added in V2.2.0,
spagm3,spa,gm3,Gramos por metro cúbico,Unidad de densidad.,Se utiliza para la humedad absoluta y otras medidas.,2.0.0,2.0.0,added in V2.0.0,
spagmn,spa,gmn,Media geométrica,Media geométrica.,NA,1.0.0,2.0.0,NA,
spagonococcusGrp,spa,gonococcusGrp,Grupo Gonococcus,Un grupo de medidas/métodos relacionados con la bacteria gonococo.,Se utiliza para describir la información del organismo para medidas generales.,2.2.0,2.2.0,added in V2.2.0,
spagovt,spa,govt,Agencia gubernamental,"La categoría de tipo de organización utilizada para agencias gubernamentales, programas u organismos de propiedad de la corona.",NA,2.0.0,2.0.0,added in V2.0.0,
spagpl20,spa,gpl20,Licencia pública general GNU v2.0,La licencia de la medida o el conjunto de datos se gestiona bajo la Licencia Pública General GNU v2.0.,NA,2.2.0,2.2.0,added in V2.2.0,
spagpl30,spa,gpl30,Licencia pública general GNU v3.0,La licencia de la medida o el conjunto de datos se gestiona bajo la Licencia Pública General GNU v3.0.,NA,2.2.0,2.2.0,added in V2.2.0,
spagrams,spa,grams,Gramos,Unidad de masa o peso.,NA,2.0.0,2.0.0,added in V2.0.0,
spagraSet,spa,graSet,Sedimentación por gravedad,Describe la separación sólida de una muestra de aguas residuales en la que se deja que el material de la muestra se asiente por gravedad y luego se separa.,NA,2.0.0,2.0.0,added in V2.0.0,
spagrb,spa,grb,Muestra aleatoria,Una sola muestra representativa de gran tamaño.,"Si la muestra se recogió a lo largo de varias horas o es una muestra compuesta, utilice partID = comp",1.0.0,2.0.0,"description wording, structure",
spagromstole,spa,gromstole,Script Gromstole 1.0,Gromstole 1.0 Script para secuenciación.,NA,2.0.0,2.0.0,added in V2.0.0,
spagroup,spa,group,Grupo,"Identificador único para un grupo de medidas. Se aplica principalmente a medidas, métodos, unidades y agregaciones.","Una recopilación de medidas relacionadas. Por ejemplo, el SARS-CoV-2 es un grupo. Dentro del grupo SARS-CoV-2, hay clases de medidas que incluyen alelos de ARN (N1, N2, E, etc.), mutaciones (E484K0), una secuencia completa, proteínas virales, etc. Actualmente, los grupos se utilizan solo para medidas.",2.0.0,2.0.0,added in V2.0.0,
spagroups,spa,groups,Grupos,Colección de medidas relacionadas.,"Se utiliza principalmente para agrupar mediciones y métodos, lo que ayuda a reducir la lista desplegable para una medida determinada o ",2.0.0,2.0.0,added in V2.0.0,
spah5n1,spa,h5n1,Virus de la gripe aviar A H5N1 (IAV) ,"Medida general para el virus de la gripe aviar altamente patógena (HPAIV), el subtipo H5N1 del virus de la gripe A (IAV).",NA,2.2.0,2.2.0,added in V2.2.0,
spahaemophilusGrp,spa,haemophilusGrp,Grupo Haemophilus,Un grupo de medidas/métodos relacionados con la bacteria Haemophilus.,Se utiliza para describir la información del organismo para medidas generales.,2.2.0,2.2.0,added in V2.2.0,
spahAg,spa,hAg,Véase el encabezado para la agregación,Un indicador para mostrar en un nombre amplio que la información de agregación se encuentra en una columna diferente.,No es un valor válido para la agregación en el formato largo estándar.,2.2.0,2.2.0,added in V2.2.0,
spahCo,spa,hCo,Véase el encabezado para el compartimento ,Indicador para nombres generales que muestra que la información del compartimento se almacena en una columna separada.,No es un valor válido para el compartimento en el formato largo estándar.,2.2.0,2.2.0,added in V2.2.0,
spahDucreyi,spa,hDucreyi,Haemophilus ducreyi,Haemophilus ducreyi,NA,2.2.0,2.2.0,added in V2.2.0,
spaheader,spa,header,Encabezado,Encabezado de una tabla. También conocido como variable de tabla o «atributo» de relación de entidad. ,El encabezado es la fila superior o el nombre de la variable en una tabla.,2.0.0,2.0.0,added in V2.0.0,
spahealthAdm,spa,healthAdm,Administración sanitaria o agencia de planificación,Organización administrativa o de planificación sanitaria. ,NA,2.0.0,2.0.0,added in V2.0.0,
spahealthRegion,spa,healthRegion,Región sanitaria de un centro,Variable de texto libre para enumerar la región sanitaria de un sitio determinado.,NA,2.1.0,2.1.0,added in V2.1.0,
spaheatInacSARS,spa,heatInacSARS,Brote del virus SARS-CoV-2 inactivado por calor,El virus SARS-CoV-2 inactivado por calor se utiliza como objetivo de control de la eficiencia de recuperación.,NA,2.0.0,2.0.0,added in V2.0.0,
spahepA,spa,hepA,Hepatitis A,Hepatitis A,NA,2.2.0,2.2.0,added in V2.2.0,
spahepB,spa,hepB,Hepatitis B,Hepatitis B,NA,2.2.0,2.2.0,added in V2.2.0,
spahepC,spa,hepC,Hepatitis C,Hepatitis C,NA,2.2.0,2.2.0,added in V2.2.0,
spahepE,spa,hepE,Hepatitis E,Hepatitis E,NA,2.2.0,2.2.0,added in V2.2.0,
spahepGRna,spa,hepGRna,ARN blindado hep G,Medida de la cantidad de ARN blindado de la hepatitis G.,NA,2.0.0,2.0.0,added in V2.0.0,
spahepGRnaMat,spa,hepGRnaMat,Brote objetivo del ARN blindado hep G,El ARN blindado de la hepatitis G se utiliza como objetivo de control de la eficiencia de recuperación.,NA,2.0.0,2.0.0,added in V2.0.0,
spahepGrp,spa,hepGrp,Grupo de la hepatitis,Grupo de medidas/métodos relacionados con los virus de la hepatitis.,Se utiliza para describir la información del organismo para medidas generales.,2.2.0,2.2.0,added in V2.2.0,
spaherpesGrp,spa,herpesGrp,Grupo del virus del herpes,Grupo de medidas/métodos relacionados con los virus del herpes.,Se utiliza para describir la información del organismo para medidas generales.,2.2.0,2.2.0,added in V2.2.0,
spahf183,spa,hf183,HF183 Bacteriodes 16S,HF183 específico para humanos Bacteriodes 16S rRNA ,NA,2.2.0,2.2.0,added in V2.2.0,
spahFr,spa,hFr,Véase el encabezado para la fracción analizada,Indicador en nombres amplios para mostrar que la información sobre la fracción analizada se encuentra en un encabezado separado.,No es un valor válido para la fracción analizada en el formato largo estándar.,2.2.0,2.2.0,added in V2.2.0,
spahiaa5,spa,hiaa5,Ácido 5-hidroxiindolacético (5-HIAA),"Metabolito de la serotonina utilizado para normalizar la señal de vigilancia de las aguas residuales. El análisis del 5-HIAA se realiza en entornos clínicos para evaluar la posibilidad de síndrome carcinoide en pacientes, y se utiliza en el análisis de aguas residuales para estimar el número de población humana. Los estudios han demostrado que el 5-HIAA puede cuantificarse en muestras de EDAR, y que las cantidades medidas de esta molécula tienen una correlación positiva con la población calculada utilizando parámetros hidroquímicos, y también se correlacionan bien con las medidas de población del censo.",NA,2.2.0,2.2.0,added in V2.2.0,
spahigh,spa,high,Alta gravedad,"Indica un problema de calidad muy grave, lo que probablemente significa que los datos no deben comunicarse.",NA,2.0.0,2.0.0,added in V2.0.0,
spahInfluenzae,spa,hInfluenzae,Haemophilus influenzae,Haemophilus influenzae,NA,2.2.0,2.2.0,added in V2.2.0,
spahiv,spa,hiv,Virus de la inmunodeficiencia humana (VIH),Virus de la inmunodeficiencia humana (VIH),NA,2.2.0,2.2.0,added in V2.2.0,
spahivGrp,spa,hivGrp,Grupo VIH,Un grupo de medidas/métodos relacionados con el virus de la inmunodeficiencia humana (VIH).,Se utiliza para describir la información del organismo para medidas generales.,2.2.0,2.2.0,added in V2.2.0,
spahlthReg,spa,hlthReg,Red de alcantarillado Región sanitaria,Región sanitaria atendida por la red de alcantarillado,NA,1.0.0,2.0.0,Name Change (from Polygon Type),
spahma,spa,hma,Medición manual,Analizador de medición portátil.,Un analizador de medidas portátil.,1.0.0,2.0.0,"description wording, structure",
spahMe,spa,hMe,Véase el encabezado para la medida,Indicador para mostrar en un nombre amplio que la información de la medida se encuentra en una columna diferente.,No es un valor válido para la medida en el formato largo estándar.,2.2.0,2.2.0,added in V2.2.0,
spahmpv,spa,hmpv,Metapneumovirus humano (HMPV) ,Metapneumovirus humano (HMPV) ,NA,2.2.0,2.2.0,added in V2.2.0,
spahollowFiberUF,spa,hollowFiberUF,Ultrafiltración de fibra hueca sin salida,Ultrafiltración de fibra hueca sin salida,NA,2.0.0,2.0.0,"added in V2.0.0, added from NWSS",
spahosa,spa,hosa,Ingresos hospitalarios generales,Ingresos hospitalarios o pacientes recién ingresados en el hospital.,NA,1.0.0,2.0.0,now a unit for any group or biologic infection,
spahosc,spa,hosc,Censo hospitalario,Censo hospitalario o número de personas ingresadas con una dolencia.,NA,1.0.0,2.0.0,now a unit for any group or biologic infection,
spahosptl,spa,hosptl,Hospital,Hospital,NA,1.0.0,2.0.0,"description wording, structure",
spahoTaWa,spa,hoTaWa,Depósito de aguas residuales depreciado,"Aguas residuales de un tanque de almacenamiento, como las de un avión o un barco","Obsoleto en la versión 2, no lo utilice. Duplicado de las categorías sampleMat; consulte estas últimas.",1.0.0,2.0.0,depreciated,
spahours,spa,hours,Horas,Unidad para indicar un periodo de tiempo en horas.,NA,2.0.0,2.0.0,added in V2.0.0,
spahpiv,spa,hpiv,Virus parainfluenza humano (HPIV),Virus parainfluenza humano (HPIV).,NA,2.2.0,2.2.0,added in V2.2.0,
spahpv,spa,hpv,Virus del papiloma humano (HPV),Virus del papiloma humano (HPV).,NA,2.2.0,2.2.0,added in V2.2.0,
spahrv,spa,hrv,Rinovirus humano (HRV),Rinovirus humano (HRV).,NA,2.2.0,2.2.0,added in V2.2.0,
spahrvA,spa,hrvA,Rinovirus humano (HRV) A,Rinovirus humano (HRV) A.,NA,2.2.0,2.2.0,added in V2.2.0,
spahrvB,spa,hrvB,Rinovirus humano (HRV) B,Rinovirus humano (HRV) B.,NA,2.2.0,2.2.0,added in V2.2.0,
spahrvC,spa,hrvC,Rinovirus humano (HRV) C,Rinovirus humano (HRV) C.,NA,2.2.0,2.2.0,added in V2.2.0,
spahrvGrp,spa,hrvGrp,Grupo de rinovirus,Un conjunto de medidas/métodos relacionados con los rinovirus.,Se utiliza para describir la información del organismo para medidas generales.,2.2.0,2.2.0,added in V2.2.0,
spahSp,spa,hSp,Véase el encabezado para la muestra,Un indicador para mostrar en un nombre amplio que la información de la muestra se encuentra en una columna diferente.,No es un valor válido para la muestra en el formato largo estándar.,2.2.0,2.2.0,added in V2.2.0,
spahsv,spa,hsv,Virus del herpes simple,Virus del herpes simple.,NA,2.2.0,2.2.0,added in V2.2.0,
spahtSam,spa,htSam,Tanque de almacenamiento de aguas residuales,"Aguas residuales muestreadas de un tanque de almacenamiento, como el de un avión o un barco.",NA,2.0.0,2.0.0,NA,
spahtSite,spa,htSite,Tanque de almacenamiento,Tanque de almacenamiento.,NA,1.0.0,2.0.0,"description wording, structure",
spahum,spa,hum,Compartimento humano,Una medida u observación realizada sobre un ser humano.,NA,2.0.0,2.0.0,added in V2.0.0,
spahumanCompartmentSet,spa,humanCompartmentSet,Conjunto de compartimentos humanos,Un compartimento establecido para medidas y métodos en el compartimento humano.,NA,2.0.0,2.0.0,added in V2.0.0,
spahumid,spa,humid,Clase de humedad,Medidas y métodos relacionados con la humedad.,NA,2.0.0,2.0.0,added in V2.0.0,
spahUn,spa,hUn,Véase el encabezado para la unidad,Indicador para mostrar en un nombre amplio que la información de la unidad se encuentra en una columna diferente.,Valor no válido para la unidad en el formato largo estándar.,2.2.0,2.2.0,added in V2.2.0,
spai1566v,spa,i1566v,i1566v gen objetivo de la variante ómicron,i1566v objetivo del gen de mutación de la variante ómicron,NA,2.0.0,2.0.0,added in V2.0.0,
spai3758v,spa,i3758v,i3758v gen objetivo de la variante ómicron,i3758v objetivo del gen de mutación de la variante ómicron,NA,2.0.0,2.0.0,added in V2.0.0,
spai82t,spa,i82t,i82t gen objetivo de la variante delta,i82t objetivo del gen de mutación de la variante delta,NA,2.0.0,2.0.0,added in V2.0.0,
spaibu,spa,ibu,Ibuprofeno,Ibuprofeno (normalmente medido como indicador químico fecal humano),NA,2.2.0,2.2.0,added in V2.2.0,
spaicd,spa,icd,Clasificación Internacional de Enfermedades,Sistema de clasificación de enfermedades en humanos.,NA,2.0.0,2.0.0,added in V2.0.0,
spaicu,spa,icu,Pacientes de la unidad de cuidados intensivos,Unidades para describir una medida poblacional de pacientes que se encuentran en cuidados intensivos debido a una causa determinada.,Unidad para una medida de población o enfermedad que explica los efectos clínicos a nivel de población.,2.0.0,2.0.0,added in V2.0.0,
spain,spa,in,Tabla de instrumentos Abreviaturas,Abreviatura utilizada para referirse a la tabla que contiene información sobre los instrumentos.,tabla,2.2.2,2.2.2,added in V 2.2.2,
spaindex,spa,index,Índice,Número índice en caso de que la medición se haya realizado varias veces.,NA,1.1.0,2.0.0,NA,
spaindusIn,spa,indusIn,Aportación industrial,Porcentaje del total de aguas residuales procedentes de fuentes industriales.,NA,2.2.0,2.2.0,added in V2.2.0,
spainfluEqui,spa,influEqui,Equilibrio de afluentes,Indicador binario que indica si un emplazamiento almacena las aguas residuales afluentes antes de su tratamiento para equilibrar los caudales.,NA,2.2.0,2.2.0,added in V2.2.0,
spainhibitionSet,spa,inhibitionSet,Conjunto de inhibición,Categoría establecida para los métodos de inhibición.,NA,2.0.0,2.0.0,added in V2.0.0,
spainhibMe,spa,inhibMe,Medida de inhibición,Parámetro para informar de si se ha detectado o no inhibición en la muestra.,"Detectado = VERDADERO, no detectado = FALSO.",1.1.0,2.0.0,structure change,
spainhibMeth,spa,inhibMeth,Método de inhibición,Descripción del método utilizado para evaluar la inhibición molecular.,Descripción de los parámetros de inhibición.,1.0.0,2.0.0,structure change,
spainnovaprepUF,spa,innovaprepUF,Ultrafiltración Innovaprep,Ultrafiltración Innovaprep,NA,2.0.0,2.0.0,"added in V2.0.0, added from NWSS",
spainput,spa,input,Entrada,Entrada para una tabla. Indica si una parte se puede utilizar en una tabla.,"«Entrada» se utiliza para indicar si una parte se puede utilizar como entrada en una tabla (algo con partType = tabla). Por ejemplo, covN1 es una medida específica que se puede introducir en el campo measureID de la tabla de medidas. Por lo tanto, covN1 tiene un valor «entrada» en la columna de medidas de la lista de partes. Los usuarios de ODM pueden generar su propia plantilla personalizada modificando el valor «input» solo para las partes que sean aplicables a su programa.",2.0.0,2.0.0,added in V2.0.0,
spains214epe,spa,ins214epe,Variante Ómicron ins214epe Inserción,Omicron Variant ins214epe Mutación por inserción.,NA,2.2.0,2.2.0,added in V2.2.0,
spainstrumentID,spa,instrumentID,ID del instrumento,Identificador único de un instrumento.,NA,1.1.0,2.0.0,"description wording, structure",
spainstruments,spa,instruments,Tabla de instrumentos,Tabla que contiene información sobre los instrumentos.,adaptado de la documentación de la versión 1,1.0.0,2.0.0,"description wording, structure",
spainstrumentsOrder,spa,instrumentsOrder,Orden de las columnas de la tabla de instrumentos,Especifica el orden de las columnas en la tabla Instrumentos.,NA,2.0.0,2.0.0,added in V2.0.0,
spainstrumentsRequired,spa,instrumentsRequired,Encabezados obligatorios de la tabla de instrumentos,Especifica las columnas necesarias en la tabla Instrumentos.,NA,2.0.0,2.0.0,added in V2.0.0,
spainstrumentTypeOther,spa,instrumentTypeOther,Otro instrumento,Tipo de instrumento distinto de los incluidos en el PHES-ODM.,Otro tipo de instrumento de medición. Añadir descripción a las notas. Consulte la documentación para saber cómo solicitar la incorporación de nuevos instrumentos al diccionario. ,1.0.0,2.0.0,"description wording, structure, one of the two ""other"" field that was not depricated in the transition from V1 to V2",
spainsType,spa,insType,Tipo de instrumento,Tipo de instrumento utilizado para realizar la medición.,NA,1.0.0,2.0.0,none,
spainsTypeOth,spa,insTypeOth,"Describir otro tipo de instrumento, si procede",Descripción del instrumento en caso de que no figure en instrumentType.,NA,1.0.0,2.0.0,"none, one of the two ""other"" field that was not depricated in the transition from V1 to V2",
spainsTypeSet,spa,insTypeSet,Conjunto de instrumentos,Lista de instrumentos que se utilizan para las medidas y métodos,NA,2.0.0,2.0.0,added in V2.0.0,
spaintAMRGrp,spa,intAMRGrp,Grupo de resistencia antimicrobiana de la integrasa,El grupo de medidas y métodos relacionados con la resistencia antimicrobiana relacionada con la integrasa.,NA,2.1.0,2.1.0,added in V2.1.0,
spainteger,spa,integer,Tipo de datos enteros,El tipo de datos para números enteros.,Solo se utiliza para las entradas del diccionario de partes.,2.0.0,2.0.0,added in V2.0.0,
spaintegraseCl1,spa,integraseCl1,Gen diana de la integrasa de clase I,Gen diana de la resistencia antimicrobiana de la integrasa.,NA,2.2.0,2.2.0,added in V2.2.0,
spainter,spa,inter,Intercepción,Valor de intersección de la curva de calibración.,"Se utiliza para almacenar información sobre curvas de calibración, aunque también puede ser aplicable a otros tipos de curvas.",2.0.0,2.0.0,added in V2.0.0,
spaip2ip4,spa,ip2ip4,Gen diana combinado ip2 e ip4 sars-cov-2,Gen diana combinado ip2 e ip4 sars-cov-2.,NA,2.0.0,2.0.0,added in V2.0.0,
spaisc,spa,isc,ISC,La licencia de la medida o el conjunto de datos se gestiona bajo la licencia ISC.,NA,2.2.0,2.2.0,added in V2.2.0,
spaiso6391,spa,iso6391,ISO639-1,Primera parte de la serie ISO 639 de normas internacionales para códigos de idiomas. La parte 1 cubre el registro de códigos de dos letras. En junio de 2021 hay 183 códigos de dos letras registrados. Los códigos registrados cubren los principales idiomas del mundo.,Parte de los metadatos de un languageID.,2.0.0,2.0.0,added in V2.0.0,
spaiso6392B,spa,iso6392B,ISO639-2B,"Conjunto de normas internacionales que enumeran códigos cortos para los nombres de los idiomas. Estos ISO639-2 son los códigos de tres letras definidos en la segunda parte (ISO 639-2) de la norma, incluidos los códigos de dos letras correspondientes (ISO 639-1) cuando existen. La «B» especifica el código bibliográfico (código B).",Parte de los metadatos de un languageID.,2.0.0,3.0.0,removed from languages table to avoid duplication of identical values across columns.,
spaiso6392T,spa,iso6392T,ISO639-2T,"Conjunto de normas internacionales que recogen códigos cortos para los nombres de los idiomas. Estos códigos ISO 639-2 son los códigos de tres letras definidos en la segunda parte (ISO 639-2) de la norma, incluidos los códigos de dos letras (ISO 639-1) correspondientes, cuando existen. La «T» especifica el código terminológico (código T).",Parte de los metadatos de un languageID.,2.0.0,2.0.0,added in V2.0.0,
spaiso6393,spa,iso6393,ISO639-3,Conjunto de normas internacionales que recogen códigos cortos para los nombres de los idiomas. ISO 639-3 amplía los códigos alfa-3 de ISO 639-2 con el objetivo de abarcar todos los idiomas naturales conocidos. ,Parte de los metadatos de un languageID.,2.0.0,3.0.0,removed from languages table to avoid duplication of identical values across columns.,
spaiso6396,spa,iso6396,ISO639-6,"Conjunto de normas internacionales que recogen códigos abreviados para los nombres de los idiomas. ISO 639-6 se basa en ISO639-3 con el uso de códigos de cuatro letras, lo que permite a los usuarios diferenciar entre variantes de idiomas y familias lingüísticas, como las versiones históricas y las versiones recuperadas de los idiomas.",Parte de los metadatos de un languageID.,2.0.0,3.0.0,removed from languages table to avoid duplication of identical values across columns.,
spaisoCode,spa,isoCode,Código de país ISO 3166-1 alfa-2,"El código ISO 3166-1 alfa-2, un código de país de dos letras que también se utiliza para crear el código de subdivisión de país ISO 3166-2 y el dominio de nivel superior de país en Internet.","Preprogramado en tablas de diccionario, no editable por los usuarios.",2.1.0,3.0.0,"removed as a ""template"" input in addresses, as is a synonym for the ""country"" field anyway.",
spaisoCodeX,spa,isoCodeX,Código de país ISO 3166-1 alfa-3,"El código ISO 3166-1 alfa-3, un código de país de tres letras que puede permitir una mejor asociación visual entre el código y los nombres de los países que el código 3166-1 alfa-2.","Preprogramado en tablas de diccionario, no editable por los usuarios.",2.1.0,2.1.0,added in V2.1.0,
spaisoZone,spa,isoZone,Código ISO 3166-2 para subdominio de país,"Los códigos ISO 3166-2 para los nombres de las principales subdivisiones (por ejemplo, provincias, estados, departamentos, regiones) de todos los países codificados en ISO 3166-1.","Preprogramado en tablas de diccionario, no editable por los usuarios.",2.1.0,3.0.0,"removed as a ""template"" input in addresses, as is a synonym for the ""stateProvReg"" field anyway.",
spajn17V,spa,jn17V,Variante JN.1.7,"La variante JN.1.7 del SARS-CoV-2, una de las variantes FLiRT.",NA,2.0.0,2.0.0,added in V2.0.0,
spajn1V,spa,jn1V,Variante JN.1,La variante JN.1 es una subvariante de la variante Ómicron BA.2.86 y contiene varias mutaciones asociadas con el escape de la protección inmunitaria mediada por la vacuna. El origen de las variantes FLiRT del SARS-CoV-2.,NA,2.0.0,2.0.0,added in V2.0.0,
spak856r,spa,k856r,Gen objetivo de la variante omicron k856r,Gen diana de la mutación de la variante Ómicron k856r,NA,2.0.0,2.0.0,added in V2.0.0,
spakgS,spa,kgS,Kilogramo por segundo,Kilogramos por segundo.,NA,1.0.0,2.0.0,description wording.,
spakl,spa,kl,Kilolitros,Kilolitros de volumen,NA,2.0.0,2.0.0,added in V2.0.0,
spaklebsiellaGrp,spa,klebsiellaGrp,Grupo Klebsiella,Un grupo de medidas/métodos relacionados con la bacteria Klebsiella.,Se utiliza para describir la información del organismo para medidas generales.,2.2.0,2.2.0,added in V2.2.0,
spaklebsiellaPneu,spa,klebsiellaPneu,Klebsiella pneumoniae,Klebsiella pneumoniae,NA,2.2.0,2.2.0,added in V2.2.0,
spakp11V,spa,kp11V,Variante KP.1.1,"La variante KP.1.1 del SARS-CoV-2, una de las variantes FLiRT.",NA,2.0.0,2.0.0,added in V2.0.0,
spakp1V,spa,kp1V,Variante KP.1,"La variante KP.1 del SARS-CoV-2, una de las variantes FLiRT.",NA,2.0.0,2.0.0,added in V2.0.0,
spakp2V,spa,kp2V,Variante KP.2,"La variante KP.2 del SARS-CoV-2, una de las variantes FLiRT.",NA,2.0.0,2.0.0,added in V2.0.0,
spal,spa,l,Litros,Litros de volumen,NA,2.0.0,2.0.0,New variable in category,
spal24s,spa,l24s,Mutación l24s de la variante Ómicron,Mutación l24s de la variante Ómicron,NA,2.2.0,2.2.0,added in V2.2.0,
spal452r,spa,l452r,Gen objetivo de la variante delta l452r,Gen objetivo de la mutación l452r de la variante delta,NA,2.0.0,2.0.0,added in V2.0.0,
spal455s,spa,l455s,Mutación L455S,Mutación L455S de la variante FLiRT/SLip.,NA,2.2.0,2.2.0,added in V2.2.0,
spal981f,spa,l981f,Gen objetivo de la variante Ómicron l981f,Gen objetivo de la mutación l981f de la variante Ómicron,NA,2.0.0,2.0.0,added in V2.0.0,
spala,spa,la,Tabla de consulta de idiomas Abreviaturas,"Nombre abreviado utilizado para hacer referencia a la Tabla de consulta para todos los idiomas, utilizada para dar estructura a la tabla de traducción.",tabla,2.2.2,2.2.2,added in V 2.2.2,
spalab,spa,lab,Laboratorio,Laboratorio de pruebas medioambientales.,NA,2.0.0,2.0.0,added in V2.0.0,
spalabDefDep,spa,labDefDep,ID de laboratorio predeterminado obsoleto,Se utiliza como valor predeterminado cuando este reportero crea una nueva muestra. Véase ID en la tabla Lab.,"Obsoleto a partir de la versión 2, no hay valores predeterminados, por favor especifique.",1.0.0,2.0.0,depreciated,
spalabDuplicate,spa,labDuplicate,Duplicado de laboratorio ,Segundo (o más) procesamiento y análisis de la muestra. Normalmente para análisis químicos generales o de metales.,NA,2.0.0,2.0.0,added in V2.0; GitHub issue #94,
spalabel,spa,label,Etiqueta,Etiqueta legible por humanos de una pieza.,"Normalmente, una etiqueta de parte no tiene acrónimos (todas las palabras se escriben completas). Equivalente a un nombre común LOINC.",2.0.0,2.0.0,added in V2.0.0,
spalabID,spa,labID,ID de laboratorio,Identificador único de un laboratorio.,NA,1.0.0,2.1.0,"description wording, structure",
spalAGC,spa,lAGC,Cobertura genómica baja media,La cobertura media del genoma es baja/deficiente.,NA,2.3.0,2.3.0,added in v 2.3.0,
spalagoon,spa,lagoon,Sistema de laguna,Sistema de lagunas para el tratamiento extensivo de aguas residuales.,NA,1.0.0,2.0.0,"description wording, structure",
spalake,spa,lake,"Lago, masa de agua natural","Lago, masa de agua natural.",NA,1.0.0,2.0.0,"description wording, structure",
spalamba,spa,lamba,Lambda,C.37,NA,2.0.0,2.0.0,added in V2.0.0,
spalandTH,spa,landTH,Centro de tránsito terrestre,Un centro de transporte es un lugar donde se intercambian pasajeros y carga entre vehículos terrestres y/o entre medios de transporte terrestres.,Se utiliza cuando no se pueden proporcionar más detalles.,2.2.3,2.2.3,added in v2.2.3,
spalang,spa,lang,ID de idioma,"Código de idioma para fines de traducción. Especifica el idioma para cada traducción, distinto del inglés predeterminado. Utiliza el código ISO-6393.",Siga los códigos ISO639-3 por ahora.,2.0.0,2.0.0,added in V2.0.0,
spalangFam,spa,langFam,Familia lingüística,Especifica la familia lingüística de un idioma determinado para fines de traducción y seguimiento del idioma.,Parte de los metadatos para un languageID.,2.0.0,2.0.0,added in V2.0.0,
spalangName,spa,langName,Nombre del idioma,Especifica el nombre del idioma en caracteres del alfabeto romano para fines de traducción y seguimiento del idioma.,Parte de los metadatos para un languageID.,2.0.0,2.0.0,added in V2.0.0,
spalangScript,spa,langScript,Escritura del idioma nacional,Los idiomas y alfabetos utilizados para los endónimos de la capital del país.,"Las secuencias de caracteres se enumeran entre paréntesis, en el orden en que aparecen. Preprogramadas en tablas de diccionario, no editables por los usuarios.",2.1.0,2.1.0,added in V2.1.0,
spalanguages,spa,languages,Tabla de consulta de idiomas,"Tabla de consulta para todos los idiomas, utilizada para dar estructura a la tabla de traducción.",NA,2.0.0,2.0.0,added in V2.0.0,
spalanguagesOrder,spa,languagesOrder,Orden de las columnas de la tabla de idiomas,Especifica el orden de las columnas en la tabla Idiomas.,NA,2.0.0,2.0.0,added in V2.0.0,
spalanguagesRequired,spa,languagesRequired,Encabezados obligatorios de la tabla de idiomas,Encabezados obligatorios en la tabla Idiomas.,NA,2.0.0,2.0.0,added in V2.0.0,
spalastEdited,spa,lastEdited,Última edición,Fecha en la que se actualizó por última vez la entrada.,"Utilice lastEdited si se actualiza una entrada. Deje lastEdited en blanco o «NA» para la primera entrada. Las actualizaciones pueden incluir adiciones o revisiones de la entrada por cualquier motivo. Por ejemplo, una medida de aguas residuales se repitió más tarde con un método mejorado. Puede revisar la entrada actualizando el valor y añadiendo la fecha en la que se realizó la nueva medida a «lastEdited».  Para garantizar la procedencia de los datos, la mejor práctica en este ejemplo es generar una nueva entrada con el mismo measureID que el measureID original. Las medidas originales y nuevas se conservan en la base de datos con una fecha en el campo «lastEdited» para la nueva entrada, pero no para la original. Algunas bases de datos pueden optar por un enfoque de eliminación y sustitución, en el que la entrada original se elimina y se sustituye por una nueva entrada. En este enfoque, el campo «lastEdited» indica que se ha producido la eliminación y sustitución.",1.0.0,2.0.0,added in V2.0.0,
spalastName,spa,lastName,Apellido de la persona de contacto,Especifica el apellido de un contacto determinado.,NA,2.0.0,2.0.0,added in V2.0.0,
spalastUpdated,spa,lastUpdated,Última versión actualizada,Versión en la que se actualizó por última vez la parte.,Cualquier cambio en la parte de la lista dará lugar a un cambio en el campo «lastUpdated» de la versión del diccionario en la que se produjo la actualización. ,2.0.0,2.0.0,added in V2.0.0,
spalatExp,spa,latExp,Expresión LaTeX,"Expresión LaTeX utilizada para generar fórmulas, símbolos, etc. Principalmente relevante para unidades.",NA,2.0.0,2.0.0,added in V2.0.0,
spalatrine,spa,latrine,Letrina,"Aseo o letrina, especialmente uno comunitario en un campamento o cuartel.",NA,2.2.3,2.2.3,added in v2.2.3,
spalBC,spa,lBC,Baja amplitud de cobertura,El porcentaje del genoma cubierto por las lecturas (la amplitud) es bajo.,NA,2.0.0,2.0.0,added in V2.0.0,
spalcsd,spa,lcsd,Duplicado de muestra de control de laboratorio,Las cantidades conocidas de un analito o compuestos representativos se añaden a una segunda matriz «limpia» (agua de laboratorio o arena limpia) en el laboratorio. Duplicado de LCS,NA,2.0.0,2.0.0,added in V2.0; GitHub issue #94,
spalDC,spa,lDC,Baja profundidad de cobertura,"Cobertura deficiente, concretamente un número insuficiente de lecturas o demasiadas lecturas de secuenciación mapeadas incorrectamente.",NA,2.0.0,2.0.0,added in V2.0.0,
spaleaked,spa,leaked,Muestra filtrada,"Fuga de la muestra, se perdió parte del volumen y del material.",NA,2.0.0,2.0.0,added in V2.0.0,
spalegionella,spa,legionella,Legionella,Legionella,NA,2.2.0,2.2.0,added in V2.2.0,
spalegionellaGrp,spa,legionellaGrp,Grupo Legionella,Grupo de medidas/métodos relacionados con la bacteria Legionella.,Se utiliza para describir la información del organismo para medidas generales.,2.2.0,2.2.0,added in V2.2.0,
spalentiGrp,spa,lentiGrp,Grupo Lentivirus,"Grupo de medidas/métodos relacionados con los lentivirus, incluidos los vectores virales como el vector del virus Puro.",Se utiliza para describir la información del organismo para medidas generales.,2.2.0,2.2.0,added in V2.2.0,
spalgpl21,spa,lgpl21,Licencia pública general reducida GNU v2.1,La licencia de la medida o el conjunto de datos se gestiona bajo la Licencia Pública General Reducida GNU v2.1.,NA,2.2.0,2.2.0,added in V2.2.0,
spalgpl30,spa,lgpl30,Licencia pública general reducida GNU v3.0,La licencia de la medida o el conjunto de datos se gestiona bajo la Licencia Pública General Reducida GNU v3.0.,NA,2.2.0,2.2.0,added in V2.2.0,
spali,spa,li,Enlace,Enlace a una referencia externa que describe la geometría del polígono.,"Obsoleto a partir de la versión 2, evite su uso. Utilice referenceLink en su lugar.",1.0.0,2.0.0,"Depreciated and collapsed into the generic part, partID =""refLink""",
spalicense,spa,license,Licencia,Licencia de un conjunto de datos.,"Especifique el nombre de la licencia del conjunto de datos o proporcione una descripción de la licencia. Las medidas individuales pueden tener sus propias licencias, que tienen prioridad sobre la licencia general de la base de datos.",2.0.0,2.0.0,added in V2.0; github issue #205,
spalicSet,spa,licSet,Conjunto de licencias de datos,Conjunto que describe los valores categóricos válidos para los campos de licencia de medidas o conjuntos de datos.,NA,2.2.0,2.2.0,added in V2.2.0,
spalinearAggrSet,spa,linearAggrSet,Conjunto de agregación de escala lineal,Conjunto de agregación que contiene todas las agregaciones que existen en la escala lineal.,NA,2.0.0,2.0.0,added in V2.0.0,
spaliq,spa,liq,Fracción líquida,Fracción líquida de una muestra.,NA,1.0.0,2.0.0,added in V2.0.0,
spaliquid,spa,liquid,Líquido/sobrenadante retenido,El líquido o sobrenadante se retiene después de la separación sólida/centrifugación.,NA,2.2.0,2.2.0,added in V2.2.0,
spalisteria,spa,listeria,Listeria,Listeria,NA,2.2.0,2.2.0,added in V2.2.0,
spalisteriaGrp,spa,listeriaGrp,Grupo Listeria,Grupo de medidas/métodos relacionados con la bacteria listeria.,Se utiliza para describir la información del organismo para medidas generales.,2.2.0,2.2.0,added in V2.2.0,
spalists,spa,lists,Hoja de cálculo de lista,Listas de piezas para menús desplegables de plantillas y otra documentación.,Las hojas o pestañas del diccionario ODM Excel incluyen: todas las tablas ERD (tablas de consulta y tablas de entrada de datos) y tablas de apoyo adicionales. ,2.0.0,2.0.0,added in V2.0.0,
spalistSet,spa,listSet,Conjunto de listas,"PartTypes que contienen categorías, conjuntos o listas.",Se utiliza para generar documentación.,2.0.0,2.0.0,added in V2.0.0,
spalocalHA,spa,localHA,Acceso a ha local,"Si es «no», los datos no estarán disponibles para las autoridades sanitarias locales. Si falta, los datos estarán disponibles para las autoridades sanitarias locales.",NA,1.0.0,2.0.0,"depreciated, sharing moved to sharing schema",
spalod,spa,lod,Límite de detección (LOD),"Límite de detección, es decir, el nivel mínimo de un objetivo genético.",NA,1.1.0,3.0.0,changed quality indicator set from general to measure.,
spalodSewa,spa,lodSewa,Límite de detección (LOD) - aguas residuales,"Límite de detección, es decir, el nivel mínimo de un objetivo genético, para muestras de aguas residuales.",NA,2.0.0,3.0.0,changed quality indicator set from general to measure.,
spalog10cpG,spa,log10cpG,log10 copias del gen por g,Unidad para log10 copias por gramo,NA,2.2.0,2.2.0,added in V2.2.0,
spalog10cpL,spa,log10cpL,log10 copias del gen por L,Unidad para log10 copias por litro,NA,2.2.0,2.2.0,added in V2.2.0,
spalog10cpml,spa,log10cpml,log10 copias del gen por mL,Unidad para log10 copias por mililitro,NA,2.2.0,2.2.0,added in V2.2.0,
spalog10ugG,spa,log10ugG,log10 microgramos por g,Unidad para log10 microgramos por gramo,NA,2.2.0,2.2.0,added in V2.2.0,
spalog10ugL,spa,log10ugL,log10 microgramos por L,Unidad para log10 microgramos por litro.,NA,2.2.0,2.2.0,added in V2.2.0,
spalogAggrSet,spa,logAggrSet,Conjunto de agregación de escala logarítmica,Conjunto de agregación que contiene todas las agregaciones que existen en la escala logarítmica (en lugar de lineal o cualitativa).,NA,2.0.0,2.0.0,added in V2.0.0,
spalookup,spa,lookup,Tablas de diccionario,Tablas para describir y respaldar el diccionario ODM. ,"Estas tablas contienen información sobre conjuntos, todas las partes y admiten múltiples idiomas y traducciones. Las tablas son actualizadas por el equipo de desarrollo de ODM cuando se crea una nueva versión de ODM.",2.0.0,2.0.0,added in V2.0.0,
spaloq,spa,loq,Límite de cuantificación (LOQ),Loq,"Límite de cuantificación (LOQ) para este método, si existe.",1.1.0,3.0.0,changed quality indicator set from general to measure.,
spalow,spa,low,Baja gravedad,Marcador de baja gravedad.,NA,2.0.0,2.0.0,added in V2.0.0,
spalowCovMut,spa,lowCovMut,Baja cobertura de mutaciones características,Baja cobertura de mutaciones características.,NA,2.3.0,2.3.0,added in v 2.3.0,
spalowerCI95,spa,lowerCI95,Límite inferior de un intervalo de confianza del 95 %,Especifica el límite inferior de un intervalo de confianza del 95 %.,"Normalmente debe estar vinculado a un límite superior y a alguna indicación de la dispersión de los datos (es decir, la desviación estándar) y una medida de la media/mediana.",2.0.0,2.0.0,added in V2.0.0,
spalowQualSeq,spa,lowQualSeq,Secuencia de baja calidad,Secuencia de baja calidad.,NA,2.3.0,2.3.0,added in v 2.3.0,
spalowSNRatio,spa,lowSNRatio,Baja relación señal-ruido,Baja relación señal-ruido.,NA,2.3.0,2.3.0,added in v 2.3.0,
spalowVol,spa,lowVol,Muestra de bajo volumen,"La muestra es de bajo volumen, pero se analizó de todos modos. ",NA,2.0.0,2.0.0,added in V2.0.0,
spalPGC,spa,lPGC,Bajo porcentaje de genoma capturado,Solo capturó un porcentaje pequeño/bajo del genoma. ,NA,2.3.0,2.3.0,added in v 2.3.0,
spalppa24s,spa,lppa24s,Variante Ómicron Mutación LPPA24S,Mutación LPPA24S de la variante Ómicron,NA,2.2.0,2.2.0,added in V2.2.0,
spalppl13c,spa,lppl13c,Licencia pública del proyecto LaTeX v1.3c,La licencia de la medida o el conjunto de datos se gestiona bajo la Licencia Pública del Proyecto LaTeX v1.3c.,NA,2.2.0,2.2.0,added in V2.2.0,
spaltcf,spa,ltcf,Centro de cuidados a largo plazo,Centro residencial de atención médica que proporciona atención médica las 24 horas del día. También se denominan centros de enfermería especializada.,NA,1.0.0,2.0.0,added in V2.0.0,
spaltcfAl,spa,ltcfAl,Cuidados a largo plazo: residencia asistida o residencia de ancianos,"Centro residencial que proporciona asistencia para el cuidado diario, pero que generalmente no ofrece cuidados de enfermería especializada. ",NA,2.0.0,2.0.0,added in V2.0.0,
spaltcfO,spa,ltcfO,Otros cuidados a largo plazo,"Otros centros residenciales que proporcionan cuidados diarios y/o médicos, pero que no se definen como residencias de ancianos/centros de enfermería especializada o centros de vida asistida. ",NA,2.0.0,2.0.0,added in V2.0.0,
spaltDpcr,spa,ltDpcr,Tecnologías de la vida PCR digital,Describe un análisis de PCR realizado con la tecnología de PCR digital de Life Technologies.,NA,2.0.0,2.0.0,added in V2.0.0,
spaluminWWExtract,spa,luminWWExtract,Kit de extracción de aguas residuales Luminultra,Kit de extracción de aguas residuales Luminultra,NA,2.2.0,2.2.0,added in V2.2.0,
spalysi,spa,lysi,Tampón de lisis,Tampón de lisis.,NA,2.0.0,2.0.0,added in V2.0.0,
spam3D,spa,m3D,Metros cúbicos por día,Metros cúbicos por día.,NA,1.1.0,2.0.0,added in V2.0.0,
spam3H,spa,m3H,Metros cúbicos por hora,Metros cúbicos por hora.,NA,1.1.0,2.0.0,added in V2.0.0,
spam3S,spa,m3S,Metros cúbicos por segundo,Metro cúbico por segundo.,NA,1.0.0,2.0.0,added in V2.0.0,
spamalariaGrp,spa,malariaGrp,Plasmodium o grupo de la malaria,Grupo de medidas/métodos relacionados con los parásitos del plasmodium o la malaria.,Se utiliza para describir la información del organismo para medidas generales.,2.2.0,2.2.0,added in V2.2.0,
spamanComp,spa,manComp,Muestra compuesta manual,Especifica una muestra compuesta en la que las submuestras se recogieron manualmente.,NA,2.2.0,2.2.0,added in V2.2.0,
spamanufacturer,spa,manufacturer,Fabricante,Fabricante de un instrumento.,NA,2.0.0,2.0.0,added in V2.0.0,
spamateLay,spa,mateLay,Diseño de pares de mate,Especifica la disposición de los pares de mates para un método de secuenciación.,NA,2.0.0,2.0.0,added in V2.0.0,
spamaxLength,spa,maxLength,Longitud máxima,Longitud máxima del valor de una parte o medida. ,NA,2.0.0,2.0.0,added in V2.0.0,
spamaxVal,spa,maxVal,Valor máximo,Valor más alto en un rango de valores para una medida.,NA,1.0.0,2.0.0,added in V2.0.0,
spamaxValue,spa,maxValue,Soporte de parte de valor máximo,Valor máximo de una parte. ,NA,2.0.0,2.0.0,added in V2.0.0,
spamcr11,spa,mcr11,MCR-1.1 Gen diana de resistencia a la colistina,El gen diana de resistencia antimicrobiana a la colistina MCR-1.1.,NA,2.2.0,2.2.0,added in V2.2.0,
spame,spa,me,Media aritmética,Media aritmética.,NA,1.0.0,2.0.0,added in V2.0.0,
spameasGrp,spa,measGrp,Grupo de medición,Grupo de medidas que no pueden clasificarse de otra manera.,NA,2.0.0,2.0.0,added in V2.0.0,
spameasles,spa,measles,Sarampión,Sarampión,NA,2.2.0,2.2.0,added in V2.2.0,
spameaslesGrp,spa,measlesGrp,Grupo del sarampión,Grupo de medidas/métodos relacionados con el virus del sarampión.,Se utiliza para describir la información del organismo para medidas generales.,2.2.0,2.2.0,added in V2.2.0,
spameasOth,spa,measOth,Otra medida,"Otra medida, no especificada en medidas.",Añadir descripción a la categoría «Otros».,1.0.0,2.0.0,"Depreciated in version 2 with all ""other"" fields",
spameasQualitySet,spa,measQualitySet,Conjunto de calidad de medidas,"Conjunto de calidad para cualquier medida, incluye todas las opciones de indicadores de calidad para cualquier medida.","Se utiliza como un «conjunto de cualidades cualquiera» para las medidas, pero excluye los indicadores de calidad de la muestra para evitar confusiones y errores en la introducción de datos.",2.0.0,2.0.0,added in V2.0.0,
spameasure,spa,measure,Medida,"Medición u observación de cualquier sustancia, incluidas sustancias biológicas, físicas o químicas.","Una medida se registra a partir de una muestra (es decir, un lugar, una muestra, una persona o una población). Las medidas se organizan en grupos y clases (subgrupos).",1.0.0,2.0.0,added in V2.0.0,
spameasureInput,spa,measureInput,Entrada de medida (tabla amplia),El ID de la parte para la medida que se utiliza en un nombre amplio.,NA,2.2.0,2.2.0,added in V2.2.0,
spameasureLic,spa,measureLic,Licencia de medida,Especifica la licencia de acceso y uso para una medida única determinada.,Rellenado por partID = licenseID,2.0.0,2.0.0,added in V2.0.0,
spameasurements,spa,measurements,Medidas,El atributo para describir un tipo de parte de medidas. Todas las medidas tienen «partType» = «measure». ,NA,2.0.0,2.0.0,added in V2.0.0,
spameasureName,spa,measureName,Nombre de la medida (tabla amplia),La medida a la que se hace referencia para el nombre amplio.,NA,2.2.0,2.2.0,added in V2.2.0,
spameasureRepID,spa,measureRepID,ID del informe,Identificador único para una medida.,Los ID de informe no se pueden repetir.,1.0.0,2.0.0,added in V2.0.0,
spameasures,spa,measures,Tabla de informes de medidas,La tabla que contiene información y detalles sobre una medida determinada.,Adaptado de la documentación de la versión 1,1.0.0,2.0.0,combined all measures tables into a single table,
spameasureSetRepID,spa,measureSetRepID,ID del conjunto de informes del conjunto de medidas,Identificador único que vincula un grupo de medidas relacionadas.,NA,2.0.0,2.0.0,added in V2.0.0,
spameasureSets,spa,measureSets,Tabla de informes de conjuntos de medidas.,La tabla que identifica conjuntos de medidas.,"Algunos ejemplos de conjuntos de medidas son un conjunto de réplicas, diluciones (utilizadas para generar una curva Ct) o variantes identificadas en una sola muestra.",2.0.0,2.0.0,added in V2.0.0,
spameasureSetsOrder,spa,measureSetsOrder,Orden de las columnas de la tabla de conjuntos de medidas.,Especifica el orden de las columnas en una tabla de conjuntos de medidas.,NA,2.0.0,2.0.0,added in V2.0.0,
spameasureSetsRequired,spa,measureSetsRequired,Encabezados obligatorios de la tabla de conjuntos de medidas.,Especifica las columnas necesarias en una tabla de conjuntos de medidas.,NA,2.0.0,2.0.0,added in V2.0.0,
spameasuresOrder,spa,measuresOrder,Orden de las columnas de la tabla de medidas.,Especifica el orden de las columnas en una tabla de medidas.,NA,2.0.0,2.0.0,added in V2.0.0,
spameasuresRequired,spa,measuresRequired,Encabezados obligatorios de la tabla de medidas.,Especifica las columnas necesarias en una tabla de medidas.,NA,2.0.0,2.0.0,added in V2.0.0,
spamed,spa,med,Mediana.,Mediana.,NA,1.0.0,2.0.0,added in V2.0.0,
spamemMgCl3,spa,memMgCl3,Filtración por membrana con adición de MgCl3.,Filtración por membrana con adición de mgcl3,NA,2.2.0,2.2.0,added in V2.2.0,
spamenr,spa,menr,Media aritmética normalizada,"Media aritmética, normalizada.",NA,1.0.0,2.0.0,added in V2.0.0,
spameOthDe,spa,meOthDe,Otra medida Descripción,Descripción de otra medida (measOtherDesc).,NA,1.0.0,2.0.0,"Depreciated in version 2 with all ""other"" fields",
spames,spa,mes,Medidas Tipo de parte Abreviatura,Nombre abreviado utilizado para hacer referencia al atributo que describe un tipo de medida. Todas las medidas tienen `partType` = «measurements». ,Tipo de pieza,2.2.2,2.2.2,added in V 2.2.2,
spamet,spa,met,Métodos Tipo de parte Abreviatura,Nombre abreviado utilizado para hacer referencia a los procedimientos o pasos para recoger muestras o realizar medidas.,Tipo de pieza,2.2.2,2.2.2,added in V 2.2.2,
spametaboliteGrp,spa,metaboliteGrp,Grupo de metabolitos,Grupo de medidas/métodos relacionados con los metabolitos.,NA,2.2.0,2.2.0,added in V2.2.0,
spamethod,spa,method,Método,Procedimiento para recoger una muestra o realizar una medida.,NA,1.0.0,2.0.0,added in V2.0.0,
spamethodConc,spa,methodConc,Método de concentración,Descripción del método para concentrar una muestra de aguas residuales.,Descripción del método utilizado para concentrar la muestra.,1.0.0,2.0.0,added in V2.0.0,
spamethodConcSet,spa,methodConcSet,Conjunto de métodos de concentración,Un conjunto de métodos de concentración.,NA,2.0.0,2.0.0,added in V2.0.0,
spamethodInput,spa,methodInput,Entrada del método (tabla amplia),El partID del método utilizado en un nombre amplio.,NA,2.2.0,2.2.0,added in V2.2.0,
spamethodName,spa,methodName,Nombre del método (tabla amplia),El método al que se hace referencia para el nombre amplio.,NA,2.2.0,2.2.0,added in V2.2.0,
spamethods,spa,methods,Métodos,Procedimientos o pasos para recoger muestras o realizar mediciones.,"Por ejemplo, «methodExtract» es un método que describe cómo se extrajo una muestra.",2.0.0,2.0.0,added in V2.0.0,
spamfAcidmgcl2,spa,mfAcidmgcl2,Filtración por membrana con acidificación y MgCl2,Filtración por membrana con acidificación y mgcl2,NA,2.0.0,2.0.0,added in V2.0.0,
spamfAcidmgcl2SS,spa,mfAcidmgcl2SS,"Filtración por membrana con acidificación y MgCl2, membrana recombinada con sólidos separados","Filtración por membrana con acidificación y mgcl2, membrana recombinada con sólidos separados",NA,2.0.0,2.0.0,added in V2.0.0,
spamfMgcl2,spa,mfMgcl2,Filtración por membrana con adición de MgCl2,Filtración por membrana con adición de mgcl2,NA,2.0.0,2.0.0,added in V2.0.0,
spamfMgcl2SS,spa,mfMgcl2SS,Filtración por membrana con MgCl2 y sólidos separados,"Filtración por membrana con adición de MgCl2, membrana recombinada con sólidos separados.",NA,2.0.0,2.0.0,added in V2.0.0,
spamfNoAmend,spa,mfNoAmend,Filtración por membrana sin modificación,Filtración por membrana sin modificación.,NA,2.0.0,2.0.0,added in V2.0.0,
spamfNoAmendSS,spa,mfNoAmendSS,"Filtración por membrana sin modificación, membrana recombinada con sólidos separados","Filtración por membrana sin modificación, membrana recombinada con sólidos separados.",NA,2.0.0,2.0.0,added in V2.0.0,
spamfSampleAcid,spa,mfSampleAcid,Filtración por membrana con acidificación de la muestra,Filtración por membrana con acidificación de la muestra.,NA,2.0.0,2.0.0,added in V2.0.0,
spamfSampleAcidSS,spa,mfSampleAcidSS,"Filtración por membrana con acidificación de la muestra, membrana recombinada con sólidos separados","Filtración por membrana con acidificación de la muestra, membrana recombinada con sólidos separados.",NA,2.0.0,2.0.0,added in V2.0.0,
spamgd,spa,mgd,Millones de galones por día (MG/D),"Unidad de medida de la capacidad de diseño de las plantas de tratamiento de aguas residuales, representada en millones de galones por día. También se puede utilizar para medir el caudal.",NA,2.0.0,2.0.0,added in V2.0; github issue #123,
spamGenitalus,spa,mGenitalus,Mycoplasma genitalus,Mycoplasma genitalus,NA,2.2.0,2.2.0,added in V2.2.0,
spamgL,spa,mgL,Miligramos por litro,Miligramos por litro.,NA,1.1.0,2.0.0,added in V2.0.0,
spamhv,spa,mhv,Virus de la hepatitis murina,Medida de la cantidad de virus de la hepatitis murina.,NA,2.0.0,2.0.0,added in V2.0.0,
spamhvSpike,spa,mhvSpike,Objetivo del pico del virus de la hepatitis murina (MHV),El virus de la hepatitis murina se utiliza como objetivo de control de la eficiencia de recuperación.,NA,2.2.0,2.2.0,added in V2.2.0,
spamI,spa,mI,Múltiples problemas,Han surgido múltiples problemas en el proceso de secuenciación. ,"Cuando utilice el indicador de calidad «múltiples problemas», especifique los problemas y los detalles en la sección de notas.",2.0.0,2.0.0,added in V2.0.0,
spamid,spa,mid,Gravedad media,"Un marcador para la gravedad de nivel medio, donde existen algunas preocupaciones.",NA,2.0.0,2.0.0,added in V2.0.0,
spaminLength,spa,minLength,Longitud mínima,El valor máximo de la medida.,NA,2.0.0,2.0.0,added in V2.0.0,
spaminutes,spa,minutes,Minutos,Una unidad para indicar una duración en minutos.,NA,2.0.0,2.0.0,added in V2.0.0,
spaminVal,spa,minVal,Valor mínimo,El valor más bajo en un rango de valores para una medida.,NA,1.0.0,2.0.0,added in V2.0.0,
spaminValue,spa,minValue,Soporte de valor mínimo,El valor mínimo de la parte.,NA,2.0.0,2.0.0,added in V2.0.0,
spamiscAttr,spa,miscAttr,Grupo de atributos varios,Un grupo de atributos diversos similares a medidas.,"Algunos ejemplos serían la longitud y la latitud, o las coordenadas EPSG.",2.0.0,2.0.0,added in V2.0.0,
spamiscMeas,spa,miscMeas,Grupo de medidas varias,Grupo de medidas que no se pueden clasificar de otra manera.,NA,2.0.0,2.0.0,added in V2.0.0,
spamissingness,spa,missingness,Faltas,Tipo de parte para valores faltantes.,Solo se utiliza para las entradas del diccionario de piezas.,2.0.0,2.0.0,added in V2.0.0,
spamissingnessSet,spa,missingnessSet,Conjunto de faltas,"Conjuntos de valores faltantes para medidas, métodos o atributos. ","Los datos introducidos en un campo ODM pueden tener datos faltantes. El conjunto de datos faltantes enumera las categorías válidas de datos faltantes para la medida, el método o el atributo.",2.0.0,2.0.0,added in V2.0.0,
spamissingnessSets,spa,missingnessSets,Conjuntos de faltas,Conjunto de valores faltantes.,"Algunos ejemplos de conjuntos de datos faltantes pueden ser conjuntos exclusivos NR o NA, o conjuntos generales para todo uso.",2.0.0,2.0.0,added in V2.0.0,
spamit,spa,mit,MIT,La licencia de la medida o el conjunto de datos se gestiona bajo la licencia MIT.,NA,2.2.0,2.2.0,added in V2.2.0,
spamit0,spa,mit0,MIT Sin atribución,La licencia de la medida o el conjunto de datos se gestiona bajo la licencia MIT sin atribución.,NA,2.2.0,2.2.0,added in V2.2.0,
spamix,spa,mix,Muestra mixta/homogeneizada,Muestra o fracción mixta u homogeneizada analizada.,NA,1.0.0,2.0.0,added in V2.0.0,
spaml,spa,ml,Mililitros,Mililitros de volumen.,NA,2.0.0,2.0.0,added in V2.0.0,
spamld,spa,mld,Megalitros por día (ML/d),Megalitros por día.,NA,2.0.0,2.0.0,added in V2.0.0,
spamlod,spa,mlod,Límite de detección del método (LOD),"El nivel mínimo de un objetivo necesario para su detección consistente teniendo en cuenta todos los pasos de procesamiento de la muestra, como en la definición de SLOD, pero considerando los sesgos atribuibles a las pérdidas del método. El MLOD se determina experimentalmente utilizando un enfoque de pruebas riguroso e iterativo y es sensible al sustituto de recuperación utilizado y a la matriz de la muestra encontrada».",NA,2.2.0,3.0.0,changed quality indicator set from general to measure.,
spamm,spa,mm,Milímetros,Unidad parte de la unidad SI de milímetros.,NA,1.1.0,2.0.0,added in V2.0.0,
spammaSet,spa,mmaSet,"Medida, método o encabezado del conjunto de atributos","El conjunto para una medida, método o atributo. Solo aplicable a campos categóricos y a las categorías que los pueblan.",NA,2.0.0,2.0.0,added in V2.0.0,
spammaSets,spa,mmaSets,"Medidas, métodos o conjuntos de atributos","Conjunto de categorías. Por ejemplo, el tipo de emplazamiento tiene una lista de diferentes emplazamientos, como una planta de tratamiento de aguas residuales, una fosa séptica o una estación de bombeo.",Solo se utiliza para las entradas del diccionario de piezas.,2.0.0,2.0.0,added in V2.0.0,
spamodel,spa,model,Modelo,Número de modelo o versión del instrumento.,NA,1.0.0,2.0.0,added in V2.0.0,
spamonarchRNA,spa,monarchRNA,Kit de minipreparación de ARN total Monarch (New England Biolabs) + kit de eliminación de inhibidores de PCR OneStep (Zymo),Kit de minipreparación de ARN total Monarch (New England Biolabs) + kit de eliminación de inhibidores de PCR OneStep (Zymo),NA,2.2.0,2.2.0,added in V2.2.0,
spamonths,spa,months,Meses,Unidad para indicar una duración en meses.,NA,2.0.0,2.0.0,added in V2.0.0,
spamoorSw,spa,moorSw,Muestra pasiva con hisopo Moore,Muestra pasiva con hisopo Moore.,Utilice collectionPeriod para describir cuántas horas se utilizó el hisopo Moore para recoger la muestra.,1.0.0,2.0.0,added in V2.0.0,
spampl20,spa,mpl20,Licencia pública Mozilla 2.0,La licencia de la medida o el conjunto de datos se gestiona bajo la Mozilla Public License 2.0.,NA,2.2.0,2.2.0,added in V2.2.0,
spampox,spa,mpox,Mpox,"El virus conocido como Mpox, anteriormente también conocido como Monkey Pox.",NA,2.1.0,2.1.0,added in V2.1.0,
spampoxCldIGrp,spa,mpoxCldIGrp,Grupo MPox Clade I,Un grupo de medidas/métodos relacionados con Mpox Clade I (anteriormente «Monkey Pox»).,Se utiliza para describir la información del organismo para medidas generales.,2.2.0,2.2.0,added in V2.2.0,
spampoxCldIIGrp,spa,mpoxCldIIGrp,Grupo MPox Clade II,Un grupo de medidas/métodos relacionados con Mpox Clade II (anteriormente «Monkey Pox»).,Se utiliza para describir la información del organismo para medidas generales.,2.2.0,2.2.0,added in V2.2.0,
spampoxGrp,spa,mpoxGrp,Grupo MPox,Un grupo de medidas/métodos relacionados con el Mpox (anteriormente «Monkey Pox»).,Se utiliza para describir la información del organismo para medidas generales.,2.2.0,2.2.0,added in V2.2.0,
spamps,spa,mps,Metros por segundo,metros por segundo.,NA,2.0.0,2.0.0,added in V2.0.0,
spampvGrp,spa,mpvGrp,Grupo Metapneumovirus,Un conjunto de medidas/métodos relacionados con los metapneumovirus.,Se utiliza para describir la información del organismo para medidas generales.,2.2.0,2.2.0,added in V2.2.0,
spampxB6R,spa,mpxB6R,Gen objetivo Mpox B6R,Gen objetivo del virus MPox humano (hMPXV). Ensayo CDC del gen de la proteína de la envoltura; selectivo para MPXV.,NA,2.2.0,2.2.0,added in V2.2.0,
spampxC3L,spa,mpxC3L,Gen objetivo Clade I Mpox C3L,Gen objetivo del virus MPox humano (hMPXV) del clado I. Los cebadores y la sonda hMPXV C3L detectan los virus del clado I.,NA,2.2.0,2.2.0,added in V2.2.0,
spampxe9lNVAR,spa,mpxe9lNVAR,Gen objetivo E9L-NVAR de Mpox y Orthopox,Gen diana del virus MPox humano (hMPXV) para la ADN polimerasa del ortopoxvirus. El ensayo CDC detecta todos los clados hMPXV y los virus ortopox no variólicos.,NA,2.2.0,2.2.0,added in V2.2.0,
spampxe9lOPX3,spa,mpxe9lOPX3,Gen objetivo E9L-OPX3 de Mpox y Orthopox,Gen diana del virus MPox humano (hMPXV) utilizando el ortopoxvirus genérico OPX3. Menor sensibilidad para MPox.,NA,2.2.0,2.2.0,added in V2.2.0,
spampxF3L,spa,mpxF3L,Gen objetivo F3L del clado I de Mpox,"Gen diana del virus MPox humano (hMPXV) del clado I, F3L",NA,2.3.0,2.3.0,added in V2.3.0,
spampxG2RG,spa,mpxG2RG,Gen objetivo G2R-G de Mpox,Gen diana del virus MPox humano (hMPXV) utilizando los cebadores G2R_G y la sonda que detecta todas las cepas del virus MPox.,NA,2.2.0,2.2.0,added in V2.2.0,
spampxG2RNML,spa,mpxG2RNML,Gen objetivo G2R-NML de Mpox,Gen objetivo del virus del monkeypox humano (hMPXV) utilizando los cebadores G2R_NML y la sonda que detecta todas las cepas del virus del monkeypox.,NA,2.3.0,2.3.0,added in V2.3.0,
spampxG2RWA,spa,mpxG2RWA,Gen objetivo G2R-WA del clado II de Mpox,"Gen objetivo del virus del monkeypox humano (hMPXV) del clado II, medido con cebadores G2R_WA y sonda para detectar virus del clado II. ",NA,2.2.0,2.2.0,added in V2.2.0,
spampxGTmol,spa,mpxGTmol,Gen objetivo molecular GT de Mpox,Gen objetivo del virus MPox humano (hMPXV): esta medida específica y este gen objetivo son propiedad de GT Molecular.,NA,2.2.0,2.2.0,added in V2.2.0,
spamr,spa,mr,Tabla de informe de medidas Abreviatura,Nombre abreviado utilizado para hacer referencia a la tabla que contiene información y detalles sobre una medida determinada.,tabla,2.2.2,2.2.2,added in V 2.2.2,
spamrsa,spa,mrsa,Staphylococcus aureus resistente a la meticilina (MRSA),Staphylococcus aureus resistente a la meticilina (MRSA).,NA,2.2.0,2.2.0,added in V2.2.0,
spams,spa,ms,Tabla de informe de conjuntos de medidas Abreviatura,Nombre abreviado utilizado para hacer referencia a la tabla que identifica conjuntos de medidas.,tabla,2.2.2,2.2.2,added in V 2.2.2,
spams2Col,spa,ms2Col,Colifago ms2,Medida de la cantidad de colifago ms2.,NA,2.0.0,2.0.0,added in V2.0.0,
spams2ColMat,spa,ms2ColMat,Blanco del pico del colifago ms2,El colifago ms2 se utiliza como objetivo de control de la eficiencia de recuperación.,NA,2.0.0,2.0.0,added in V2.0.0,
spamsd,spa,msd,Duplicado del pico de la matriz,Se añaden cantidades conocidas de un analito o compuestos representativos en el laboratorio a una segunda alícuota de la muestra utilizada para el enriquecimiento de la matriz.,NA,2.0.0,2.0.0,added in V2.0; GitHub issue #94,
spamspl,spa,mspl,Licencia pública de Microsoft,La licencia de la medida o el conjunto de datos se gestiona bajo la licencia pública de Microsoft.,NA,2.2.0,2.2.0,added in V2.2.0,
spamspsDep,spa,mspsDep,Muestra pasiva con hisopo Moore depreciada,Muestra pasiva con hisopo Moore.,"Obsoleto en la versión 2, no lo utilice.",1.0.0,2.0.0,"added in V2.0, depreciated after",
spamSwrPpl,spa,mSwrPpl,Tubería principal de alcantarillado,Tubería principal de alcantarillado.,NA,1.0.0,2.0.0,added in V2.0.0,
spamTuberculosis,spa,mTuberculosis,Mycobacterium tuberculosis,Mycobacterium tuberculosis.,NA,2.2.0,2.2.0,added in V2.2.0,
spamu,spa,mu,Mu,B.1.621,NA,2.0.0,2.0.0,added in V2.0.0,
spamuCo,spa,muCo,Coronavirus murino,Medida de la cantidad de coronavirus murino.,NA,2.0.0,2.0.0,added in V2.0.0,
spamuCoMat,spa,muCoMat,Objetivo de pico del coronavirus murino,El coronavirus murino se utiliza como objetivo de control de la eficiencia de recuperación.,NA,2.0.0,2.0.0,added in V2.0.0,
spamul,spa,mul,Fracción múltiple,Se analizaron por separado múltiples fracciones y se agregaron juntas tras el análisis.,"Este fractionID está destinado a utilizarse para datos de archivo y no debe utilizarse para nuevos datos añadidos en el futuro (2022). Especifique también en la sección de notas qué fracciones se utilizaron para las fracciones múltiples (por ejemplo, sólidas y líquidas) para evitar la pérdida de información.",2.0.0,2.0.0,added in V2.0.0,
spamulanPSL20,spa,mulanPSL20,"Licencia de software permisiva Mulan, versión 2",La licencia de la medida o el conjunto de datos se gestiona bajo la versión 2 de la licencia de software permisiva Mulan.,NA,2.2.0,2.2.0,added in V2.2.0,
spamultiple,spa,multiple,Múltiples propósitos,"Una medida o muestra tomada para múltiples propósitos, que no se puede capturar fácilmente con otras categorías de propósitos.",Útil para muestras principales en las que varias submuestras tendrán diferentes propósitos/,2.0.0,2.0.0,added in V2.0.0,
spamumps,spa,mumps,Paperas,Paperas,NA,2.2.0,2.2.0,added in V2.2.0,
spamumpsGrp,spa,mumpsGrp,Grupo de paperas,Grupo de medidas/métodos relacionados con el virus de las paperas.,Se utiliza para describir la información del organismo para medidas generales.,2.2.0,2.2.0,added in V2.2.0,
spamunicipalLevel,spa,municipalLevel,Municipios o comunas,Municipios o comunas,NA,2.0.0,3.0.0,"Reactivated as organization level and sector categorical inputs, rather than attributes.",
spamunicp,spa,municp,Municipio,"Municipio completo, que especifica toda un área metropolitana, ya sea una ciudad, un pueblo, etc.",NA,2.0.0,2.0.0,added in V2.0.0,
spamutation,spa,mutation,Clase de mutaciones,Medidas y métodos relacionados con mutaciones.,NA,2.0.0,2.3.0,depreciated in version 2.3.0 - collapsed into pcr or sequencing classes.,
spamutationPanel,spa,mutationPanel,Clase de paneles de mutaciones,Medidas y métodos relacionados con un panel o lista de más de una mutación de la misma secuencia leída.,NA,2.0.0,3.0.0,officially activate in v 3.0.0,
spamycoplasmaGrp,spa,mycoplasmaGrp,Grupo Mycoplasma,Un grupo de medidas/métodos relacionados con la bacteria micoplasma.,Se utiliza para describir la información del organismo para medidas generales.,2.2.0,2.2.0,added in V2.2.0,
span,spa,n,Objetivo del gen N sars-cov-2,Gen objetivo N sars-cov-2,NA,2.0.0,2.0.0,added in V2.0.0,
span1n2,spa,n1n2,Gen objetivo combinado N1 y N2 del SARS-CoV-2,Gen objetivo combinado N1 y N2 sars-cov-2,NA,2.0.0,2.0.0,added in V2.0.0,
span211i,spa,n211i,Mutación n211i de la variante Ómicron,Mutación n211i de la variante Ómicron y gen objetivo.,NA,2.2.0,2.2.0,added in V2.2.0,
span679k,spa,n679k,Mutación n679k de la variante Ómicron,Mutación n679k de la variante Ómicron y gen objetivo.,NA,2.2.0,2.2.0,added in V2.2.0,
span856k,spa,n856k,Mutación n856k de la variante Ómicron,Mutación n856k de la variante Ómicron y gen objetivo.,NA,2.2.0,2.2.0,added in V2.2.0,
span969k,spa,n969k,Mutación n969k de la variante Ómicron,Mutación n969k de la variante Ómicron y gen objetivo.,NA,2.2.0,2.2.0,added in V2.2.0,
spaNA,spa,NA,No aplicable,Campo cuyo valor esperado no es una propiedad del objeto descrito.,Indicador de valor perdido para datos perdidos sin explicación.,1.0.0,2.0.0,added in V2.0.0,
spanaAggr,spa,naAggr,Agregación no aplicable,No aplicable a agregaciones.,Se utiliza para las partes para las que no es aplicable o apropiado un valor de agregación.,2.0.0,2.0.0,added in V2.0.0,
spanaAggrScale,spa,naAggrScale,Escala de agregación no aplicable,No aplicable a conjuntos de agregación.,Se utiliza para las partes para las que no es aplicable o apropiado un valor de escala de agregación.,2.0.0,2.0.0,added in V2.0.0,
spanaAggrSet,spa,naAggrSet,Conjunto de agregación no aplicable,No aplicable a conjuntos de agregación.,Se utiliza para las partes para las que no es aplicable o apropiado un valor de conjunto de agregación.,2.0.0,2.0.0,added in V2.0.0,
spanaClass,spa,naClass,Clase no aplicable,Clase no aplicable.,Utilícelo para todas las partes que no tienen clases (la mayoría de las partes que no son medidas o métodos).,2.0.0,2.0.0,added in V2.0.0,
spanaCompartment,spa,naCompartment,Compartimento no aplicable,Compartimento no aplicable.,NA,2.0.0,2.0.0,added in V2.0.0,
spanaCompartmentSet,spa,naCompartmentSet,Conjunto de compartimentos no aplicable,Compartimento no aplicable.,NA,2.0.0,2.0.0,added in V2.0.0,
spanaDomain,spa,naDomain,Dominio no aplicable,No aplicable. ,Utilice «no aplicable» cuando no haya ningún dominio para la parte.,2.0.0,2.0.0,added in V2.0.0,
spanaGroup,spa,naGroup,Grupo no aplicable,"Se utiliza cuando no hay grupo; es decir, el grupo no es aplicable.",Utilice «no aplicable» cuando no haya ningún grupo para la parte.,2.0.0,2.0.0,added in V2.0.0,
spaname,spa,name,Nombre,"Nombre de un dominio, muestra, grupo, clase, atributo, unidad, nomenclatura u otra entidad.","Nombre de cualquier entidad. Utilice un prefijo para distinguir los nombres de las diferentes tablas de informes. Consulte la lista de nombres completamente especificados (FSN). Es decir, Si-name = nombre del sitio, Po-name = nombre del polígono, Or-name = nombre de la organización, Me-name = nombre del método.",2.0.0,2.0.0,added in V2.0.0,
spanameEngl,spa,nameEngl,Nombre en inglés de los países,Nombre en inglés de un país determinado.,"Preprogramado en tablas de diccionario, no editable por los usuarios.",2.1.0,2.1.0,added in V2.1.0,
spanameOfficial,spa,nameOfficial,Nombre oficial del estado,Nombre oficial en inglés de un estado determinado.,"Preprogramado en tablas de diccionario, no editable por los usuarios.",2.1.0,2.1.0,added in V2.1.0,
spanan,spa,nan,No es un número,"El resultado de una medición no es un número válido (más o menos infinito, error, ...)",Indicador de valores faltantes para cuando se espera un valor numérico pero no se proporciona.,1.0.0,2.0.0,added in V2.0.0,
spanaNomenclature,spa,naNomenclature,Nomenclatura no aplicable,No aplicable. ,Utilice «no aplicable» cuando no haya nomenclatura para la parte.,2.0.0,2.0.0,added in V2.0.0,
spanaSpecimen,spa,naSpecimen,Muestra no aplicable,Especímen no aplicable.,Utilice «no aplicable» cuando no haya muestra/conjunto para la parte.,2.0.0,2.0.0,added in V2.0.0,
spanaSpecimenSet,spa,naSpecimenSet,Conjunto de especímenes no aplicable,Conjunto de especímenes para cuando la muestra o el conjunto de muestras no son aplicables.,Utilice «no aplicable» cuando no haya especímen/conjunto para la parte.,2.0.0,2.0.0,added in V2.0.0,
spanatName,spa,natName,Nombre nativo,"Nombre nativo del idioma, es decir, cómo lo llaman sus hablantes.",Parte de los metadatos para un languageID.,2.0.0,2.0.0,added in V2.0.0,
spanaUnit,spa,naUnit,Unidad no aplicable,No aplicable a unidades.,NA,2.0.0,2.0.0,added in V2.0.0,
spanaUnitSet,spa,naUnitSet,Conjunto de unidades no aplicable,No aplicable a conjuntos de unidades.,NA,2.0.0,2.0.0,added in V2.0.0,
spancbi,spa,ncbi,Centro Nacional de Información Biotecnológica,Encabezado NCBI,NA,2.0.0,2.0.0,added in V2.0.0,
spancbiForm,spa,ncbiForm,Formato NCBI,El conjunto de datos se registró y/o almacenó originalmente en formato NCBI.,NA,3.0.0,3.0.0,added in V3.0.0,
spancbiNom,spa,ncbiNom,Nomenclatura del NCBI,Nomenclatura del Centro Nacional de Información Biotecnológica.,NA,2.0.0,2.0.0,added in V2.0.0,
spancbiNotes,spa,ncbiNotes,NCBI: notas,Notas del NCBI,NA,2.0.0,2.0.0,added in V2.0.0,
spancsa,spa,ncsa,Licencia de código abierto de la Universidad de Illinois/NCSA,La licencia de la medida o el conjunto de datos se gestiona bajo la licencia de código abierto de la Universidad de Illinois/NCSA.,NA,2.2.0,2.2.0,added in V2.2.0,
spaneigh,spa,neigh,Barrio,"Un barrio municipal, que especifica una subsección de un municipio más grande.",NA,2.0.0,2.0.0,added in V2.0.0,
spaneighborLevel,spa,neighborLevel,Unidades administrativas locales o barrios,Unidades administrativas locales o barrios,NA,2.0.0,3.0.0,"Reactivated as organization level and sector categorical inputs, rather than attributes.",
spanewVax,spa,newVax,Población de personas recién vacunadas,Población de personas recién vacunadas,Una unidad utilizada para especificar una medida del nivel de vacunación de toda la población.,2.0.0,2.0.0,added in V2.0.0,
spanextclade,spa,nextclade,Nomenclatura NextClade,Especifica la variante o la nomenclatura genética según lo establecido por NextClade.,NA,2.0.0,2.0.0,added in V2.0.0,
spangmn,spa,ngmn,media geométrica normalizada,Media geométrica normalizada.,NA,1.0.0,2.0.0,added in V2.0.0,
spanGonorrhoeae,spa,nGonorrhoeae,Neisseria gonorrhoeae,Neisseria gonorrhoeae,NA,2.2.0,2.2.0,added in V2.2.0,
spanH4N,spa,nH4N,nitrógeno amoniacal,"Concentración de nitrógeno amoniacal, como N.",NA,1.0.0,2.0.0,added in V2.0.0,
spaniid19,spa,niid19,diana génica N “niid_2019‑ncov_n” de SARS‑CoV‑2,niid_2019-ncov_n sars-cov-2 gene target,NA,2.0.0,2.0.0,added in V2.0.0,
spanM,spa,nM,nanomolar,La unidad nanomolar.,NA,2.2.0,2.2.0,added in V2.2.0,
spanoConcern,spa,noConcern,sin problemas de calidad,Indicador para señalar que no hay problemas de calidad en la medida o la muestra.,NA,1.0.0,2.0.0,added in V2.0.0,
spanoLabel,spa,noLabel,muestra sin etiquetar,La muestra no tenía etiqueta.,NA,2.0.0,2.0.0,added in V2.0.0,
spanoliquid,spa,noliquid,sin concentración líquida; líquido recombinado con sólidos separados,"Sin concentración líquida, líquido recombinado con sólidos separados.",NA,2.0.0,2.0.0,"added in V2.0.0, added from NWSS",
spanomenclature,spa,nomenclature,nomenclatura,"Sistema de clasificación para informar de la clase de medida. Solo aplicable a variantes, mutaciones y enfermedades.","Actualmente solo se utiliza para clase = variante, mutación o enfermedad. Las opciones válidas están restringidas actualmente a «NextClade», «Pangolin», «WHO» o «ICD».",2.0.0,2.0.0,added in V2.0.0,
spanomenclatures,spa,nomenclatures,nomenclaturas,Sistema de clasificación para informar de la clase de medida. ,Véase partID = nomenclatureID.,2.0.0,2.0.0,added in V2.0.0,
spanoRain,spa,noRain,sin lluvia,"Categoría cualitativa para la medida meteorológica, que especifica que no llovió en un día determinado.",NA,2.2.0,2.2.0,added in V2.2.0,
spanorm,spa,norm,propósito: normalización,El objetivo de una medida o muestra es la normalización.,NA,2.3.0,2.3.0,added in V2.3.0,
spanorman,spa,norman,NORMAN,Encabezado NORMAN,NA,2.0.0,2.0.0,added in V2.0.0,
spanormanForm,spa,normanForm,formato Norman,El conjunto de datos se registró y/o almacenó originalmente en formato Norman.,NA,3.0.0,3.0.0,added in V3.0.0,
spanormanNotes,spa,normanNotes,NORMAN – notas,Notas Norman.,NA,2.0.0,2.0.0,added in V2.0.0,
spanoro,spa,noro,norovirus,Norovirus.,NA,2.1.0,2.1.0,added in V2.1.0,
spanoroG1,spa,noroG1,norovirus G1,Genogrupo 1 del norovirus.,NA,2.0.0,2.0.0,added in V2.0.0,
spanoroG2,spa,noroG2,norovirus G2,Genogrupo 2 del norovirus.,NA,2.0.0,2.0.0,added in V2.0.0,
spanoroGIGrp,spa,noroGIGrp,grupo GI de norovirus,Grupo de medidas/métodos relacionados con el norovirus GI.,Se utiliza para describir la información del organismo para medidas generales.,2.2.0,2.2.0,added in V2.2.0,
spanoroGIIGrp,spa,noroGIIGrp,grupo GII de norovirus,Grupo de medidas/métodos relacionados con el norovirus GII.,Se utiliza para describir la información del organismo para medidas generales.,2.2.0,2.2.0,added in V2.2.0,
spanoroGrp,spa,noroGrp,grupo de norovirus,Grupo de medidas/métodos relacionados con los norovirus.,Se utiliza para describir la información del organismo para medidas generales.,2.2.0,2.2.0,added in V2.2.0,
spanoSep,spa,noSep,sin separación ni concentración,Indica que una muestra no se sometió a un protocolo de separación de sólidos o a un protocolo de concentración de muestras.,NA,2.2.0,2.2.0,added in V2.2.0,
spanotes,spa,notes,notas,Nota utilizada para describir detalles que no se recogen en otros atributos.,No hay una estructura recomendada para las notas. Utilice las notas según sea necesario.,2.0.0,2.0.0,added in V2.0.0,
spanoTime,spa,noTime,muestra sin sello temporal,A la muestra le falta el tiempo del muestreador automático; metadatos incompletos sobre la recogida.,NA,2.0.0,2.0.0,added in V2.0.0,
spanr,spa,nr,no reportado,"Se podría haber registrado un valor, pero no se hizo.",Indicador de valor perdido para datos que no se han comunicado.,1.0.0,2.0.0,added in V2.0.0,
spanrNAMissingnessSet,spa,nrNAMissingnessSet,"no reportado, no aplicable, conjunto faltante","No se ha informado, no aplicable, conjunto faltante.",NA,2.0.0,2.0.0,added in V2.0.0,
spanSarbec,spa,nSarbec,diana génica N específica de sarbecovirus para SARS‑CoV‑2,Gen N específico del sarbecovirus sars-cov-2,NA,2.0.0,2.0.0,added in V2.0.0,
spantcAmp,spa,ntcAmp,amplificación detectada en NTC,"Indicador de calidad para cuando el control sin plantilla (NTC) sigue observando amplificación, es decir Los NTC en qPCR muestran un valor Ct inferior a 40, o los NTC en un ddPCR tienen 3 o más gotas positivas.",NA,2.0.0,3.0.0,Tidied and officially activated and launched in v 3.0.0,
spantcFlag,spa,ntcFlag,indicador de placa de control – NTC,Indicador de calidad para cuando se observa amplificación en los controles sin molde (NTC) de una reacción de PCR.,NA,2.0.0,3.0.0,Realized there was duplication with partID = ntcAmp and was deactivated.,
spantu,spa,ntu,unidad nefelométrica de turbidez (NTU),"Unidades de turbidez nefelométrica, una unidad utilizada en la medición de la turbidez (véase «turbidez» en measureIDs).",Las unidades de turbidez nefelométrica (NTU) se basan en la luz blanca (400-680 nm) y un ángulo de incidencia de 90°.,2.0.0,2.0.0,added in V2.0; github issue #122,
spanucAuto,spa,nucAuto,kit automatizado NucliSens de extracción con perlas magnéticas,Extracción de ácido nucleico realizada con el kit de extracción automatizada con perlas magnéticas nuclisens.,NA,2.0.0,2.0.0,"added in V2.0.0, added from NWSS",
spanucKingfish,spa,nucKingfish,nucleomag (ref. 744220.4) con instrumento KingFisher automatizado,nucleomag (ref. 744220.4) utilizando el instrumento automatizado kingfisher,NA,2.2.0,2.2.0,added in V2.2.0,
spanucManu,spa,nucManu,kit manual NucliSens de extracción con perlas magnéticas,Extracción de ácido nucleico realizada con el kit de extracción manual con perlas magnéticas nuclisens.,NA,2.0.0,2.0.0,"added in V2.0.0, added from NWSS",
spaNULL,spa,NULL,nulo,Representación lógica de una afirmación que no es ni VERDADERA ni FALSA.,Indicador de valor perdido cuando el valor no es ni VERDADERO ni FALSO.,1.0.0,3.0.0,updated to gave partID be all caps to match general coding language structure.,
spanumCode,spa,numCode,código numérico de país (ISO 3166‑1),"Código numérico ISO 3166-1, un código de país de tres dígitos idéntico al desarrollado y mantenido por la División de Estadística de las Naciones Unidas, con la ventaja de ser independiente del sistema de escritura y, por lo tanto, útil para personas o sistemas que utilizan sistemas de escritura no latinos.","Preprogramado en tablas de diccionario, no editable por los usuarios.",2.1.0,2.1.0,added in V2.1.0,
spanumNTC,spa,numNTC,número de NTC por corrida,Número de controles sin plantilla incluidos en cada ciclo del instrumento de PCR.,NA,2.2.0,2.2.0,added in V2.2.0,
spanwss,spa,nwss,Sistema Nacional de Vigilancia de Aguas Residuales (NWSS),Encabezado NWSS,NA,2.0.0,2.0.0,added in V2.0.0,
spanwssForm,spa,nwssForm,formato NWSS (CDC de EE. UU.),El conjunto de datos se registró y/o almacenó originalmente en el formato NWSS del CDC de EE. UU.,NA,3.0.0,3.0.0,added in V3.0.0,
spanwssNotes,spa,nwssNotes,NWSS – notas,Notas NWSS,NA,2.0.0,2.0.0,added in V2.0.0,
spanwssProcess,spa,nwssProcess,NWSS – proceso,Proceso NWSS,NA,2.0.0,2.0.0,added in V2.0.0,
spanww,spa,nww,agua,"No procedente de aguas residuales, procedente de cualquier tipo de masa de agua",NA,1.0.0,2.0.0,added in V2.0.0,
spaoc43,spa,oc43,coronavirus OC43,Medida de la cantidad de coronavirus OC43.,NA,2.0.0,2.0.0,added in V2.0.0,
spaoc43Mat,spa,oc43Mat,diana de proteína S de OC43,El coronavirus humano OC43 se utiliza como objetivo de control de la eficiencia de recuperación.,NA,2.0.0,2.0.0,added in V2.0.0,
spaocean,spa,ocean,océano (cuerpo de agua natural),"Océano, masa de agua natural.",NA,1.0.0,2.0.0,added in V2.0.0,
spaoColDep,spa,oColDep,otra colección (obsoleta),Otro tipo de método de recogida. Añadir descripción a la recogida «Other».,"Obsoleto a partir de la versión 2, evite su uso. Especifique el tipo o póngase en contacto con el equipo de investigación de PHES-ODM para añadir su elemento específico a través de un problema de GitHub (https://github.com/Big-Life-Lab/PHES-ODM/issues) o en phesd_odm@ohri.ca",1.0.0,2.0.0,"Depreciated in version 2 with all ""other"" fields",
spaofl11,spa,ofl11,licencia de fuente abierta SIL 1.1,La licencia de la medida o del conjunto de datos se gestiona bajo la licencia SIL Open Font License 1.1.,NA,2.2.0,2.2.0,added in V2.2.0,
spaola,spa,ola,análisis de laboratorio,Análisis de laboratorio fuera de línea.,NA,1.0.0,2.0.0,added in V2.0.0,
spaomicr1,spa,omicr1,ómicron BA.1,Ómicron B.1.1.529,NA,2.0.0,2.0.0,added in V2.0.0,
spaomicr2,spa,omicr2,ómicron BA.2,Ómicron BA.2,NA,2.0.0,2.0.0,added in V2.0.0,
spaomicr275,spa,omicr275,ómicron BA.2.75,Ómicron BA.2.75,NA,2.0.0,2.0.0,added in V2.0.0,
spaomicr4,spa,omicr4,ómicron BA.4,Ómicron BA.4,NA,2.0.0,2.0.0,added in V2.0.0,
spaomicr5,spa,omicr5,ómicron BA.5,Ómicron BA.5,NA,2.0.0,2.0.0,added in V2.0.0,
spaomicronGrp,spa,omicronGrp,grupo variante ómicron de SARS‑CoV‑2,Grupo de medidas/métodos relacionados con la variante Ómicron del SARS-CoV-2.,NA,2.0.0,2.0.0,added in V2.0.0,
spaonsDate,spa,onsDate,fecha de inicio de síntomas,"Fecha más temprana en la que se notificaron los síntomas de este caso. A menudo, estos datos se desconocen y no se notifican. En su lugar, se utiliza el episodio.",NA,1.0.0,2.0.0,added in V2.0; depreciated,
spaonse,spa,onse,sensor en línea,Sensor en línea,Un sensor en línea,1.0.0,2.0.0,added in V2.0.0,
spaontologyRef,spa,ontologyRef,referencia ontológica,Referencia ontológica para una pieza.,"Este campo contiene un enlace a una referencia ontológica existente para la pieza. El contenido de ODM abarca varias ontologías existentes. ODM no pretende generar una nueva ontología, sino armonizar y ampliar los diccionarios para su aplicación en la vigilancia medioambiental y de la salud pública. ",2.0.0,2.0.0,added in V2.0.0,
spaoor,spa,oor,valor fuera de rango,El valor está fuera del rango permitido para el control de calidad.,NA,2.0.0,2.0.0,added in V2.0.0,
spaopen,spa,open,licencia abierta no especificada,La licencia de la medida o el conjunto de datos se gestiona bajo una licencia abierta no descrita de otro modo.,NA,2.2.0,2.2.0,added in V2.2.0,
spaophos,spa,ophos,ortofosfatos,Concentración de ortofosfato.,NA,1.0.0,2.0.0,added in V2.0.0,
spaor,spa,or,abreviatura de tabla de organización,Nombre abreviado utilizado para hacer referencia a la tabla que contiene información sobre un laboratorio.,tabla,2.2.2,2.2.2,added in V 2.2.2,
spaorb,spa,orb,otro edificio habitacional,Edificios residenciales individuales o instituciones no incluidos en otras categorías.,NA,2.0.0,2.0.0,added in V2.0.0,
spaorBoo,spa,orBoo,agregación booleana OR,Agregación «OR».,"Si cualquier valor de la agregación es «TRUE», entonces la agregación OR también es «TRUE». Si todos los valores de la agregación son «FALSE», entonces la agregación OR también es «FALSE».",2.0.0,2.0.0,added in V2.0.0,
spaorf1a,spa,orf1a,diana génica ORF1a de SARS‑CoV‑2,"ORF1a, gen objetivo del SARS-CoV-2.",NA,2.0.0,2.0.0,added in V2.0.0,
spaorf1ab,spa,orf1ab,diana génica ORF1ab de SARS‑CoV‑2,"ORF1ab, gen objetivo del SARS-CoV-2.",NA,2.0.0,2.0.0,added in V2.0.0,
spaorf1b,spa,orf1b,diana génica ORF1b de SARS‑CoV‑2,"ORF1b, gen objetivo del SARS-CoV-2.",NA,2.0.0,2.0.0,added in V2.0.0,
spaorganism,spa,organism,organismo,Clase de organismo.,"Identifique la clase = «organismo» cuando una parte identifique un organismo y el tipo de parte = «grupos». Las medidas individuales deben registrarse con una clase para el tipo de medida específico, es decir, alelo, variante, mutación, etc. ",2.2.0,2.2.0,added in V2.2.0,
spaorganizationID,spa,organizationID,ID de organización,Identificador único de la organización a la que pertenece el informante.,NA,1.1.0,2.0.0,added in V2.0.0,
spaorganizations,spa,organizations,tabla de organización,La tabla que contiene información sobre un laboratorio.,adaptado de la documentación de la versión 1,1.0.0,2.0.0,"description wording, structure",
spaorganizationsOrder,spa,organizationsOrder,orden de columnas en tabla de organizaciones,Especifica el orden de las columnas en una tabla de organizaciones.,NA,2.0.0,2.0.0,added in V2.0.0,
spaorganizationsRequired,spa,organizationsRequired,encabezados obligatorios de tabla de organización,Especifica las columnas necesarias en una tabla de organizaciones.,NA,2.0.0,2.0.0,added in V2.0.0,
spaorgLevel,spa,orgLevel,nivel de organización,El nivel geográfico de una organización.,Hay seis niveles basados en la Clasificación Internacional Normalizada de Unidades Administrativas (ISCU). ,2.0.0,2.0.0,added in V2.0.0,
spaorgLevelSet,spa,orgLevelSet,conjunto de niveles de organización,Categorías de niveles de organización.,NA,2.0.0,2.0.0,added in V2.0.0,
spaorgSector,spa,orgSector,sector de organización,El sector de una organización.,NA,2.0.0,2.0.0,added in V2.0.0,
spaorgSectorSet,spa,orgSectorSet,conjunto de sectores de organización,Categorías de sectores de organización.,NA,2.0.0,2.0.0,added in V2.0.0,
spaorgType,spa,orgType,tipo de organización,Especifica el tipo o la finalidad de una organización determinada.,NA,2.0.0,2.0.0,added in V2.0.0,
spaorgTypeSet,spa,orgTypeSet,conjunto de tipos de organización,Conjunto para almacenar los tipos de organización.,NA,2.0.0,2.0.0,added in V2.0.0,
spaorigin,spa,origin,origen de la muestra,Atributo de una muestra que especifica el origen.,NA,2.0.0,2.0.0,added in V2.0; GitHub issue #94,
spaoriginalFormat,spa,originalFormat,formato de datos original,Estructura o modelo original utilizado para registrar y almacenar los datos. Esto ayuda a indicar si los datos se han transformado o mapeado en la estructura ODM.,NA,3.0.0,3.0.0,added in V3.0.0,
spaoriginSet,spa,originSet,conjunto de orígenes de muestra,Conjunto para almacenar los valores categóricos válidos del origen de la muestra.,NA,2.0.0,2.0.0,added in V2.0.0,
spaorthoGrp,spa,orthoGrp,grupo de ortopoxvirus,Grupo de medidas/métodos relacionados con los virus ortopox (excluidos los virus variola).,NA,2.2.0,2.2.0,added in V2.2.0,
spaosl30,spa,osl30,Licencia de Software Abierto 3.0,La licencia de la medida o el conjunto de datos se gestiona bajo la Open Software License 3.0.,NA,2.2.0,2.2.0,added in V2.2.0,
spaotco,spa,otco,otra colección (obsoleta),Otro tipo de método de recolección. Añadir descripción a collectionOther.,"Obsoleto a partir de la versión 2, evite su uso. Especifique en el tipo o póngase en contacto con el equipo de investigación de PHES-ODM para añadir su elemento específico a través de un problema de GitHub (https://github.com/Big-Life-Lab/PHES-ODM/issues) o en phesd_odm@ohri.ca",1.0.0,2.0.0,"Depreciated in version 2 with all ""other"" fields",
spaothAgg,spa,othAgg,otra escala de agregación,Especifica una escala de agregación que no puede describirse como «cualitativa» o «cuantitativa».,NA,2.0.0,2.0.0,added in V2.0.0,
spaother,spa,other,otro,Otros,"Otra categoría. Una respuesta categórica para varias variables en la versión 1. También va acompañada de un campo de texto libre. Obsoleto en la versión 2, con campos de texto comunes añadidos como nuevas categorías en la versión 2.0.0.",2.0.0,2.0.0,NA,
spaotherAggrSet,spa,otherAggrSet,conjunto de agregaciones variadas,Conjunto de agregación utilizado para medidas sin unidades.,NA,2.0.0,2.0.0,added in V2.0.0,
spaotherDep,spa,otherDep,otra agregación (obsoleta),Otro método de agregación. Añadir descripción a aggregationOther,"Obsoleto a partir de la versión 2, evite su uso. Especifique en el tipo o póngase en contacto con el equipo de investigación de PHES-ODM para añadir su elemento específico a través de un problema de GitHub (https://github.com/Big-Life-Lab/PHES-ODM/issues) o en phesd_odm@ohri.ca",1.0.0,2.0.0,"Depreciated in version 2 with all ""other"" fields",
spaotherForm,spa,otherForm,otro formato (o propietario),El conjunto de datos se registró y/o almacenó originalmente en un formato no descrito de otra manera.,"Por favor, nombre (y opcionalmente describa) el formato de datos en la sección «notas» cuando utilice este valor.",3.0.0,3.0.0,added in V3.0.0,
spaotherProvDep,spa,otherProvDep,acceso a otros proveedores (obsoleto),"Si la respuesta es «no», estos datos no estarán disponibles para otros proveedores de datos no incluidos anteriormente. Si falta, los datos estarán disponibles para otros proveedores de datos no incluidos anteriormente",NA,1.0.0,2.0.0,"depreciated, sharing moved to sharing schema",
spaotherReportTableSet,spa,otherReportTableSet,otro conjunto de tablas de informe,Tablas adicionales que forman el modelo de datos completo.,NA,2.0.0,2.0.0,added in V2.0.0,
spaotherV,spa,otherV,otras variantes,Se utiliza para informar de variantes detectadas para las que aún no existe un measureID específico. El equipo de ODM migrará periódicamente las respuestas recopiladas en esta categoría a measureIDs establecidos.,"Por favor, escriba un nombre oficial para la nueva variante que se ha detectado y especifique qué nomenclatura está utilizando con el nomenclatureID.",2.0.0,2.0.0,added in V2.0.0,
spaotsisaDep,spa,otsisaDep,otro sitio – muestra (obsoleta),Otro tipo de sitio. Añadir descripción a typeOther.,"Obsoleto a partir de la versión 2, evite su uso. Especifique en el tipo o póngase en contacto con el equipo de investigación de PHES-ODM para añadir su elemento específico a través de un problema de GitHub (https://github.com/Big-Life-Lab/PHES-ODM/issues) o en phesd_odm@ohri.ca",1.0.0,2.0.0,"Depreciated in version 2 with all ""other"" fields",
spaotsisiDep,spa,otsisiDep,otro sitio (obsoleto),Otro tipo de sitio. Añadir descripción a typeOther,NA,1.0.0,2.0.0,"Depreciated in version 2 with all ""other"" fields",
spaotunDep,spa,otunDep,otra unidad (obsoleta),Otra medida de copias virales o parámetro de la planta de tratamiento de aguas residuales. Añadir descripción a UnitOther.,"Obsoleto a partir de la versión 2, evite su uso. Especifique en type o póngase en contacto con el equipo de investigación de PHES-ODM para añadir su elemento específico a través de un problema de GitHub (https://github.com/Big-Life-Lab/PHES-ODM/issues) o en phesd_odm@ohri.ca",1.0.0,2.0.0,"Depreciated in version 2 with all ""other"" fields",
spaout,spa,out,valor atípico,El valor es atípico y puede ser de calidad cuestionable.,NA,2.0.0,2.0.0,added in V2.0.0,
spaoutb,spa,outb,declaración de brote,"Tipo de acción de salud pública utilizado para indicar el estado del brote. Dado que cuando se producen brotes, es posible que no se disponga de datos completos sobre el número de casos o que estos no sean totalmente precisos, el uso de esta medida indica que el número de casos puede ser aproximado.",La fecha y hora de la medida ayudan a indicar los períodos de inicio y fin de un brote.,2.0.0,3.0.0,"Adjusted to work within the new phActions table, now a categorical value for phAction Type",
spaoutbEnd,spa,outbEnd,fin de brote,Indica que un brote ha terminado.,NA,2.0.0,3.0.0,"Adjusted to work within the new phActions table, now a categorical value for phAction.",
spaoutbOngoing,spa,outbOngoing,brote en curso,Indica que un brote está en curso.,NA,2.0.0,3.0.0,"Adjusted to work within the new phActions table, now a categorical value for phAction.",
spaoutbreak,spa,outbreak,clase de brote,Medidas y métodos relacionados con brotes de salud pública.,NA,2.0.0,3.0.0,depreciated in v3.0.0 with the migration of outbreak from measures to the phActions table.,
spaoutbreakSet,spa,outbreakSet,conjunto de valores para declaración de brote,Establecido para los valores válidos de la medida de brote.,NA,2.0.0,3.0.0,"Adjusted to work within the new phActions table, now a set for the categories for phAction with a ""outbreak"" phAction type.",
spaoutbStart,spa,outbStart,brote declarado o inicio del brote,Indica que ha comenzado un brote.,NA,2.0.0,3.0.0,"Adjusted to work within the new phActions table, now a categorical value for phAction.",
spap100l,spa,p100l,mutación p100L variante Delta,Mutación p100l de la variante Delta y gen diana.,NA,2.2.0,2.2.0,added in V2.2.0,
spap13L,spa,p13L,mutación p13L variante ómicron,Mutación p13l de la variante Ómicron,NA,2.2.0,2.2.0,added in V2.2.0,
spap2046l,spa,p2046l,mutación p2046L variante Delta,Mutación p2046l de la variante Delta y gen diana.,NA,2.2.0,2.2.0,added in V2.2.0,
spap2287s,spa,p2287s,mutación p2287S variante Delta,Mutación p2287s de la variante Delta y gen diana.,NA,2.2.0,2.2.0,added in V2.2.0,
spap3395h,spa,p3395h,mutación p3395H variante ómicron,Mutación p3395h de la variante Ómicron y gen diana.,NA,2.2.0,2.2.0,added in V2.2.0,
spap681r,spa,p681r,mutación p681R variante Delta,Mutación p681r de la variante Delta y gen diana.,NA,2.2.0,2.2.0,added in V2.2.0,
spapa,spa,pa,abreviatura de tabla de componentes,Nombre abreviado utilizado para hacer referencia a la tabla de consulta que contiene todas las partes del modelo de datos.,tabla,2.2.2,2.2.2,added in V 2.2.2,
spapAct,spa,pAct,activación de la polimerasa,Describe el ciclo de activación de la polimerasa en un proceso de PCR.,NA,2.2.0,2.2.0,added in V2.2.0,
spapairLay,spa,pairLay,disposición pareada,Especifica el diseño emparejado para un método de secuenciación.,NA,2.0.0,2.0.0,added in V2.0.0,
spapangolin,spa,pangolin,nomenclatura Pangolin,Especifica la nomenclatura variante o genética según lo establecido por la Asignación Filogenética de Linajes de Brotes Globales Nombrados (Pangolin).,NA,2.0.0,2.0.0,added in V2.0.0,
spapapilomavirusGrp,spa,papilomavirusGrp,grupo de papilomavirus,Grupo de medidas/métodos relacionados con los papilomavirus.,Se utiliza para describir la información del organismo para medidas generales.,2.2.0,2.2.0,added in V2.2.0,
spapara,spa,para,paraxantina (PARA),"Metabolito de la cafeína, un estimulante común del sistema nervioso central. Se ha descubierto que los niveles medidos de paraxantina se ven menos afectados por la heterogeneidad genética y la estructura de la población que la cafeína, y puede servir como un biomarcador útil de la población en las aguas residuales.",NA,2.2.0,2.2.0,added in V2.2.0,
spaparafluGrp,spa,parafluGrp,grupo de parainfluenza,Grupo de medidas/métodos relacionados con los virus parainfluenza.,Se utiliza para describir la información del organismo para medidas generales.,2.2.0,2.2.0,added in V2.2.0,
spaparapoxSpike,spa,parapoxSpike,diana de proteína S de virus Orf (parapoxvirus),El virus parapoxvirus // Orf se utiliza como objetivo de control de la eficiencia de recuperación.,NA,2.2.0,2.2.0,added in V2.2.0,
spaparDatasetID,spa,parDatasetID,ID del conjunto de datos principal,El datasetID que es padre de otro datasetID. ,NA,2.0.0,2.0.0,added in V2.0.0,
spaparent,spa,parent,ID de la muestra principal,"Si esta muestra se ha agrupado en una muestra grande para su análisis, esto indica la muestra de la muestra agrupada más grande.",NA,1.1.0,2.0.0,Replaced in V2 with approach to describe sample relationships that allows greater flexibility than soley parents.,
spaparSiteID,spa,parSiteID,ID del sitio principal,"El siteID que es padre de otro siteID; normalmente, el subsitio estará contenido en el parentSite.","Un ejemplo sería la prueba de superficies en un centro de cuidados a largo plazo (LTC). El centro LTC sería el parentSiteID, y las distintas habitaciones/superficies serían los subsitios o sitios secundarios.",2.0.0,2.0.0,added in V2.0.0,
spapartDesc,spa,partDesc,descripción de la pieza,La descripción de la parte.,"Proporciona una descripción de la pieza, utilizada para la traducción.",2.0.0,2.0.0,added in V2.0.0,
spapartID,spa,partID,spa_label,spa_descr,spa_instr,1.0.0,2.0.0,NA,
spapartInstr,spa,partInstr,instrucción para la pieza,Notas e instrucciones adicionales sobre cómo se utiliza y/o define una parte.,NA,2.0.0,2.0.0,added in V2.0.0,
spaparts,spa,parts,tabla de componentes,Tabla de consulta que contiene todas las partes del modelo de datos.,"Contiene todas las partes, incluidas las partes autorreferenciales.",2.0.0,2.0.0,added in V2.0.0,
spapartsOrder,spa,partsOrder,orden de columnas en tabla de componentes,Orden de los encabezados en la tabla de partes.,NA,2.0.0,2.0.0,added in V2.0.0,
spapartsRequired,spa,partsRequired,encabezados obligatorios de tabla de componentes,Encabezados obligatorios en la tabla de partes.,NA,2.0.0,2.0.0,added in V2.0.0,
spapartSupport,spa,partSupport,soporte de componentes,Partes diseñadas para apoyar la definición de metadatos de otras partes en la tabla de partes.,NA,2.0.0,2.0.0,added in V2.0.0,
spapartType,spa,partType,tipos de piezas,Los tipos de partes describen la finalidad o el uso de la parte. ,"Los datos medioambientales tienen tres tipos de partes principales: medida (es decir, medidas virales covN1, caudal de aguas residuales, temperatura), método (por ejemplo, cómo se tomó la medida) y atributo (como el nombre de un sitio). Véase la descripción de cada uno de los tipos de partes en categorySetID = partTypeCatSets.",2.0.0,2.0.0,added in V2.0.0,
spapartTypeInput,spa,partTypeInput,entrada tipo de pieza (tabla ancha),El ID de la parte para el tipo de parte que se utiliza en un nombre amplio.,NA,2.2.0,2.2.0,added in V2.2.0,
spapartTypeName,spa,partTypeName,nombre tipo de pieza (tabla ancha),El tipo de parte que se utiliza en un nombre amplio.,NA,2.2.0,2.2.0,added in V2.2.0,
spapassiveGen,spa,passiveGen,muestra pasiva – general,Se utiliza para especificar que se ha utilizado un método de muestreo pasivo no especificado para recoger la muestra.,NA,2.2.0,2.2.0,added in V2.2.0,
spapasteur,spa,pasteur,muestra pasteurizada,Indicador binario que indica si una muestra ha sido pasteurizada como parte de su procesamiento.,NA,2.2.0,2.2.0,added in V2.2.0,
spapceDep,spa,pceDep,efluente de clarificador primario (obsoleto),Efluente obtenido tras los clarificadores primarios.,"Obsoleto en la versión 2, no lo utilice. Duplicado de las categorías sampleMat; consulte estas últimas.",1.0.0,2.0.0,"depreciated, site material like this is now captured in the sample table",
spapCode,spa,pCode,código postal,"El código postal de una dirección determinada, que especifica una zona geográfica concreta.",NA,2.0.0,2.0.0,added in V2.0.0,
spapcr,spa,pcr,clase de qPCR,Medidas y métodos relacionados con la qPCR.,NA,2.0.0,2.0.0,added in V2.0.0,
spapcrAct,spa,pcrAct,acción/actividad de PCR,Describe un ciclo de PCR determinado para delimitar más información sobre el método.,NA,2.2.0,2.2.0,added in V2.2.0,
spapcrActSet,spa,pcrActSet,conjunto de acción/actividad de PCR,El conjunto de captura que contiene todos los métodos válidos para los ciclos de actividad de la PCR.,NA,2.2.0,2.2.0,added in V2.2.0,
spapcrmeth,spa,pcrmeth,método PCR,Descripción del método de PCR.,Descripción del método PCR utilizado,1.0.0,2.0.0,description wording,
spapcrQualitySet,spa,pcrQualitySet,conjunto de calidad para PCR,Conjunto de calidad para las medidas de PCR.,NA,2.0.0,2.0.0,added in V2.0.0,
spapcrSeq,spa,pcrSeq,método de selección para secuenciación PCR,"Especifica el método de selección de PCR para la secuenciación, es decir, que se utilizó un cebador predeterminado.","Si se selecciona esta opción, se debe especificar el cebador.",2.0.0,3.0.0,corrected part type to be categories rather than methods,
spapcrSet,spa,pcrSet,conjunto de métodos PCR,El conjunto que contiene todos los métodos válidos para el método PCR.,NA,2.0.0,2.0.0,added in V2.0.0,
spapcs,spa,pcs,lodo de clarificador primario (obsoleto),Lodos producidos por los clarificadores primarios.,NA,1.0.0,2.0.0,"depreciated, site material like this is now captured in the sample table",
spapEfflu,spa,pEfflu,efluente de clarificador primario,Efluente obtenido después de los clarificadores primarios.,NA,1.0.0,2.0.0,NA,
spapeg,spa,peg,precipitación con polietilenglicol (PEG),Precipitación con peg.,NA,2.0.0,2.0.0,"added in V2.0.0, added from NWSS",
spaperc,spa,perc,porcentaje,Porcentaje.,NA,2.0.0,2.0.0,added in V2.0.0,
spapercRec,spa,percRec,porcentaje de recuperación,Porcentaje de recuperación sustitutiva para un ensayo de control de la eficiencia de recuperación.,Utilícelo para informar de los resultados de cualquier ensayo de control de recuperación.,1.0.0,2.0.0,"description wording, structure",
spaph,spa,ph,pH,Medición del pH,NA,1.1.0,2.0.0,"description wording, structure",
spapha4geForm,spa,pha4geForm,formato PHA4GE,El conjunto de datos se registró y/o almacenó originalmente en formato PHA4GE.,NA,3.0.0,3.0.0,added in V3.0.0,
spaphac,spa,phac,acceso a PHAC,"Si la respuesta es «no», los datos no estarán disponibles para los empleados de la Agencia de Salud Pública de Canadá (PHAC). Si falta, los datos estarán disponibles para los empleados de la Agencia de Salud Pública de Canadá (PHAC).",NA,1.0.0,2.0.0,"depreciated, sharing moved to sharing schema",
spaphage,spa,phage,bacteriófago (PHAGE),Encabezado PHAGE,NA,2.0.0,2.0.0,added in V2.0.0,
spaphageGrp,spa,phageGrp,grupo de bacteriófagos,Grupo de medidas/métodos relacionados con los bacteriófagos.,Se utiliza para describir la información del organismo para medidas generales.,2.2.0,2.2.0,added in V2.2.0,
spaphageNotes,spa,phageNotes,PHAGE – notas,Notas PHAGE,NA,2.0.0,2.0.0,added in V2.0.0,
spapHClass,spa,pHClass,clase de pH,Medidas y métodos relacionados con el pH.,NA,2.0.0,2.0.0,added in V2.0.0,
spaphenCl,spa,phenCl,fenol–cloroformo,Extracción de ácido nucleico realizada con fenol cloroformo.,NA,2.0.0,2.0.0,"added in V2.0.0, added from NWSS",
spaphesODMFormV1,spa,phesODMFormV1,Formato PHES-ODM versión 1,El conjunto de datos se registró o almacenó originalmente en el formato PHES-ODM versión 1.,NA,3.0.0,3.0.0,added in V3.0.0,
spaphesODMFormV2,spa,phesODMFormV2,Formato PHES-ODM versión 2,El conjunto de datos se registró o almacenó originalmente en el formato PHES-ODM versión 2.,NA,3.0.0,3.0.0,added in V3.0.0,
spaphesODMFormV3,spa,phesODMFormV3,Formato PHES-ODM versión 3,El conjunto de datos se registró o almacenó originalmente en el formato PHES-ODM versión 3.,NA,3.0.0,3.0.0,added in V3.0.0,
spaphi6,spa,phi6,virus phi6 de Pseudomonas,Medida de la cantidad de virus pseudomonas phi6.,NA,2.0.0,2.0.0,added in V2.0.0,
spaphi6Mat,spa,phi6Mat,diana de proteína S del phi6,El virus Pseudomonas phi6 se utiliza como objetivo de control de la eficiencia de recuperación.,NA,2.0.0,2.0.0,added in V2.0.0,
spaphone,spa,phone,prefijo telefónico nacional,Prefijo internacional del país.,"Preprogramado en tablas de diccionario, no editable por los usuarios.",2.1.0,2.1.0,added in V2.1.0,
spaphos,spa,phos,fósforo total,Fósforo total.,NA,1.1.0,2.0.0,"description wording, structure",
spaphostot,spa,phostot,fosfatos totales,Fosfatos totales.,NA,1.1.0,2.0.0,"description wording, structure",
spaphred,spa,phred,puntuación de calidad PHRED,Puntuación de calidad PHRED para secuenciación.,NA,2.0.0,2.0.0,added in V2.0.0,
spaphy,spa,phy,propiedad física,«Propiedad física u objeto no caracterizado por la vida o la química».,NA,2.0.0,2.0.0,added in V2.0.0,
spaphysical,spa,physical,clase física,Medidas y métodos relacionados con propiedades físicas genéricas.,NA,2.0.0,2.0.0,added in V2.0.0,
spapK,spa,pK,clave primaria,Clave principal de una tabla. ,Todas las tablas de informes tienen una clave principal. Cada fila de una tabla de informes tiene un identificador único registrado en la clave principal. ,2.0.0,2.0.0,added in V2.0.0,
spaplasmodium,spa,plasmodium,Plasmodium,Plasmodium,NA,2.2.0,2.2.0,added in V2.2.0,
spapmFloMean,spa,pmFloMean,media normalizada por PMMoV y caudal,Medida media normalizada según la cantidad de PMMoV y el caudal de aguas residuales.,"Se utiliza principalmente para informar de alelos específicos (N1, N2, E, etc.).",2.0.0,2.0.0,added in V2.0.0,
spapmmovGrp,spa,pmmovGrp,grupo PMMoV,Conjunto de medidas/métodos relacionados con el virus del moteado suave del pimiento (PMMoV).,Se utiliza para describir la información del organismo para medidas generales.,2.2.0,2.2.0,added in V2.2.0,
spapmmovNorm,spa,pmmovNorm,media normalizada por PMMoV,Medida media normalizada según la cantidad de PMMoV.,"Se utiliza principalmente para informar sobre alelos específicos (N1, N2, E, etc.).",2.0.0,2.0.0,added in V2.0.0,
spapmmvABIFor,spa,pmmvABIFor,cebador directo PMMV (ABI),Cebador directo PMMV (ABI),NA,2.2.0,2.2.0,added in V2.2.0,
spapmmvABIProbe,spa,pmmvABIProbe,sonda PMMV (ABI),Sonda PMMV (ABI),NA,2.2.0,2.2.0,added in V2.2.0,
spapmmvABIRev,spa,pmmvABIRev,cebador inverso PMMV (ABI),Cebador inverso PMMV (ABI),NA,2.2.0,2.2.0,added in V2.2.0,
spapo,spa,po,abreviatura de tabla poligonal,Nombre abreviado utilizado para hacer referencia a la tabla que contiene información sobre la geometría de un área geográfica.,tabla,2.2.2,2.2.2,added in V 2.2.2,
spapogr,spa,pogr,post‑grit (obsoleto),Aguas residuales sin tratar después de las obras de cabecera de una planta de tratamiento.,NA,1.0.0,2.0.0,"depreciated, site material like this is now captured in the sample table",
spapoLic,spa,poLic,licencia poligonal,Licencia para la disponibilidad del archivo de formas poligonales.,NA,3.0.0,3.0.0,added in V3.0.0,
spapolicy,spa,policy,sector político o de políticas / organización político-administrativa,Describe las organizaciones cuyo enfoque principal es la actividad política o normativa.,NA,2.2.0,2.2.0,added in V2.2.0,
spapolioGrp,spa,polioGrp,grupo de poliovirus,Grupo de medidas/métodos relacionados con los poliovirus.,Se utiliza para describir la información del organismo para medidas generales.,2.2.0,2.2.0,added in V2.2.0,
spapolygonID,spa,polygonID,ID del polígono,Identificador único para el polígono.,Un polígono es un área geográfica que representa el área de campamento de una muestra ambiental.,1.0.0,2.0.0,"description wording, structure",
spapolygons,spa,polygons,tabla de polígonos,Tabla que contiene información sobre la geometría de un área geográfica.,NA,1.0.0,2.0.0,"description wording, structure",
spapolygonsOrder,spa,polygonsOrder,orden de columnas de la tabla de polígonos,Especifica el orden de las columnas en una tabla de polígonos.,NA,2.0.0,2.0.0,added in V2.0.0,
spapolygonsRequired,spa,polygonsRequired,encabezados obligatorios de la tabla de polígonos,Especifica las columnas obligatorias en una tabla de polígonos.,NA,2.0.0,2.0.0,added in V2.0.0,
spapolyPop,spa,polyPop,población del polígono,Atributo de un polígono que especifica la población de ese polígono. Estimación aproximada del número de residentes humanos.,NA,2.0.0,2.3.0,Updated to a measurement after being removed as a header in the polygons table.,
spapooled,spa,pooled,muestreado agrupado,"¿Se trata de una muestra agrupada y, por lo tanto, compuesta por múltiples muestras secundarias obtenidas en diferentes sitios?",NA,1.0.0,2.0.0,added in V2.0.0,
spapop,spa,pop,población (número de habitantes),Medida u observación de un área geográfica o población. ,"Algunos ejemplos son las medidas de compartimentos humanos, como el número de casos, las tasas de hospitalización por enfermedades o las medidas de compartimentos superficiales o atmosféricos, como la cobertura de nieve o la temperatura ambiente.",1.0.0,2.0.0,added in V2.0.0,
spapopClass,spa,popClass,clase de población,"Medidas y métodos relacionados con la población (es decir, medidas de población, ubicación).",NA,3.0.0,3.0.0,added in V3.0.0,
spapopDateTypeDep,spa,popDateTypeDep,(obsoleto) tipo de fecha para reporte de casos,"Tipo de fecha utilizada para los casos confirmados. Normalmente, se informa del informe o del episodio. La fecha de inicio y de la prueba no suele figurar en los datos agregados.",NA,1.0.0,2.0.0,depreciated,
spapopEq,spa,popEq,equivalentes poblacionales,"Unidad para medir la capacidad de diseño de las plantas de tratamiento de aguas residuales, representada como la cantidad aproximada de agua que utilizaría una sola persona.",NA,1.0.0,2.0.0,"description wording, structure; github issue #123",
spapopGrp,spa,popGrp,grupo poblacional,Grupo de medidas/métodos relacionados con factores a nivel de población.,"Algunos ejemplos podrían ser el número de casos, las tasas de hospitalización, etc.",2.0.0,2.0.0,added in V2.0.0,
spapopServ,spa,popServ,población atendida,Medida de un sitio que especifica la población de un sitio determinado o la población a la que presta servicio. ,NA,2.0.0,2.3.0,Updated to a measurement after being removed as a header in the sites table.,
spapopulationUnitSet,spa,populationUnitSet,conjunto de unidades de población,Conjunto de unidades para mediciones relacionadas con hospitales.,NA,2.0.0,2.0.0,added in V2.0.0,
spaport,spa,port,puerto o puerto marítimo,Un puerto es cualquier masa de agua protegida donde pueden atracar o fondear barcos o buques. Un puerto es una instalación construida alrededor de un puerto con instalaciones para la carga y descarga de dichos buques.,NA,2.2.3,2.2.3,added in v2.2.3,
spapoSaSpecimenSet,spa,poSaSpecimenSet,conjunto de especímenes de población o muestras,Conjunto de muestras que incluye muestras de población o muestras de muestra.,NA,2.0.0,2.0.0,added in V2.0.0,
spapoSiSpecimenSet,spa,poSiSpecimenSet,conjunto de especímenes de población o sitio,Conjunto de muestras que incluye muestras de población o muestras de sitio.,NA,2.0.0,2.0.0,added in V2.0.0,
spapoSpecimenSet,spa,poSpecimenSet,conjunto de especímenes de población,Conjunto de muestras que incluye solo muestras de población.,NA,2.0.0,2.0.0,added in V2.0.0,
spapostgreSQL,spa,postgreSQL,licencia PostgreSQL,La licencia para la medida o el conjunto de datos se gestiona bajo la licencia PostgreSQL.,NA,2.2.0,2.2.0,added in V2.2.0,
spapp,spa,pp,porcentaje de resultados positivos,Porcentaje positivo de las medidas de la muestra.,"Se puede utilizar para hisopos Moore, etc.",1.0.0,2.0.0,description wording.,
spappm,spa,ppm,partes por millón (ppm),Partes por millón.,NA,1.0.0,2.0.0,description wording.,
spappmv,spa,ppmv,PMMoV-CP,Región del gen de la proteína de la cápside del virus del moteado suave del pimiento,NA,1.0.0,2.0.0,"description wording, structure",
spapprt,spa,pprt,tasa de positividad (%),Porcentaje de positividad de las pruebas realizadas en un día en una región determinada.,NA,1.0.0,2.0.0,now a unit for any group or biologic infection,
spapps,spa,pps,porcentaje de lodo primario,"Porcentaje de sólidos totales, para lodos primarios.",NA,1.0.0,2.0.0,description wording.,
spapr,spa,pr,nombre corto de tabla de relaciones de protocolos,"Nombre abreviado utilizado para hacer referencia a la tabla que contiene la información y los detalles organizativos (como el orden) sobre un protocolo determinado, registrados como una serie de pasos del protocolo (protocolSteps). ",tabla,2.2.2,2.2.2,added in V 2.2.2,
spaprecipitation,spa,precipitation,clase de precipitación,Medidas y métodos relacionados con la precipitación.,NA,2.0.0,2.0.0,added in V2.0.0,
spaprecipitationUnitSet,spa,precipitationUnitSet,conjunto de unidades de precipitación,Conjunto de unidades para mediciones de precipitación.,NA,2.0.0,2.0.0,added in V2.0.0,
spapreConcTemp,spa,preConcTemp,temperatura de almacenamiento antes de concentración,Temperatura a la que se almacenó una muestra entre su recogida y su concentración.,NA,2.2.0,2.2.0,added in V2.2.0,
spapreConcTime,spa,preConcTime,tiempo de almacenamiento antes de concentración,Tiempo durante el que se almacena una muestra entre su recogida y su concentración.,NA,2.2.0,2.2.0,added in V2.2.0,
spapreExtractTemp,spa,preExtractTemp,temperatura de almacenamiento antes de extracción,La temperatura a la que se almacenó una muestra entre la concentración y la extracción.,NA,2.2.0,2.2.0,added in V2.2.0,
spapreExtractTime,spa,preExtractTime,tiempo de almacenamiento antes de extracción,El tiempo durante el que se almacena una muestra entre la concentración y la extracción.,NA,2.2.0,2.2.0,added in V2.2.0,
spapretreat,spa,pretreat,pretratamiento,¿Se trató químicamente la muestra de alguna manera con la adición de estabilizadores u otros,NA,1.0.0,2.0.0,NA,
spaprimer,spa,primer,cebador genético,ID del método utilizado para indicar el cebador utilizado para un ensayo de PCR o secuenciación.,NA,2.0.0,2.0.0,added in V2.0.0,
spaprimerSet,spa,primerSet,conjunto de cebadores genéticos,El conjunto de cebadores genéticos utilizados en ensayos de secuenciación o PCR.,NA,2.0.0,2.0.0,added in V2.0.0,
spapriv,spa,priv,sector privado,La categoría de tipo de organización utilizada para el sector privado o los grupos sin ánimo de lucro que no se incluyen en la categoría académica.,NA,2.0.0,2.0.0,added in V2.0.0,
spaprivate,spa,private,datos privados – no para difusión,"La medida o el conjunto de datos son datos privados, no destinados a su difusión.",NA,2.2.0,2.2.0,added in V2.2.0,
spapro,spa,pro,nombre corto de tabla de protocolos,El nombre abreviado utilizado para hacer referencia a la tabla que contiene la información resumida y los detalles sobre un protocolo determinado. ,tabla,2.2.2,2.2.2,added in V 2.2.2,
spaprocGrp,spa,procGrp,grupo de procesamiento,Un grupo de medidas/métodos relacionados con el procesamiento de muestras para su análisis.,NA,2.0.0,2.0.0,added in V2.0.0,
spaprogramDescr,spa,programDescr,tablas de descripción del programa,Tablas utilizadas para describir los programas de vigilancia y pruebas.,"Las tablas de descripción del programa registran metadatos sobre las organizaciones, ubicaciones y protocolos. La información incluye el nombre, la ubicación y otra información de contacto. Estas tablas suelen completarse una vez y solo se actualizan cuando cambia la información de contacto.",2.0.0,2.0.0,added in V2.0.0,
spapromAuto,spa,promAuto,kit TNA automatizado Promega,Extracción de ácido nucleico realizada con el kit automatizado tna de Promega.,NA,2.0.0,2.0.0,"added in V2.0.0, added from NWSS",
spapromegaLVTNA,spa,promegaLVTNA,kit de captura TNA de gran volumen para aguas residuales (Promega),Kit de captura tna para grandes volúmenes de aguas residuales de Promega,NA,2.2.0,2.2.0,added in V2.2.0,
spapromHt,spa,promHt,kit HT TNA Promega,Extracción de ácido nucleico realizada con el kit ht tna de Promega.,NA,2.0.0,2.0.0,"added in V2.0.0, added from NWSS",
spapromManu,spa,promManu,kit TNA manual Promega,Extracción de ácido nucleico realizada con el kit manual TNA de Promega.,NA,2.0.0,2.0.0,"added in V2.0.0, added from NWSS",
spapromWW,spa,promWW,kit de captura TNA de gran volumen para aguas residuales (Promega),Extracción de ácido nucleico realizada con el kit de captura TNA para grandes volúmenes de aguas residuales de Promega.,NA,2.0.0,2.0.0,"added in V2.0.0, added from NWSS",
spaprop,spa,prop,proporción del total,Proporción como porcentaje del total.,NA,1.0.0,2.0.0,description wording.,
spapropV,spa,propV,proporción de variante en la muestra,Proporción de una variante como porcentaje del total de variantes.,NA,1.1.0,2.0.0,description wording.,
spaprotein,spa,protein,clase de proteínas,Medidas y métodos relacionados con las proteínas.,NA,2.0.0,2.0.0,added in V2.0.0,
spaprotocolID,spa,protocolID,ID de protocolo,Identificador único para un protocolo determinado.,NA,2.0.0,2.0.0,added in V2.0.0,
spaprotocolIDContainer,spa,protocolIDContainer,contenedor ID de protocolo,Identificador único para el protocolo y los pasos y otros protocolos que lo componen.,El contenedor de ID de protocolo se rellena con un ID de protocolo (partID = protocolID),2.0.0,2.0.0,added in V2.0.0,
spaprotocolIDObj,spa,protocolIDObj,objeto ID de protocolo,"El objeto de la relación entre un protocolo y otro protocolo o paso, dentro de un contenedor de ID de protocolo determinado.","Rellene este campo utilizando el ID del protocolo (partID = protocolID). Junto con `protocolIDSub` o `stepIDSub` y `relationshipID`, la relación del protocolo se define como: [protocolIDSubject o stepIDSubject]  [relationshipID] [protocolIDObject o stepIDObject]. Ejemplo: stepIDSubject  precede a protocolIDObject.",2.0.0,2.0.0,added in V2.0.0,
spaprotocolIDSub,spa,protocolIDSub,sujeto ID de protocolo,"El sujeto de la relación entre un protocolo y otro protocolo o paso, dentro de un contenedor de ID de protocolo determinado.","Rellene este campo utilizando el ID del protocolo (partID = protocolID). Junto con `protocolIDObj` o `stepIDObj` y `relationshipID`, la fila de `protocolRelationships` debe indicar: [protocolIDSubject o stepIDSubject]  [relationshipID] [protocolIDObject o stepIDObject]. Ejemplo: stepIDSubject  precede a protocolIDObject.",2.0.0,2.0.0,added in V2.0.0,
spaprotocolRelationships,spa,protocolRelationships,tabla de relaciones de protocolos,"La tabla que contiene la información organizativa y los detalles (como el orden) sobre un protocolo determinado, registrados como una serie de pasos del protocolo (protocolSteps). ","Los protocolos son un grupo de pasos de protocolo relacionados. Por ejemplo, un paso de protocolo puede describir una concentración de muestra, una extracción, una inhibición o una medición. Los protocolos pueden incluir tanto methodID (un procedimiento) como measureIDs (una medida). Un ejemplo de método es la centrifugación, donde la velocidad de rotación de la centrifugación se describe como una medida.",2.0.0,2.0.0,added in V2.0.0,
spaprotocolRelationshipsID,spa,protocolRelationshipsID,ID sintético para tabla protocolRelationships,Un ID único y autoincremental generado para producir un identificador único y una clave principal para cada fila de la tabla protocolRelationships.,NA,2.2.0,2.2.0,added in V2.2.0,
spaprotocolRelationshipsOrder,spa,protocolRelationshipsOrder,orden de columnas de la tabla de relaciones de protocolos,Especifica el orden de las columnas en la tabla Organización del protocolo.,NA,2.0.0,2.0.0,added in V2.0.0,
spaprotocolRelationshipsRequired,spa,protocolRelationshipsRequired,encabezados obligatorios de la tabla de relaciones de protocolos,Especifica las columnas necesarias en la tabla Organización del protocolo.,NA,2.0.0,2.0.0,added in V2.0.0,
spaprotocolRelSet,spa,protocolRelSet,conjunto de relaciones de protocolos,Conjunto de valores válidos de relationshipID en la tabla protocolRelationships.,Utilizar solo para la relación de la tabla protocolRelationships relationshipID.,2.0.0,2.0.0,added in V2.0.0,
spaprotocols,spa,protocols,tabla de protocolos,La tabla para los protocolos.,NA,2.0.0,2.0.0,added in V2.0.0,
spaprotocolsOrder,spa,protocolsOrder,orden de columnas de tabla de protocolos,Especifica el orden de las columnas en la tabla Protocolos.,NA,2.0.0,2.0.0,added in V2.0.0,
spaprotocolsRequired,spa,protocolsRequired,encabezados obligatorios de tabla de protocolos,Especifica las columnas necesarias en la tabla Protocolos.,NA,2.0.0,2.0.0,added in V2.0.0,
spaprotocolSteps,spa,protocolSteps,tabla de pasos de protocolo,"La tabla para recopilar metadatos sobre pasos individuales en un protocolo, proceso metodológico o ensayo.",NA,1.0.0,2.0.0,"updated from assay method into 2 tables, restructured.",
spaprotocolStepsOrder,spa,protocolStepsOrder,orden de columnas de pasos de protocolo,Especifica el orden de las columnas en una tabla Pasos del protocolo.,NA,2.0.0,2.0.0,added in V2.0.0,
spaprotocolStepsRequired,spa,protocolStepsRequired,encabezados obligatorios de pasos de protocolo,Especifica las columnas necesarias en una tabla Pasos del protocolo.,NA,2.0.0,2.0.0,added in V2.0.0,
spaprotocolTableSet,spa,protocolTableSet,conjunto de tabla de protocolos,Tablas que contienen información sobre los métodos utilizados para la recogida o medición de muestras.,NA,2.0.0,2.0.0,added in V2.0.0,
spaprotocolVersion,spa,protocolVersion,versión de protocolo,Especifica la versión de un conjunto de métodos.,Versión del conjunto de métodos. Se recomienda el uso de versiones semánticas.,2.0.0,2.0.0,added in V2.0.0,
spaprovHA,spa,provHA,"acceso a proveedor HA (?), prov ha","Si es «no», estos datos no estarán disponibles para las autoridades sanitarias provinciales. Si falta, los datos estarán disponibles para las autoridades sanitarias provinciales.",NA,1.0.0,2.0.0,"depreciated, sharing moved to sharing schema.",
spaprovisional,spa,provisional,reporte provisional,Un informe provisional o intermedio.,"Utilizar para mediciones que aún no se han finalizado. Normalmente, este propósito no se comunica públicamente. ",2.0.0,2.0.0,added in V2.0.0,
spaps,spa,ps,nombre corto tabla de pasos de protocolo,"El nombre abreviado que se utiliza para hacer referencia a la tabla para recopilar metadatos sobre pasos individuales en un protocolo, proceso metodológico o ensayo.",tabla,2.2.2,2.2.2,added in V 2.2.2,
spapseudomonas,spa,pseudomonas,Pseudomonas,Pseudomonas,NA,2.2.0,2.2.0,added in V2.2.0,
spapseudomonasGrp,spa,pseudomonasGrp,grupo Pseudomonas,Un grupo de medidas/métodos relacionados con la bacteria pseudomonas.,Se utiliza para describir la información del organismo para medidas generales.,2.2.0,2.2.0,added in V2.2.0,
spapSludge,spa,pSludge,lodo del clarificador primario,Lodos producidos por los clarificadores primarios,NA,1.0.0,2.0.0,NA,
spapStat,spa,pStat,estación de bombeo,Estación de bombeo,NA,1.0.0,2.0.0,"description wording, structure",
spapstGrit,spa,pstGrit,post-grit (post-desarenado),"Aguas residuales sin tratar después de las obras de cabecera de una planta de tratamiento (después de la eliminación de arena o de sólidos grandes en una planta de tratamiento, pero antes del clarificador primario)",NA,1.0.0,2.0.0,NA,
spaptDescDep,spa,ptDescDep,descripción de pretratamiento (obsoleto),"Si se trata de un pretratamiento, describa el tratamiento que se realizó.","Obsoleto en la versión 2, no utilizar. Utilizar methodID de pretratamiento y especificar más detalles en el resumen y/o las notas, si es necesario.",1.0.0,2.0.0,"depreciated, absorbed into more general ""description"" part",
spaptot,spa,ptot,número de pruebas positivas,Número de pruebas positivas realizadas en un día en una región determinada.,NA,1.0.0,2.0.0,now a unit for any group or biologic infection,
spapubHealth,spa,pubHealth,agencia de salud pública,Organismo de salud pública.,NA,2.0.0,2.0.0,added in V2.0.0,
spapublic,spa,public,acceso público,"Si la respuesta es «no», estos datos no estarán disponibles para el público. Si falta, los datos estarán disponibles para el público.",NA,1.0.0,2.0.0,"depreciated, sharing moved to sharing schema.",
spapuro,spa,puro,virus Puro,Medida de la cantidad de virus puro.,NA,2.0.0,2.0.0,added in V2.0.0,
spapuroMat,spa,puroMat,diana del spike del virus Puro,El virus puro se utiliza como objetivo de control de la eficiencia de recuperación.,NA,2.0.0,2.0.0,added in V2.0.0,
spapurpose,spa,purpose,propósito,Motivo por el que se tomó la medida o la muestra.,"Véanse las categorías permitidas: informe, control de calidad, estudio de validación, prueba",2.0.0,2.0.0,NA,
spapurposeSet,spa,purposeSet,conjunto de propósitos,Finalidad establecida para una muestra o medida.,NA,2.0.0,2.0.0,added in V2.0.0,
spapv2,spa,pv2,poliovirus tipo 2,Poliovirus tipo 2,NA,2.2.0,2.2.0,added in V2.2.0,
spaq19e,spa,q19e,diana génica q19e variante ómicron,q19e objetivo del gen de mutación de la variante ómicron,NA,2.0.0,2.0.0,added in V2.0.0,
spaq493r,spa,q493r,diana génica q493r variante ómicron,q493r objetivo del gen de mutación de la variante ómicron,NA,2.0.0,2.0.0,added in V2.0.0,
spaq498r,spa,q498r,diana génica q498r variante ómicron,q498r objetivo del gen de mutación de la variante ómicron,NA,2.0.0,2.0.0,added in V2.0.0,
spaq954h,spa,q954h,diana génica q954h variante ómicron,q954h objetivo del gen de mutación de la variante ómicron,NA,2.0.0,2.0.0,added in V2.0.0,
spaqaqc,spa,qaqc,método de aseguramiento de calidad (QA),Método de garantía y control de calidad.,Descripción de las medidas de control de calidad adoptadas,1.0.0,2.0.0,"description wording, deprecated",
spaqf1,spa,qf1,preocupaciones de calidad,"Indicador para señalar que existe un problema de calidad, no especificado de otro modo.",NA,1.0.0,2.0.0,added in V2.0.0,
spaqgDNARNA,spa,qgDNARNA,kit Qiagen AllPrep DNA/RNA,Extracción de ácido nucleico realizada con el kit Qiagen Allprep DNA/RNA.,NA,2.0.0,2.0.0,"added in V2.0.0, added from NWSS",
spaqgDpcr,spa,qgDpcr,PCR digital Qiagen,Describe un análisis de PCR realizado con la tecnología de PCR digital de Qiagen.,NA,2.0.0,2.0.0,added in V2.0.0,
spaqgEz1,spa,qgEz1,kit Qiagen EZ1 Virus Mini v2.0,Extracción de ácido nucleico realizada con el kit Qiagen EZ1 Virus Mini Kit v2.0.,NA,2.0.0,2.0.0,"added in V2.0.0, added from NWSS",
spaqgPwrFecal,spa,qgPwrFecal,kit Qiagen AllPrep PowerFecal DNA/RNA,Extracción de ácido nucleico realizada con el kit Qiagen Allprep Powerfecal DNA/RNA.,NA,2.0.0,2.0.0,"added in V2.0.0, added from NWSS",
spaqgPwrViral,spa,qgPwrViral,kit Qiagen AllPrep PowerViral DNA/RNA,Extracción de ácido nucleico realizada con el kit Qiagen Allprep Powerviral DNA/RNA.,NA,2.0.0,2.0.0,"added in V2.0.0, added from NWSS",
spaqgPwrWtr,spa,qgPwrWtr,kit Qiagen PowerWater,Extracción de ácido nucleico realizada con el kit Qiagen Powerwater.,NA,2.0.0,2.0.0,"added in V2.0.0, added from NWSS",
spaqgQiAmp,spa,qgQiAmp,tampones QIAamp con columnas Epoch,Extracción de ácido nucleico realizada con los tampones Qiagen Qiaamp con columnas Epoch.,NA,2.0.0,2.0.0,"added in V2.0.0, added from NWSS",
spaqgRneasy,spa,qgRneasy,kit Qiagen RNeasy,Extracción de ácido nucleico realizada con el kit Qiagen RNEasy.,NA,2.0.0,2.0.0,"added in V2.0.0, added from NWSS",
spaqgRneasyPwr,spa,qgRneasyPwr,kit Qiagen RNeasy PowerMicrobiome,Extracción de ácido nucleico realizada con el kit Qiagen RNEasy PowerMicrobiome.,NA,2.0.0,2.0.0,"added in V2.0.0, added from NWSS",
spaqiAllprep,spa,qiAllprep,kit Qiagen AllPrep DNA/RNA,Kit Qiagen Allprep DNA/RNA.,NA,2.2.0,2.2.0,added in V2.2.0,
spaqiampDSP,spa,qiampDSP,kit Qiagen QIAamp DSP Viral RNA Mini,Kit Qiagen Qiaamp DSP Viral RNA Mini.,NA,2.2.0,2.2.0,added in V2.2.0,
spaqpcr,spa,qpcr,PCR cuantitativa en tiempo real,PCR en tiempo real.,NA,2.0.0,2.0.0,added in V2.0.0,
spaqr,spa,qr,nombre corto tabla de informes de calidad,Abreviatura utilizada para referirse a la tabla en la que se registran las diversas métricas e indicadores de calidad de las muestras y mediciones.,tabla,2.2.2,2.2.2,added in V 2.2.2,
spaqualAggScale,spa,qualAggScale,cualitativo,Escala de agregación cualitativa.,NA,2.0.0,2.0.0,added in V2.0.0,
spaqualityControl,spa,qualityControl,control de calidad,Medida o muestra tomada con fines de control de calidad.,Las medidas de esta categoría se toman para evaluar el control de calidad.,2.0.0,2.0.0,added in V2.0.0,
spaqualityFlag,spa,qualityFlag,indicador de calidad,"Campo para informar de cualquier problema de calidad, o de la ausencia de estos, en una muestra o medida.",Los tipos de indicadores de calidad varían según el contexto; consulte el conjunto de indicadores de calidad para confirmarlo.,2.0.0,2.0.0,added in V2.0.0,
spaqualityIndicators,spa,qualityIndicators,indicadores de calidad,Medida de la calidad de un valor o muestra notificados.,Solo se utiliza para las entradas del diccionario de piezas.,2.0.0,2.0.0,added in V2.0.0,
spaqualityIndSet,spa,qualityIndSet,encabezado de conjunto de indicadores de calidad,Conjunto de calidad que corresponde a una parte determinada. Solo aplicable a muestras y medidas.,NA,2.0.0,2.0.0,added in V2.0.0,
spaqualityIndSets,spa,qualityIndSets,conjuntos de indicadores de calidad,"Conjuntos de indicadores o medidas de calidad. Por ejemplo, la PCR tiene un conjunto de medidas de calidad.",NA,2.0.0,2.0.0,added in V2.0.0,
spaqualityReportID,spa,qualityReportID,ID de informe de calidad,Identificador único para un informe de calidad determinado.,NA,2.0.0,2.0.0,added in V2.0.0,
spaqualityReports,spa,qualityReports,tabla de informes de calidad,Tabla para registrar las diversas métricas e indicadores de calidad de las muestras y medidas.,NA,2.0.0,2.0.0,added in V2.0.0,
spaqualityReportsOrder,spa,qualityReportsOrder,orden de columnas de informes de calidad,Especifica el orden de las columnas en la tabla Informes de calidad.,NA,2.0.0,2.0.0,added in V2.0.0,
spaqualityReportsRequired,spa,qualityReportsRequired,encabezados obligatorios de tabla de informe de calidad,Especifica las columnas necesarias en la tabla Informes de calidad.,NA,2.0.0,2.0.0,added in V2.0.0,
spaquantAggScale,spa,quantAggScale,cuantitativo,La escala de agregación «quantAggScale».,NA,2.0.0,2.0.0,added in V2.0.0,
spar2,spa,r2,R al cuadrado (R²),Valor R cuadrado de la curva de calibración.,"Se utiliza para almacenar información sobre la curva de calibración, aunque también puede ser aplicable a otros tipos de curvas.",2.0.0,2.0.0,added in V2.0.0,
spar203m,spa,r203m,diana génica r203m variante Delta,r203m delta-variant mutation gene target,NA,2.0.0,2.0.0,added in V2.0.0,
spar346t,spa,r346t,mutación R346T,La mutación variante FLiRT/SLip R346T.,NA,2.2.0,2.2.0,added in V2.2.0,
sparainDpcr,spa,rainDpcr,PCR digital Raindance,Describe un análisis de PCR realizado con la tecnología de PCR digital de Raindance.,NA,2.0.0,2.0.0,added in V2.0.0,
sparainy,spa,rainy,lluvioso,"Categoría cualitativa para la medida meteorológica, que especifica un día lluvioso.",NA,2.0.0,2.0.0,"added in V2.0.0, github issue #124 and #204",
sparanSeq,spa,ranSeq,método de selección de secuenciación aleatoria,Especifica el método de selección aleatoria para la secuenciación.,No se debe utilizar ningún conjunto de cebadores si se selecciona esta opción.,2.0.0,2.0.0,added in V2.0.0,
sparatio,spa,ratio,razón,Ratio (sin unidades),"Informar como número real o fracción. Es decir, una proporción de 10:2 se informa como 5. Los detalles de la proporción (el numerador y el denominador) se describen en la medida.",2.0.0,2.0.0,added in V2.0.0,
sparaws,spa,raws,aguas residuales crudas,Muestra de aguas residuales sin tratar,NA,1.0.0,2.0.0,NA,
sparawWW,spa,rawWW,aguas residuales en sitio,Aguas residuales sin ningún tipo de tratamiento,NA,1.0.0,2.0.0,NA,
sparawWWdown,spa,rawWWdown,aguas residuales río abajo del sitio,Aguas residuales aguas abajo de un emplazamiento. Véase partType = rawWWup.,NA,2.0.0,2.0.0,added in V2.0.0,
sparawWWup,spa,rawWWup,aguas residuales río arriba del sitio,"Aguas residuales aguas arriba de un emplazamiento. Se utiliza cuando no hay acceso directo a las aguas residuales de un emplazamiento en conjunción con la muestra aguas abajo. Por ejemplo, si el emplazamiento es una residencia de ancianos, pero no hay acceso al edificio o a la limpieza de la propiedad. Utilice dos muestras, una aguas arriba y otra aguas abajo.",NA,2.0.0,2.0.0,added in V2.0.0,
spardrpIP2,spa,rdrpIP2,diana génica IP2 RdRp SARS-CoV-2,IP2 rdrp sars-cov-2 gen objetivo,NA,2.0.0,2.0.0,added in V2.0.0,
spardrpIP4,spa,rdrpIP4,diana génica IP4 RdRp SARS-CoV-2,IP4 rdrp sars-cov-2 gen objetivo,NA,2.0.0,2.0.0,added in V2.0.0,
sparecDate,spa,recDate,fecha de recepción de muestra,La fecha en que se recibió la muestra en el laboratorio para su análisis.,NA,2.0.0,2.0.0,"added in V2.0.0, Update in line with Github Issue #211",
sparecov,spa,recov,pacientes recuperados,Unidades para describir una medida poblacional de pacientes que se han recuperado de una enfermedad determinada.,Unidad para una medida de población o enfermedad que explique los efectos clínicos a nivel de población.,2.0.0,2.0.0,added in V2.0.0,
sparefLink,spa,refLink,enlace de referencia,"Enlace al material de referencia de una pieza. Puede enlazar con bibliografía sobre un método, una medida, etc.","Enlace al procedimiento operativo estándar para una medida o parte. La referencia de la parte es una referencia a un documento técnico que describe la parte en detalle. La referencia puede ser una URL, un DOI o una referencia a un informe técnico.",1.0.0,2.0.0,"description wording, structure",
sparegular,spa,regular,vigilancia rutinaria de patógenos,Medida o muestra tomada para vigilancia o epidemiología.,Una medida «regular» es la predeterminada. Los datos que falten se recodificarán con este fin.,2.0.0,2.0.0,added in V2.0.0,
sparegularReportTableSet,spa,regularReportTableSet,conjunto de tablas de informes regulares,Tablas utilizadas para informar diariamente de nuevas mediciones e información sobre la recogida de muestras.,NA,2.0.0,2.0.0,added in V2.0.0,
sparelationshipID,spa,relationshipID,relación entre entidades,Atributo para especificar la relación entre un sujeto y un objeto de muestra.,"Junto con «sampleIDSubject» y «sampleRelID», una fila de «sampleRelationships» debe decir: [sampleIDSubject] es una [sampleID] de [sampleIDObject].",2.0.0,2.0.0,added in V2.0.0,
sparelDateEnd,spa,relDateEnd,fecha de fin de relevancia de la medida,"Fecha de finalización del periodo de relevancia de una medida, principalmente para métricas que varían en el tiempo para sitios o polígonos.",NA,2.3.0,2.3.0,added in V2.3.0,
sparelDateStart,spa,relDateStart,fecha de inicio de relevancia de la medida,"La fecha de inicio del período de relevancia de una medida, principalmente para métricas que varían en el tiempo para sitios o polígonos.",NA,2.3.0,2.3.0,added in V2.3.0,
sparelHum,spa,relHum,humedad relativa,"La unidad de humedad relativa, o la mezcla de aire y agua. La relación entre la presión parcial del vapor de agua en la mezcla y la presión de vapor de equilibrio del agua sobre una superficie plana. de agua pura a una temperatura determinada.",NA,2.0.0,2.0.0,"added in V2.0.0, github issue #124 and #204",
sparelHumidUnitSet,spa,relHumidUnitSet,conjunto de unidades de humedad relativa,Conjunto de unidades para mediciones de humedad relativa.,NA,2.0.0,2.0.0,added in V2.0.0,
sparelNR,spa,relNR,relación no reportada,"ID de relación utilizada en las tablas de relaciones del ODM cuando dos entidades están relacionadas o conectadas de alguna manera, pero la naturaleza real de esa relación no está clara o no se ha comunicado.",Se utiliza principalmente al mapear datos de otros formatos en los que las relaciones de protocolo (por ejemplo) no informan de relaciones temporales claras o del orden de los pasos del método.,3.0.0,3.0.0,added in V3.0.0,
sparelSet,spa,relSet,conjunto general de relaciones,Conjunto de valores válidos de relationshipID en todos los campos y tablas.,NA,2.2.3,2.2.3,added in v 2.2.3,
sparepGrab,spa,repGrab,muestra representativa puntual,Una única muestra representativa de gran tamaño.,"Obsoleto en la versión 2, no lo utilice.",1.0.0,2.0.0,depreciated,
spareplicateSet,spa,replicateSet,conjunto de tipos de réplica,Conjunto para almacenar valores categóricos válidos de tipo réplica.,NA,2.0.0,2.0.0,added in V2.0.0,
sparepNum,spa,repNum,número de réplica,"Número de réplica para un valor Ct o Cq, utilizado para especificar una curva estándar del protocolo.","Solo se aplica y utiliza para curvas estándar agregadas o curvas que se utilizan en varias placas. De lo contrario, estos detalles se pueden capturar en un informe de medidas y especificarse mediante el índice de medidas.",2.0.0,2.0.0,added in V2.0.0,
sparepOrg1,spa,repOrg1,ID de autoridad de reporte primaria,"La autoridad principal o más responsable de los informes o hallazgos de vigilancia rutinaria, o del lugar donde se encuentra el sitio. ","Utilice la tabla «organizations» para describir atributos como el nombre y la dirección de la organización. Utilice «orgType», «orgLevel» y «orgSector» para describir atributos adicionales. Por ejemplo, si la organización es una agencia gubernamental («orgType»), local («orgLevel») o de salud pública («orgSector»). Si no se especifican los atributos, el valor predeterminado es la versión 1.1.0 «publicHealthDepartment», definida como «El departamento de salud pública o la región donde se encuentra el sitio. Véase también «healthReg» si existe una autoridad regional independiente encargada de la prestación de asistencia sanitaria».",1.1.0,2.0.0,"description wording, structure",
sparepOrg2,spa,repOrg2,ID de autoridad de reporte secundaria,"La autoridad secundaria, adicional o alternativa para los informes o hallazgos de vigilancia rutinaria, o del lugar donde se encuentra el sitio. ","Utilice la tabla «organizations» para describir atributos como el nombre y la dirección de la organización. Utilice «orgType», «orgLevel» y «orgSector» para describir atributos adicionales. Por ejemplo, si la organización es una agencia gubernamental (`orgType`), local (`orgLevel`) o de salud pública (`orgSector`). Si no se especifican los atributos, el valor predeterminado es la versión 1.1.0 `healthRegion`, la autoridad de planificación sanitaria donde se encuentra el sitio. Definido como «El departamento de salud pública o la región donde se encuentra el sitio».",1.1.0,2.0.0,"description wording, structure",
spareportable,spa,reportable,reportable,"Indicador de si una medida es notificable o no, en función de la confianza en la medida y los métodos aplicados.",NA,2.0.0,2.1.0,added in V2.0.0,
spareportDate,spa,reportDate,fecha de reporte,La fecha en que se notificó una medida.,Esta fecha es la primera fecha en la que el laboratorio o la entidad comunicó los resultados de la medida a la salud pública u otra entidad que ordenó la medida o es responsable de la acción. Utilice la fecha de finalización del análisis si la medida forma parte de un estudio de investigación u otro propósito que no tiene una entidad informante.,1.0.0,2.0.0,"description wording, structure",
spareporterIDDep,spa,reporterIDDep,ID de reportero (obsoleto),Identificador único de la persona u organización que comunica los datos.,NA,1.1.0,2.0.0,changed to contactID,
spareportersDep,spa,reportersDep,tabla de reportero (obsoleta),"Tabla que contiene información sobre el comunicante de una muestra, método, medida o atributo.",NA,1.0.0,2.0.0,depreciated,
spareportTableInput,spa,reportTableInput,entrada de tabla de reporte (formato ancho),Nombre abreviado de la tabla de fuentes enumeradas.,NA,2.2.0,2.2.0,added in V2.2.0,
spareportTableName,spa,reportTableName,nombre de tabla de reporte (formato ancho),Tabla de informes a la que hace referencia el nombre completo.,NA,2.2.0,2.2.0,added in V2.2.0,
sparepType,spa,repType,tipo de réplica,"Atributo de una muestra que especifica si la muestra es única o una réplica. Y si es una réplica, ¿de qué tipo es?",NA,2.0.0,2.0.0,"added in V2.0.0, GitHub issue #94",
sparesCosca,spa,resCosca,re-suspensión de colección con filtro COSCa,Extracción de ácido nucleico mediante la resuspensión de una muestra recogida utilizando el método COSCa ball.,Consulte partID = cosca para obtener más detalles.,2.0.0,2.0.0,added in V2.0.0,
sparesearch,spa,research,sector u organización de investigación,Describe las organizaciones cuyo objetivo es la generación de investigación.,NA,2.2.0,2.2.0,added in V2.2.0,
sparestrict,spa,restrict,datos restringidos,Los datos que faltan se ocultan porque su acceso está restringido.,Indicador de valor perdido para datos que se han clasificado como restringidos y no aptos para compartir.,3.0.0,3.0.0,added in V3.0.0,
sparesults,spa,results,tablas de resultados,"Tablas utilizadas para registrar muestras, medidas e informes de calidad.",Estas tablas se actualizan cada vez que se toma una nueva muestra o se informa de una medida. Los informes de calidad se utilizan para informar sobre el control y la garantía de calidad de las muestras y las medidas. ,2.0.0,2.0.0,added in V2.0.0,
sparesuspension,spa,resuspension,método de resuspensión,Describe el método utilizado para resuspender el material.,NA,2.2.0,2.2.0,added in V2.2.0,
sparesusSet,spa,resusSet,conjunto de métodos de resuspensión,El conjunto que describe los valores categóricos válidos para el método de resuspensión.,NA,2.2.0,2.2.0,added in V2.2.0,
sparetainedElement,spa,retainedElement,elemento retenido,"El elemento retenido después de la centrifugación, filtración, separación de sólidos, etc.",NA,2.2.0,2.2.0,added in V2.2.0,
sparetElSet,spa,retElSet,conjunto de elementos retenidos,El conjunto para enumerar los valores válidos posibles del método del elemento retenido.,NA,2.2.0,2.2.0,added in V2.2.0,
sparetPond,spa,retPond,estanque de retención,Estanque de retención,NA,1.0.0,2.0.0,"description wording, structure",
sparickettsia,spa,rickettsia,Rickettsia,Rickettsia,NA,2.2.0,2.2.0,added in V2.2.0,
sparickettsiaGrp,spa,rickettsiaGrp,grupo Rickettsia,Grupo de medidas/métodos relacionados con los parásitos rickettsia.,Se utiliza para describir la información sobre el organismo para medidas generales.,2.2.0,2.2.0,added in V2.2.0,
spariver,spa,river,río (cuerpo de agua natural),"Río, masa de agua natural",NA,1.0.0,2.0.0,"description wording, structure",
sparna,spa,rna,plantilla de ARN,La plantilla de ácido ribonucleico (ARN) se utiliza para trabajos de PCR o secuenciación.,NA,2.0.0,2.0.0,added in V2.0.0,
sparnaseP,spa,rnaseP,Ribonucleasa P (RNasa P),Ribonucleasa P (RNasa P) (normalmente medida como indicador fecal humano),NA,2.2.0,2.2.0,added in V2.2.0,
sparole,spa,role,Rol del contacto,Especifica la función organizativa de un contacto determinado.,NA,2.0.0,2.0.0,added in V2.0.0,
sparotavirus,spa,rotavirus,Rotavirus,Rotavirus,NA,2.2.0,2.2.0,added in V2.2.0,
sparotavirusGrp,spa,rotavirusGrp,Grupo de rotavirus,Conjunto de medidas/métodos relacionados con los rotavirus.,Se utiliza para describir la información del organismo para medidas generales.,2.2.0,2.2.0,added in V2.2.0,
sparP100,spa,rP100,"Tasa por 100,000",Unidades para describir una medida poblacional de la tasa de incidencia de casos por cada 100 000 personas de una enfermedad determinada.,Unidad para una medida de población o enfermedad para explicar los efectos clínicos a nivel de población.,2.0.0,2.0.0,added in V2.0.0,
sparpm,spa,rpm,Revoluciones por minuto (RPM),"RPM significa «revoluciones por minuto». Así es como los fabricantes de centrifugadoras suelen describir la velocidad a la que funciona la centrifugadora. El rotor, independientemente de su tamaño, gira a esa velocidad.",NA,2.2.0,2.2.0,added in V2.2.0,
sparppw,spa,rppw,Aguas residuales crudas post-pasteurizadas,Muestra de aguas residuales sin tratar tras la pasteurización.,NA,1.0.0,2.0.0,NA,
sparsvAB,spa,rsvAB,Virus sincitial respiratorio A y B combinados,Virus respiratorio sincitial humano tipo A (VRS A) y tipo B (VRS B).,NA,2.1.0,2.1.3,added in V2.1.0,
sparsvAMe,spa,rsvAMe,Virus sincitial respiratorio A,Virus respiratorio sincitial humano tipo A (VRS A).,Consulte Grupo = «rsv» y «rsv» para las medidas que se aplican al RSV A o al RSV B. ,2.1.0,2.1.3,added in V2.1.0,
sparsvB,spa,rsvB,Virus sincitial respiratorio B,Virus respiratorio sincitial humano tipo B (VRS B).,Consulte Grupo = «rsv» y «rsv» para las medidas que se aplican al RSV A o al RSV B. ,2.1.0,2.1.3,added in V2.1.0,
sparsvGrp,spa,rsvGrp,Grupo de virus sincitial respiratorio (VSR),Virus respiratorio sincitial humano (VRS).,"Consulte Grupo = «rsvA» y «rsvB» para las medidas específicas del RSV A o del RSV B, respectivamente. ",2.0.0,2.1.2,added in V2.0.0,
sparsvMe,spa,rsvMe,Virus sincitial respiratorio,"Virus respiratorio sincitial humano (VRS), medida genérica.","Consulte Grupo = «rsvA» y «rsvB» para las medidas específicas del RSV A o el RSV B, respectivamente. ",2.0.0,2.1.2,added in V2.0.0,
sparsvN,spa,rsvN,Gen N del VSR,"Virus respiratorio sincitial humano, región del gen N.",NA,2.1.3,2.1.3,added in V2.1.3,
spart,spa,rt,transcripción inversa,Describe el ciclo de transcripción inversa en un proceso de PCR.,NA,2.2.0,2.2.0,added in V2.2.0,
sparubella,spa,rubella,Rubéola,Rubéola,NA,2.2.0,2.2.0,added in V2.2.0,
sparubellaGrp,spa,rubellaGrp,Grupo de rubéola,Grupo de medidas/métodos relacionados con el virus de la rubéola.,Se utiliza para describir la información del organismo para medidas generales.,2.2.0,2.2.0,added in V2.2.0,
spas2083i,spa,s2083i,Diana génica s2083i (variante ómicron),s2083i objetivo del gen de mutación de la variante ómicron,NA,2.0.0,2.0.0,added in V2.0.0,
spas371l,spa,s371l,Diana génica s371l (variante ómicron),s371l objetivo del gen de mutación de la variante ómicron,NA,2.0.0,2.0.0,added in V2.0.0,
spas373p,spa,s373p,Diana génica s373p (variante ómicron),s373p objetivo del gen de mutación de la variante ómicron,NA,2.0.0,2.0.0,added in V2.0.0,
spas375f,spa,s375f,Diana génica s375f (variante ómicron),s375f objetivo del gen de mutación de la variante ómicron,NA,2.0.0,2.0.0,added in V2.0.0,
spas477n,spa,s477n,Diana génica s477n (variante ómicron),s477n objetivo del gen de mutación de la variante ómicron,NA,2.0.0,2.0.0,added in V2.0.0,
spasa,spa,sa,Muestra,Medida realizada en un compartimento o propiedad a partir de una muestra de una sustancia.,NA,2.0.0,2.0.0,added in V2.0.0,
spasalmonella,spa,salmonella,Salmonella,Salmonella,NA,2.2.0,2.2.0,added in V2.2.0,
spasalmonellaGrp,spa,salmonellaGrp,Grupo Salmonella,Grupo de medidas/métodos relacionados con la bacteria salmonella.,Se utiliza para describir la información del organismo para medidas generales.,2.2.0,2.2.0,added in V2.2.0,
spasaMaterial,spa,saMaterial,Material de muestra,Tipo de muestra.,NA,1.0.0,2.0.0,description wording additional categories added (from NWSS),
spasamConc,spa,samConc,Concentrado de muestra,Concentrado de muestra.,NA,1.0.0,2.0.0,NA,
spasampleID,spa,sampleID,ID de muestra,Identificador único de una muestra.,Sugerencia: siteID-date-index.,1.1.0,2.0.0,"description wording, structure",
spasampleIDObject,spa,sampleIDObject,Objeto ID de muestra,Rellenado por «sampleID»: especifica el objeto de una relación de muestra.,"Utilice «sampleID» para este campo. Junto con «sampleIDSub» y «relationshipID», la fila de «sampleRelationships» debería decir: [sampleIDSubject] es un [relationshipID] de [sampleIDObject].",2.0.0,2.0.0,added in V2.0.0,
spasampleIDSubject,spa,sampleIDSubject,Sujeto ID de muestra,Rellenado por «sampleID»: especifica el sujeto de una relación de muestra.,"Utilice «sampleID» para este campo. Junto con «sampleIDSub» y «relationshipID», la fila de «sampleRelationships» debería decir: [sampleIDSubject] es un [relationshipID] de [sampleIDObject].",2.0.0,2.0.0,added in V2.0.0,
spasampleMatSet,spa,sampleMatSet,Conjunto de materiales de muestra,Establecido para los tipos de material que se pueden encontrar en una muestra.,NA,2.0.0,2.0.0,added in V2.0.0,
spasampleQualitySet,spa,sampleQualitySet,Conjunto de calidad de muestra,Calidad establecida para una muestra.,NA,2.0.0,2.0.0,added in V2.0.0,
spasampleRelationships,spa,sampleRelationships,Tabla de relaciones de muestra,Tabla para registrar las relaciones entre muestras.,Las muestras se pueden agrupar o dividir. La tabla de relaciones de muestras contiene información sobre las relaciones padre-hijo entre las muestras y permite realizar un seguimiento del linaje de las muestras individuales y agrupadas.,2.0.0,2.0.0,added in V2.0.0,
spasampleRelationshipsID,spa,sampleRelationshipsID,ID sintético para la tabla sampleRelationships,Un ID único e incremental automáticamente generado para producir un identificador único y una clave principal para cada fila de la tabla sampleRelationships.,NA,2.2.0,2.2.0,added in V2.2.0,
spasampleRelationshipsOrder,spa,sampleRelationshipsOrder,Orden de columnas de la tabla de relaciones de muestra,Especifica el orden de las columnas en una tabla de relaciones de muestras.,NA,2.0.0,2.0.0,added in V2.0.0,
spasampleRelationshipsRequired,spa,sampleRelationshipsRequired,Encabezados obligatorios de la tabla de relaciones de muestra,Especifica las columnas necesarias en una tabla de relaciones de muestras.,NA,2.0.0,2.0.0,added in V2.0.0,
spasampleRelSet,spa,sampleRelSet,Conjunto de relaciones de muestra,Establecido para valores válidos de relationshipID en la tabla sampleRelationships.,Utilizar solo para la tabla sampleRelationships relationshipID.,2.0.0,2.0.0,added in V2.0.0,
spasamples,spa,samples,Tabla de informe de muestra,"La tabla que contiene información sobre una muestra. Una muestra se define como un volumen representativo de aguas residuales (u otras formas de agua o líquido), aire o superficie tomada de un sitio.","Las muestras se pueden combinar, dividir, almacenar y reutilizar. Las «relaciones entre muestras» (sampleRelationships) se utilizan para describir las relaciones entre muestras.",1.0.0,2.0.0,"Change name, structure",
spasampleShed,spa,sampleShed,Descarga de muestra (shed),"Área geográfica, espacio físico o estructura. Se toma una muestra de un sampleshed para obtener una medición representativa de una o varias sustancias.","Ejemplos: avión, residencia de ancianos, barrio, campus universitario, municipio",2.0.0,2.0.0,added in V2.0.0,
spasamplesOrder,spa,samplesOrder,Orden de columnas en tabla de muestras,Especifica el orden de las columnas en una tabla Samples.,NA,2.0.0,2.0.0,added in V2.0.0,
spasamplesRequired,spa,samplesRequired,Encabezados obligatorios de tabla de muestra,Especifica las columnas necesarias en una tabla Samples.,NA,2.0.0,2.0.0,added in V2.0.0,
spasampleTypeOther,spa,sampleTypeOther,Otra colección (obsoleta),Descripción de otro tipo de método no incluido en la colección. Depreciado.,NA,1.0.0,2.0.0,description wording,
spasamVol,spa,samVol,Volumen de muestra,El volumen de una muestra determinada.,NA,2.2.0,3.0.0,officially activate in v 3.0.0,
spasapovirus,spa,sapovirus,Sapovirus,Sapovirus,NA,2.2.0,2.2.0,added in V2.2.0,
spasapovirusGrp,spa,sapovirusGrp,Grupo Sapovirus,Grupo de medidas/métodos relacionados con los sapovirus.,Se utiliza para describir la información del organismo para medidas generales.,2.2.0,2.2.0,added in V2.2.0,
spasar,spa,sar,Nombre corto de tabla de relaciones de muestra,Nombre abreviado utilizado para hacer referencia a la tabla en la que se registran las relaciones entre muestras.,tabla,2.2.2,2.2.2,added in V 2.2.2,
spasarsCov2,spa,sarsCov2,SARS-CoV-2,Grupo de medidas/métodos relacionados con el virus SARS-CoV-2.,"Las medidas del SARS-CoV-2 tienen las siguientes clases: proteínas, alelos, variantes, mutaciones, enfermedades.",2.0.0,2.0.0,added in V2.0.0,
spasas,spa,sas,Nombre corto de tabla de informe de muestra,"Nombre abreviado utilizado para hacer referencia a la tabla que contiene información sobre una muestra. Una muestra se define como un volumen representativo de aguas residuales (u otras formas de agua o líquido), aire o superficie tomada de un sitio.",tabla,2.2.2,2.2.2,added in V 2.2.2,
spasaSpecimenSet,spa,saSpecimenSet,Conjunto de especímenes de muestra,Conjunto de muestras que incluye solo una muestra.,NA,2.0.0,2.0.0,added in V2.0.0,
spasC,spa,sC,Cobertura escasa,"La secuenciación muestra una cobertura escasa, es decir, la amplitud numérica de la cobertura parece adecuada, pero los gráficos de cobertura revelan que faltan fragmentos del genoma.","Si hay varios problemas que señalar, utilice la marca de problemas múltiples y explique los detalles en la sección de notas.",2.0.0,2.0.0,added in V2.0.0,
spasce,spa,sce,Efluente de clarificador secundario (obsoleto),Efluente obtenido después de los clarificadores secundarios.,"Obsoleto en la versión 2, no lo utilice. Duplicado de las categorías sampleMat; consulte esas.",1.0.0,2.0.0,"depreciated, used to be in site table.",
spascf,spa,scf,Frecuencia de curva estándar,Método para especificar la frecuencia con la que se utiliza una curva estándar (o «curva maestra»).,NA,2.0.0,2.0.0,added in V2.0.0,
spaschool,spa,school,Escuela,Una escuela que atiende a alumnos desde el jardín de infancia hasta el 12.º grado.,NA,1.0.0,2.0.0,"description wording, structure",
spasciencellRNA,spa,sciencellRNA,Kit ScienCell de aislamiento de ARN viral,Kit de aislamiento de ARN viral Sciencell.,NA,2.2.0,2.2.0,added in V2.2.0,
spascriptSet,spa,scriptSet,Conjunto de versiones de scripts de secuenciación,El conjunto para las versiones de script. ,NA,2.0.0,2.0.0,added in V2.0.0,
spascriptVersion,spa,scriptVersion,Versión del script de secuenciación genética,"Se utiliza para especificar el script o la versión del script utilizada para extraer información resumida (es decir, estadísticas de cobertura y frecuencia de mutaciones, etc.) de los resultados de la secuenciación.",NA,2.0.0,2.0.0,added in V2.0.0,
spascsDep,spa,scsDep,Lodo del clarificador secundario (obsoleto),Lodos producidos por los clarificadores secundarios.,"Obsoleto en la versión 2, no lo utilice. Duplicado de las categorías sampleMat; consulte esas.",1.0.0,2.0.0,"depreciated, site material like this now captured in sample table",
spasd,spa,sd,Desviación estándar,Desviación estándar.,NA,1.0.0,2.0.0,NA,
spasdn,spa,sdn,Desviación estándar normalizada,Desviación estándar normalizada.,NA,1.0.0,2.0.0,NA,
spase,spa,se,Nombre corto de tabla de búsqueda de conjuntos,"Abreviatura utilizada para hacer referencia a la tabla de consulta de todos los conjuntos, que gestiona cómo se agrupan las entradas categóricas para diversos métodos y atributos.",tabla,2.2.2,2.2.2,added in V 2.2.2,
spasea,spa,sea,Mar / cuerpo de agua natural,"Mar, masa de agua natural",NA,1.0.0,2.0.0,"description wording, structure. Maintained originl sample table entry from v1.",
spaseconds,spa,seconds,Segundos,"Unidad de tiempo, segundos.",NA,2.2.0,2.2.0,added in V2.2.0,
spaseeUnitAggScale,spa,seeUnitAggScale,Ver unidad (escalas de agregación),Valor de la escala de agregación que se utilizará cuando la escala de agregación dependa de la especificada en la entrada de la lista de piezas de la unidad. ,"Cuando encuentre este valor, consulte la unidad utilizada para esa entrada y siga esa entrada de escala de agregación.",2.0.0,2.0.0,added in V2.0.0,
spaseeUnitData,spa,seeUnitData,Ver unidad (tipo de dato),Entrada del tipo de datos cuando el tipo de datos de una entrada determinada viene especificado por la unidad utilizada.,"Solo se utiliza para medidas, que es donde se utiliza la entrada de tipo de datos para validar la entrada en el campo de valor. Sin embargo, en estos casos, el tipo de datos depende más de la unidad que de la medida, por lo que esta entrada dirige a los usuarios a consultar el tipo de datos de la unidad.",2.0.0,2.0.0,added in V2.0.0,
spaseeUnitVal,spa,seeUnitVal,Ver unidad (valor),"Valor máximo o mínimo en el diccionario, que se utiliza cuando el valor máximo o mínimo viene determinado por la unidad. ","Se utiliza para medidas cuando las restricciones sobre el valor máximo y mínimo están especificadas por la unidad, no por la medida.",2.0.0,2.0.0,added in V2.0.0,
spasEfflu,spa,sEfflu,Efluente del clarificador secundario,Efluente obtenido tras los clarificadores secundarios.,NA,1.0.0,2.0.0,NA,
spaself,spa,self,Acceso propio,"Si es «no», estos datos no se mostrarán en el portal cuando este informador inicie sesión. Si faltan, los datos estarán disponibles para este informador.",NA,1.0.0,2.0.0,depreciated,
spasentDate,spa,sentDate,Fecha de envío de la muestra,Fecha en la que la muestra se envió desde el lugar de recogida al laboratorio.,NA,2.0.0,2.0.0,"added in V2.0.0, Update in line with Github Issue #211",
spaseptage,spa,septage,Aguas residuales de pozo séptico,Aguas residuales procedentes de una fosa séptica,NA,1.0.0,2.0.0,NA,
spaseptTnk,spa,septTnk,Pozo séptico,Fosa séptica,NA,1.0.0,2.0.0,"description wording, structure",
spaseqContam,spa,seqContam,Secuencia contaminada,La secuencia está contaminada.,NA,2.3.0,2.3.0,added in v 2.3.0,
spaseqLay,spa,seqLay,Disposición de secuenciación,Diseño del material genético utilizado en la secuenciación.,NA,2.0.0,2.0.0,added in V2.0.0,
spaseqLaySet,spa,seqLaySet,Conjunto de disposiciones de secuenciación,El conjunto para el diseño del material genético utilizado en la secuenciación.,NA,2.0.0,2.0.0,added in V2.0.0,
spaseqQualitySet,spa,seqQualitySet,Conjunto de calidad de secuenciación,Conjunto de calidad para medidas de secuenciación.,NA,2.0.0,2.0.0,added in V2.0.0,
spaseqSel,spa,seqSel,Método de selección de secuenciación,El método de selección de secuencias de cebadores utilizado en la secuenciación.,NA,2.0.0,2.0.0,added in V2.0.0,
spaseqSelSet,spa,seqSelSet,Conjunto de métodos de selección de secuenciación,El conjunto para el método de selección utilizado en la secuenciación.,NA,2.0.0,2.0.0,added in V2.0.0,
spaseqStrat,spa,seqStrat,Estrategia de secuenciación,La estrategia de secuenciación utilizada para un análisis.,NA,2.0.0,2.0.0,added in V2.0.0,
spaseqStratSet,spa,seqStratSet,Conjunto de estrategias de secuenciación,El conjunto para la estrategia de secuenciación utilizada para un análisis.,NA,2.0.0,2.0.0,added in V2.0.0,
spasequence,spa,sequence,Clase de secuencias genéticas,Medidas y métodos relacionados con la secuenciación genética.,NA,2.0.0,2.0.0,added in V2.0.0,
spaserDil,spa,serDil,dilución seriada,Describe un proceso de dilución en serie para la generación de curvas estándar para PCR.,NA,2.2.0,2.2.0,added in V2.2.0,
spaserialDilution,spa,serialDilution,Dilución seriada,El método de dilución en serie para evaluar la inhibición.,NA,2.0.0,2.0.0,added in V2.0.0,
spaseseDep,spa,seseDep,Sedimentos de alcantarillado (obsoleto),Sedimentos obtenidos en alcantarillado.,NA,1.0.0,2.0.0,"depreciated, site material like this now captured in sample table",
spasetCompID,spa,setCompID,ID de conjunto compuesto,Un identificador compuesto generado concatenando el «setID» y el «partID» de una fila determinada en la tabla de conjuntos. Esto permite una clave primaria única y una estructura de base de datos relacional robusta.,NA,2.2.2,2.2.2,added in V 2.2.2,
spasetID,spa,setID,ID de conjunto,El identificador único de un conjunto de valores.,"Un conjunto es un grupo de unidades, atributos, categorías, muestras o compartimentos que se pueden utilizar para una medida, método o atributo.",2.0.0,2.0.0,added in V2.0.0,
spasets,spa,sets,Tabla de búsqueda de conjuntos,"Tabla de consulta para todos los conjuntos, que gestiona cómo se agrupan las entradas categóricas para diversos métodos y atributos.",Esta tabla gestiona las relaciones muchos a muchos y el reciclaje de categorías dentro del ODM.,2.0.0,2.0.0,"reformatted to sets from ""look-up""",
spasetsOrder,spa,setsOrder,Orden de columnas en tabla de conjuntos,Especifica el orden de las columnas en la tabla Conjuntos.,NA,2.0.0,2.0.0,added in V2.0.0,
spasetsRequired,spa,setsRequired,Encabezados obligatorios de tabla de conjuntos,Encabezados obligatorios en la tabla Conjuntos.,NA,2.0.0,2.0.0,added in V2.0.0,
spasettsol,spa,settsol,Sólidos sedimentados,Cantidad de sólidos sedimentados de una muestra de aguas residuales.,Puede ser un volumen o un peso; consulte el unitID de una fila de medida determinada para obtener detalles sobre una muestra determinada.,2.0.0,2.0.0,added in V2.0.0,
spasetType,spa,setType,Tipo de conjunto,"El tipo de conjunto. Es decir, conjunto de calidad, conjunto de agregación, conjunto de unidades.",NA,2.0.0,2.0.0,NA,
spaseverity,spa,severity,Indicador de gravedad,Un indicador de la gravedad o seriedad de una bandera de calidad.,NA,2.0.0,2.0.0,added in V2.0.0,
spasevSet,spa,sevSet,Conjunto de gravedad,Un conjunto para indicadores de gravedad.,NA,2.0.0,2.0.0,added in V2.0.0,
spasewEq,spa,sewEq,Equivalente de aguas residuales,Volumen equivalente no concentrado de aguas residuales o masa de lodos en la reacción PCR.,NA,2.2.0,2.2.0,added in V2.2.0,
spasewerNetworkFileBLOB,spa,sewerNetworkFileBLOB,Enlace de archivo de red de alcantarillado (obsoleto),Enlace a un archivo que contenga información detallada sobre la red de alcantarillado asociada al emplazamiento (cualquier formato).,NA,1.0.0,2.0.0,depreciated,
spasewTrTi,spa,sewTrTi,Tiempo de tránsito de aguas residuales,"Una medida del tiempo de recorrido de las aguas residuales, a menudo aproximada, desde la fuente de las aguas residuales hasta el lugar de muestreo.",NA,2.2.0,2.2.0,added in V2.2.0,
spashaker,spa,shaker,Velocidad de agitación de agitador,La velocidad/nivel de agitación de una placa agitadora/plataforma agitadora.,NA,2.2.0,2.2.0,added in V2.2.0,
spashedSet,spa,shedSet,Conjunto de descarga de muestras,El conjunto para todos los valores válidos de sampleshed.,NA,2.0.0,2.0.0,added in V2.0.0,
spashigella,spa,shigella,Shigella,Shigella,NA,2.2.0,2.2.0,added in V2.2.0,
spashigellaGrp,spa,shigellaGrp,Grupo Shigella,Un grupo de medidas/métodos relacionados con la bacteria Shigella.,Se utiliza para describir la información del organismo para medidas generales.,2.2.0,2.2.0,added in V2.2.0,
spaship,spa,ship,Barco,Un crucero u otro tipo de barco.,NA,2.0.0,2.0.0,added in V2.0.0,
spashipOnIce,spa,shipOnIce,Enviado con hielo,¿Se mantuvo la muestra refrigerada durante su transporte al laboratorio?,NA,1.0.0,2.0.0,added in V2.0.0,
spashortName,spa,shortName,Nombres cortos,Nombres abreviados para tablas y otras partes importantes para su uso en nombres amplios.,NA,2.0.0,2.0.0,added in V2.0.0,
spashortRead,spa,shortRead,Longitudes de lectura más cortas de lo esperado,Las longitudes de lectura son más cortas de lo esperado.,NA,2.3.0,2.3.0,added in v 2.3.0,
spashortSets,spa,shortSets,Tipo de conjunto de nombres cortos o abreviados,Conjuntos utilizados para agrupar nombres cortos de tablas o tipos de piezas en ODM.,NA,3.0.0,3.0.0,added in V3.0.0,
spashrtNameSet,spa,shrtNameSet,Conjunto de nombres cortos,"El nombre corto abreviado utilizado para hacer referencia a la tabla que contiene información sobre direcciones. Las direcciones se pueden registrar para sitios, organizaciones o contactos (individuos). ",NA,2.2.2,2.2.2,added in V 2.2.2,
spasi,spa,si,Nombre corto de tabla de sitios,El nombre corto abreviado utilizado para hacer referencia a la tabla que contiene información sobre un sitio; la ubicación donde se tomó una muestra ambiental.,tabla,2.2.2,2.2.2,added in V 2.2.2,
spasin,spa,sin,Único,"Un valor que no es una medida agregada (es decir, no es una media, mediana, máximo o cualquier otra) y puede ser un valor replicado.",NA,1.0.0,2.0.0,NA,
spasinLay,spa,sinLay,Disposición única,Especifica el diseño único para un método de secuenciación.,NA,2.0.0,2.0.0,added in V2.0.0,
spasinProbeOne,spa,sinProbeOne,RT-qPCR uniplex con sonda en un solo paso,"Describe un método de PCR que es simple, basado en sondas y RT-qPCR de un solo paso.",NA,2.2.0,2.2.0,added in V2.2.0,
spasiSaSpecimenSet,spa,siSaSpecimenSet,Conjunto de especímenes de sitio o muestra,Conjunto de muestras que incluye muestras del sitio o muestras de muestra.,NA,2.0.0,2.0.0,added in V2.0.0,
spasiSpecimenSet,spa,siSpecimenSet,Conjunto de especímenes de sitio,Conjunto de muestras que incluye solo muestras del sitio.,NA,2.0.0,2.0.0,added in V2.0.0,
spasit,spa,sit,Sitio,Medida realizada en un compartimento o propiedad en un sitio.,"Un ejemplo es el caudal de aguas residuales, tomado en una planta de tratamiento de aguas residuales.",2.0.0,2.0.0,added in V2.0.0,
spasiteDef,spa,siteDef,ID de sitio predeterminado,Se utiliza como valor predeterminado cuando este reportero crea una nueva muestra. Véase ID en la tabla Sitio.,"Obsoleto en la versión 2, no lo utilice. Simplemente rellene el SiteID estándar.",1.0.0,2.0.0,depreciated,
spasiteFeat,spa,siteFeat,Grupo de características del sitio,Un grupo de medidas/métodos ambientales y aquellos relacionados con las características de un sitio.,NA,2.0.0,2.0.0,added in V2.0.0,
spasiteID,spa,siteID,ID de sitio,Identificador único de la ubicación donde se tomó una muestra.,NA,1.0.0,2.0.0,"description wording, structure",
spasiteMeasureID,spa,siteMeasureID,ID de medida del sitio,Identificador único solo para la tabla amplia. Se utiliza cuando todas las medidas se realizan en una sola muestra.,Obsoleto en la versión 2. siteMeasures,1.0.0,2.0.0,depreciated,
spasites,spa,sites,Tabla de sitios,La tabla que contiene información sobre un sitio; la ubicación donde se tomó una muestra ambiental.,El sitio de una muestra medioambiental. La información de la tabla del sitio no cambia con regularidad. Considere la posibilidad de utilizar la tabla MeasureReport si la información cambia con frecuencia. ,1.0.0,2.0.0,"description wording, structure",
spasitesOrder,spa,sitesOrder,Orden de columnas de tabla de sitios,Especifica el orden de las columnas en una tabla de sitios.,NA,2.0.0,2.0.0,added in V2.0.0,
spasitesRequired,spa,sitesRequired,Encabezados obligatorios de tabla de sitios,Especifica las columnas necesarias en una tabla de sitios.,NA,2.0.0,2.0.0,added in V2.0.0,
spasiteType,spa,siteType,Tipo de sitio,Tipo de sitio o institución donde se tomó la muestra.,NA,1.0.0,2.0.0,"description wording, structure",
spasiteTypeSet,spa,siteTypeSet,Conjunto de sitios,Establecido para el tipo de sitio de muestreo.,NA,2.0.0,2.0.0,added in V2.0.0,
spaskimMilkFloc,spa,skimMilkFloc,Floculación con leche descremada,Floculación de leche desnatada,NA,2.0.0,2.0.0,added in V2.0.0,
spaslod,spa,slod,Límite de detección (LOD) de la muestra,"El nivel mínimo de un objetivo dentro de una muestra que sería detectable de forma consistente teniendo en cuenta todos los pasos de procesamiento de la muestra, desde la concentración de la muestra hasta los pasos de amplificación y cuantificación de RT-qPCR, incluidos estos. En este protocolo, el SLOD es el ALOD ajustado por el factor de concentración, que proporciona una estimación teórica de la concentración mínima en la muestra original que daría lugar a una detección consistente del objetivo, suponiendo que no haya pérdidas en el método.",NA,2.2.0,3.0.0,changed quality indicator set from general to measure.,
spaslope,spa,slope,pendiente,Valor de la pendiente de la curva de calibración.,"Se utiliza para almacenar información sobre la curva de calibración, aunque también puede aplicarse a otros tipos de curvas.",2.0.0,2.0.0,added in V2.0.0,
spasnfl,spa,snfl,Enlace de archivo de red de alcantarillado (obsoleto 2),Enlace a un archivo que contenga información detallada sobre la red de alcantarillado asociada al emplazamiento (cualquier formato).,Obsoleto en la versión 2. Este atributo se ha cambiado a referenceLink. Utilice po_referenceLink para especificar el enlace del polígono al archivo de la red de alcantarillado.,1.0.0,2.0.0,depreciated,
spasnowy,spa,snowy,Nevado,"Categoría cualitativa para la medida meteorológica, que especifica un día nevado.",NA,2.0.0,2.0.0,"added in V2.0.0, github issue #124 and #204",
spasol,spa,sol,Fracción sólida (general),Fracción sólida de una muestra.,NA,1.0.0,2.0.0,"description wording, structure",
spasolDry,spa,solDry,Fracción sólida (seca),"Fracción sólida de una muestra: se analiza el material seco mediante secado, horneado, etc. de lodos u otros sólidos.",NA,2.3.0,2.3.0,added in v2.3.0 for mapping support,
spasolid,spa,solid,Sólidos/pellets retenidos,Los sólidos o gránulos se retienen después de la separación de sólidos/centrifugación.,NA,2.2.0,2.2.0,added in V2.2.0,
spasolidSep,spa,solidSep,Separación de sólidos,Proceso utilizado para separar las fases sólida y líquida de la muestra. ,La separación de sólidos se utiliza antes o en ausencia del método de concentración especificado en «methodConc».,2.0.0,2.0.0,added in V2.0.0,
spasolidSeparationSet,spa,solidSeparationSet,Conjunto de separación de sólidos,Conjunto para la separación de sólidos.,NA,2.0.0,2.0.0,added in V2.0.0,
spasolWet,spa,solWet,Fracción sólida (húmeda),"Fracción sólida de una muestra: se analiza el material húmedo, sin secarlo. Ejemplo: lodos.",NA,2.3.0,2.3.0,added in v2.3.0 for mapping support,
spasource,spa,source,Fuente de nombre amplio,Base de datos o tabla de la que se obtiene el nombre amplio.,NA,2.2.0,2.2.0,added in V2.2.0,
spasourceProtocol,spa,sourceProtocol,ID de protocolo fuente,Un protocolo que sirvió de base para otro protocolo. Esto puede deberse a cambios de versión o a una referencia a un protocolo que se adaptó posteriormente.,Rellene con protocolID.,2.0.0,2.0.0,added in V2.0.0,
spasourceStep,spa,sourceStep,ID de paso de protocolo fuente,Especifica el paso del protocolo que sirve de base para un paso determinado del protocolo.,Rellenar con un ID de paso del protocolo (stepID).,2.0.0,2.0.0,added in V2.0.0,
spasovereignty,spa,sovereignty,Estado soberano del país,"Estatus soberano de un país, que indica qué estado tiene la máxima jurisdicción sobre un territorio determinado.","Preprogramado en tablas de diccionario, no editable por los usuarios.",2.1.0,2.1.0,added in V2.1.0,
spaspecHum,spa,specHum,Humedad específica,"Medida de la humedad específica, cuya unidad es la relación entre la masa de vapor de agua y la masa total de aire.",NA,2.0.0,2.0.0,added in V2.0.0,
spaspecHumidUnitSet,spa,specHumidUnitSet,Conjunto de unidades de humedad específica,Conjunto de unidades para la humedad específica.,NA,2.0.0,2.0.0,added in V2.0.0,
spaspecifies,spa,specifies,Especifica,Especifica que el paso o protocolo del objeto se produce y detalla el paso o protocolo del sujeto en el contenedor del protocolo general.,Utilizar solo para la tabla protocolRelationships relationshipID.,2.0.0,2.0.0,added in V2.0.0,
spaspecimen,spa,specimen,Especimen,La sustancia o cosa sobre la que se realizó la observación.,"Las muestras incluyen: sitio, muestra, persona y población.",2.0.0,2.0.0,added in V2.0.0,
spaspecimenInput,spa,specimenInput,Entrada de espécimen (tabla ancha),El ID de la parte del especímene que se utiliza en un nombre amplio.,NA,2.2.0,2.2.0,added in V2.2.0,
spaspecimenName,spa,specimenName,Nombre del espécimen (tabla ancha),El especímenes a la que se hace referencia para el nombre amplio.,NA,2.2.0,2.2.0,added in V2.2.0,
spaspecimens,spa,specimens,Especímenes,"Las medidas o observaciones se toman de tres tipos de sustancias: poblaciones (humanas o áreas geográficas), muestras y sitios.",Véase partID = specimentID,2.0.0,2.0.0,added in V2.0.0,
spaspecimenSet,spa,specimenSet,Encabezado de conjunto de especímenes,Identificación de un conjunto de especímenes que se puede aplicar a una medida o método.,NA,2.2.2,2.2.2,added in 2.2.2,
spaspecimenSets,spa,specimenSets,Conjuntos de especímenes,Conjuntos de especímenes.,Los conjuntos de muestras se utilizan cuando se puede registrar una medida o un atributo para más de una muestra.,2.0.0,2.0.0,added in V2.0.0,
spaspeed,spa,speed,Clase de velocidad,Medidas y métodos relacionados con la velocidad.,NA,2.0.0,2.0.0,added in V2.0.0,
spaspeedUnitSet,spa,speedUnitSet,Conjunto de unidades de velocidad,"Conjunto de unidades para informar sobre velocidades (velocidad de centrifugación, etc.).",NA,2.2.0,2.2.0,added in V2.2.0,
spaspike,spa,spike,Matriz de pico y recuperación,La matriz de adición y el método de recuperación para evaluar la inhibición.,NA,2.0.0,2.0.0,added in V2.0.0,
spaspikeConc,spa,spikeConc,Concentración de pico,Concentración del objetivo de eficiencia de recuperación en una matriz de adición y ensayo de recuperación.,NA,2.2.0,2.2.0,added in V2.2.0,
spaspikeMat,spa,spikeMat,Material de pico,Material al que se añade el objetivo de control de la eficiencia de recuperación.,NA,1.0.0,2.0.0,description wording,
spaspikeMatSet,spa,spikeMatSet,Conjunto de materiales de pico,Conjunto para spikeMat (material al que se añade el objetivo de control de la eficiencia de recuperación).,NA,2.0.0,2.0.0,added in V2.0.0,
spaspikeTarget,spa,spikeTarget,Diana de eficiencia de recuperación,Método que especifica el objetivo de control de la eficiencia de recuperación. Esto coincide con el ID del método del material de adición.,Normalmente debe indexarse como un paso previo al paso spikeMaterial methodID.,2.0.0,2.0.0,added in V2.0.0,
spaspikeTargetSet,spa,spikeTargetSet,Conjunto de dianas de eficiencia de recuperación,El conjunto que captura todas las categorías válidas para el objetivo de control de la eficiencia de recuperación (o adición).,NA,2.0.0,2.0.0,added in V2.0.0,
spaspill,spa,spill,Muestra derramada,Contenido de la muestra derramado del recipiente.,NA,2.0.0,2.0.0,added in V2.0.0,
spasSludge,spa,sSludge,Lodo del clarificador secundario,Lodos producidos por clarificadores secundarios.,NA,1.0.0,2.0.0,NA,
spasss,spa,sss,Refugio de servicios sociales,Otro tipo de refugio de servicios sociales.,NA,2.0.0,2.0.0,added in V2.0.0,
spastabPnd,spa,stabPnd,Estanque de estabilización,Especifica un tipo de emplazamiento que es un estanque diseñado y construido para el tratamiento de aguas residuales con el fin de reducir el contenido orgánico y eliminar los patógenos de las aguas residuales.,NA,1.0.0,2.0.0,"description wording, structure",
spastandardConc,spa,standardConc,Clase de concentraciones estándar,Medidas y métodos relacionados con las concentraciones estándar.,NA,2.0.0,2.0.0,added in V2.0.0,
spastandardCurve,spa,standardCurve,Clase de curva estándar,Medidas y métodos relacionados con la generación o el registro de una curva estándar.,NA,2.0.0,2.0.0,added in V2.0.0,
spastaphGrp,spa,staphGrp,Grupo Staphylococcus,Grupo de medidas/métodos relacionados con la bacteria estafilococo.,Se utiliza para describir la información del organismo para medidas generales.,2.2.0,2.2.0,added in V2.2.0,
spastateProvLevel,spa,stateProvLevel,"Departamentos, estados o provincias","Departamentos, estados o provincias",NA,2.0.0,3.0.0,"Reactivated as organization level and sector categorical inputs, rather than attributes.",
spastateProvReg,spa,stateProvReg,"Estado, provincia o región","El estado, provincia o región donde se encuentra un sitio u organización; parte de la dirección.",NA,1.0.0,2.0.0,"description wording, structure",
spastatus,spa,status,Estado,Si la pieza sigue activa y se puede utilizar en la versión más reciente de ODM. Los valores son «activo» o «inactivo».,El estado de la parte o lista. «Activo» significa que la parte se utiliza en la versión del diccionario. «Inactivo» significa que la parte se ha retirado y ya no se utiliza en la versión.,1.0.0,2.0.0,added in V2.0.0,
spastatusSet,spa,statusSet,Conjunto de estados,Un conjunto para partID = Status para indicar si una pieza está en uso actualmente o no.,NA,2.0.0,2.0.0,added in V2.0.0,
spastdConcentrationUnitSet,spa,stdConcentrationUnitSet,Conjunto de unidades de concentración estándar,Conjunto de unidades para mediciones de concentración.,NA,2.0.0,2.0.0,added in V2.0.0,
spastdCurveMet,spa,stdCurveMet,Método de cálculo de curva estándar,Describe el enfoque específico utilizado para calcular una curva estándar.,NA,2.2.0,2.2.0,added in V2.2.0,
spastdCurveSet,spa,stdCurveSet,Conjunto de cálculo de curva estándar,El conjunto que contiene todos los métodos válidos para los cálculos de la curva estándar de PCR.,NA,2.2.0,2.2.0,added in V2.2.0,
spastec,spa,stec,Escherichia coli productora de toxina Shiga (STEC),Escherichia coli productora de toxina Shiga (STEC).,NA,2.1.0,2.1.0,added in V2.1.0,
spasTemp,spa,sTemp,Temperatura de almacenamiento,Temperatura a la que se almacena la muestra en grados Celsius.,NA,1.0.0,2.0.0,NA,
spastepID,spa,stepID,ID del paso del protocolo,El identificador único de un paso específico del protocolo.,"Los pasos del protocolo son los componentes de protocolos más amplios, que a su vez están vinculados a informes de medidas específicos.",2.0.0,2.0.0,added in V2.0.0,
spastepIDObj,spa,stepIDObj,Objeto ID del paso,"El objeto de la relación entre un paso del protocolo y otro paso o protocolo, dentro de un contenedor de ID de protocolo determinado.","Rellene este campo utilizando el ID del paso del protocolo (partID = stepID). Junto con «protocolIDSub» o «stepIDSub» y «relationshipID», la fila de «protocolRelationships» debe decir: [protocolIDSubject o stepIDSubject]  [relationshipID] [protocolIDObject o stepIDObject]. Ejemplo: stepIDSubject  precede a protocolIDObject.",2.0.0,2.0.0,added in V2.0.0,
spastepIDSub,spa,stepIDSub,Sujeto ID del paso,"El sujeto de la relación entre un paso del protocolo y otro paso o protocolo, dentro de un contenedor de ID de protocolo determinado.","Rellene este campo utilizando el ID del protocolo (partID = stepID). Junto con «protocolIDSub» o «stepIDSub» y «relationshipID», la fila de «protocolRelationships» debe indicar: [protocolIDSubject o stepIDSubject]  [relationshipID] [protocolIDObject o stepIDObject]. Ejemplo: stepIDSubject  precede a protocolIDObject.",2.0.0,2.0.0,added in V2.0.0,
spastepProvenanceID,spa,stepProvenanceID,ID del paso padre del método,Un paso del método que sirvió de base para otro paso del método. Esto puede deberse a cambios de versión o a una referencia a un conjunto de métodos que se adaptó posteriormente.,NA,2.0.0,2.0.0,added in V2.0.0,
spastepVer,spa,stepVer,Versión del paso del protocolo,Especifica la versión de un paso del protocolo determinado.,Versión del paso del método. Se recomienda el uso de versiones semánticas.,1.0.0,2.0.0,"description wording, structure",
spastEr,spa,stEr,Error estándar,El error estándar de una serie de mediciones.,NA,2.2.0,2.2.0,added in V2.2.0,
spastercobilin,spa,stercobilin,Estercobilina,La estercobilina es un pigmento biliar tetrapirrólico y es uno de los productos finales del catabolismo del hemo. Es la sustancia química responsable del color marrón de las heces humanas y se aisló por primera vez de las heces en 1932.,NA,2.2.0,2.2.0,added in V2.2.0,
spastorTempDef,spa,storTempDef,Archivo binario de red de alcantarillado,Un blob de archivo que contiene información detallada sobre la red de alcantarillado asociada al sitio (cualquier formato).,"Obsoleto en la versión 2, no lo utilice. Consulte WKT y EPSG en su lugar.",1.0.0,2.0.0,depreciated,
spastoTim,spa,stoTim,Tiempo de almacenamiento,Tiempo que una muestra ha permanecido almacenada.,NA,2.0.0,2.0.0,added in V2.0.0,
spastrepGrp,spa,strepGrp,Grupo Streptococcus,Un grupo de medidas/métodos relacionados con la bacteria estreptococo.,Se utiliza para describir la información del organismo para medidas generales.,2.2.0,2.2.0,added in V2.2.0,
spastrepPneu,spa,strepPneu,Streptococcus pneumoniae,Streptococcus pneumoniae,NA,2.2.0,2.2.0,added in V2.2.0,
spasu,spa,su,Nombre corto de hoja de resumen,El nombre abreviado que se utiliza para hacer referencia a la hoja de resumen del archivo dictionary.xlxs.,Compatibilidad con hojas,2.2.2,3.0.0,depreciated in version 3,
spasubVar,spa,subVar,Subvariante o linaje,Una unidad utilizada para informar de un linaje genético específico o para especificar que una variante notificada es una subvariante de otra.,Combinar en un informe de medidas si es necesario.,2.0.0,2.0.0,"added in V2.0.0, github issue #120",
spasuc,spa,suc,Sucralosa,Sucralosa (normalmente medida como indicador químico fecal humano),NA,2.2.0,2.2.0,added in V2.2.0,
spasum14,spa,sum14,Suma móvil de los 14 días anteriores,La suma acumulada del recuento de casos o algún tipo de recuento durante los 14 días anteriores.,Agregación para una medida de población o enfermedad para explicar los efectos clínicos a nivel de población.,2.2.0,2.2.0,added in V2.2.0,
spasumm,spa,summ,Resumen,Breve descripción del ensayo y en qué se diferencia de otros métodos de ensayo.,NA,1.0.0,2.0.0,"description wording, structure",
spasummary,spa,summary,Hoja de resumen,Hoja resumen del archivo dictionary.xlxs.,La hoja de resumen contiene el control de versiones y el registro de cambios.,2.0.0,2.0.0,added in V2.0.0,
spasunny,spa,sunny,Soleado,"Categoría cualitativa para la medida meteorológica, que especifica un día claro y soleado.",NA,2.0.0,2.0.0,"added in V2.0.0, github issue #124 and #204",
spasurf,spa,surf,Compartimiento superficial,Medida u observación realizada a partir de una sustancia en una superficie.,NA,2.0.0,2.0.0,added in V2.0.0,
spasurface,spa,surface,Otra superficie,Superficie distinta del suelo o el escritorio.,Véanse también las categorías para suelo y escritorio. ,2.0.0,2.0.0,added in V2.0.0,
spasurfaceCompartmentSet,spa,surfaceCompartmentSet,Conjunto de compartimientos superficiales,Compartimento establecido para medidas y métodos en el compartimento de superficie.,NA,2.0.0,2.0.0,added in V2.0.0,
spasurfaceWaterCompartmentSet,spa,surfaceWaterCompartmentSet,Conjunto de compartimientos de superficie y agua,Compartimento establecido para medidas y métodos en los compartimentos de superficie o agua.,NA,2.0.0,2.0.0,added in V2.0.0,
spasurfSw,spa,surfSw,Hisopo superficial,Hisopo de superficie.,NA,2.0.0,2.0.0,added in V2.0.0,
spaswgTrck,spa,swgTrck,Camión de aguas residuales,Camión de alcantarillado,NA,1.0.0,2.0.0,"description wording, structure",
spaswrSed,spa,swrSed,Sedimento de alcantarillado,Sedimentos obtenidos en el alcantarillado,NA,1.0.0,2.0.0,NA,
spaswrSet,spa,swrSet,Área de captación del alcantarillado,Área de captación del alcantarillado.,NA,1.0.0,2.0.0,Name Change (from Polygon Type),
spasynthetic,spa,synthetic,Muestra sintética,Muestra sintética o generada artificialmente.,"Las muestras sintéticas se crean artificialmente mezclando cantidades conocidas de sustancias u organismos objetivo con agua limpia, a menudo en un entorno de laboratorio. Estas muestras se utilizan como controles, puntos de referencia o estándares de calibración durante el proceso de análisis para garantizar resultados precisos y fiables. Por ejemplo, una muestra sintética que contenga una concentración conocida de un contaminante específico podría utilizarse para calibrar equipos analíticos o para probar la eficacia de un nuevo método de detección.",2.0.0,2.0.0,"added in V2.0.0, GitHub issue #94",
spat19r,spa,t19r,Diana génica t19r (variante Delta),Gen objetivo de la mutación de la variante delta t19r,NA,2.0.0,2.0.0,added in V2.0.0,
spat3646a,spa,t3646a,Diana génica t3646a (variante Delta),Gen objetivo de la mutación de la variante delta t3646a,NA,2.0.0,2.0.0,added in V2.0.0,
spat547k,spa,t547k,Diana génica t547k (variante Ómicron),Gen objetivo de la mutación de la variante ómicron t547k,NA,2.0.0,2.0.0,added in V2.0.0,
spat9i,spa,t9i,Diana génica t9i (variante Ómicron),Gen objetivo de la mutación de la variante ómicron t9i,NA,2.0.0,2.0.0,added in V2.0.0,
spatables,spa,tables,Tablas,"Las tablas son donde se registran las medidas, los métodos y los atributos. Las tablas representan las principales entidades de la vigilancia ambiental. Allí","Un ejemplo de una  tabla es «site», una colección de atributos como el nombre y la dirección del sitio para describir dónde se toman las muestras ambientales. PHES-ODM tiene tablas de informes, pero los usuarios también pueden crear sus propias tablas.",2.0.0,2.0.0,added in V2.0.0,
spatableSet,spa,tableSet,Conjunto de columnas de tabla,El conjunto de entradas válidas en las columnas de la tabla.,"Estas categorías se utilizan en la lista de piezas para las columnas que llevan el nombre de las tablas, con el fin de indicar la posición y la función de una pieza determinada en el diagrama de relaciones entre entidades del modelo de datos.",2.0.0,2.0.0,added in V2.0.0,
spatableSupport,spa,tableSupport,Soporte de tabla,Partes diseñadas para respaldar la definición de metadatos de las tablas en la tabla de partes.,NA,2.0.0,2.0.0,added in V2.0.0,
spataqpatN,spa,taqpatN,Diana génica N de SARS-CoV-2 (TaqPath),TaqPath N sars-cov-2 mutación genética objetivo,NA,2.0.0,2.0.0,added in V2.0.0,
spataqpatS,spa,taqpatS,Diana génica S de SARS-CoV-2 (TaqPath),TaqPath N sars-cov-2 mutación genética objetivo,NA,2.0.0,2.0.0,added in V2.0.0,
spatemp,spa,temp,Temperatura de muestra,Temperatura de la muestra medida en grados Celsius.,NA,1.0.0,2.0.0,"description wording, structure",
spatemperature,spa,temperature,Clase de temperatura,Medidas y métodos relacionados con las temperaturas.,NA,2.0.0,2.0.0,added in V2.0.0,
spatemperatureUnitSet,spa,temperatureUnitSet,Conjunto de unidades de temperatura,Conjunto de unidades para mediciones de temperatura.,NA,2.0.0,2.0.0,added in V2.0.0,
spatemplateSheetSet,spa,templateSheetSet,Conjunto de hojas plantilla,Hojas de cálculo en la plantilla genérica completa de vigilancia ODM (todas las tablas).,NA,2.0.0,2.0.0,added in V2.0.0,
spatempSet,spa,tempSet,Conjunto de plantillas,Conjunto organizativo para plantillas.,NA,2.2.0,2.2.0,Added in V 2.2.0,
spatempType,spa,tempType,Tipo de plantilla de ácido nucleico,Especifica si una PCR o secuenciación utilizó ARN o ADN como molde para la reacción.,NA,2.2.0,2.2.0,added in V2.2.0,
spatempVol,spa,tempVol,Volumen de plantilla de ácido nucleico,El volumen de molde de ADN o ARN utilizado para la PCR. ,NA,2.0.0,2.0.0,added in V2.0.0,
spaterminal,spa,terminal,Terminal de aeropuerto,Tipo de categoría de muestra de la terminal del aeropuerto,NA,2.0.0,2.0.0,added in V2.0.0,
spatesDate,spa,tesDate,Fecha de prueba,Fecha en la que se realizó la prueba de COVID-19.,NA,1.0.0,2.0.0,depreciated,
spatest,spa,test,Número de pruebas realizadas,Número de pruebas realizadas.,NA,1.0.0,2.0.0,now a unit for any group or biologic infection,
spatesting,spa,testing,Prueba de protocolo,Medida o muestra tomada para probar un nuevo método. Estas medidas se utilizan normalmente para uso interno del laboratorio y no se comunican a socios externos.,NA,2.0.0,2.0.0,added in V2.0.0,
spatetAMRGrp,spa,tetAMRGrp,Grupo de resistencia a tetraciclina,Grupo de medidas y métodos relacionados con la resistencia antimicrobiana relacionada con la tetraciclina.,NA,2.1.0,2.1.0,added in V2.1.0,
spatetW,spa,tetW,Diana génica TetW (resistencia a tetraciclina),"Gen tetW, objetivo de la resistencia antimicrobiana a la tetraciclina.",NA,2.2.0,2.2.0,added in V2.2.0,
spathermMag,spa,thermMag,Kit Thermo MagMAX Microbiome Ultra para aislamiento de ácidos nucleicos,Extracción de ácido nucleico realizada con el kit de aislamiento de ácido nucleico Thermo Magmax Microbiome Ultra.,NA,2.0.0,2.0.0,added in V2.0.0,
spathermMagmax,spa,thermMagmax,Kit Thermo MagMAX Viral/Pathogen para aislamiento de ácidos nucleicos,Kit de aislamiento de ácido nucleico viral/patógeno Thermo Magmax.,NA,2.2.0,2.2.0,added in V2.2.0,
spatimeClass,spa,timeClass,Clase temporal,Medidas y métodos relacionados con el tiempo.,NA,2.0.0,3.0.0,"partID changed from ""time"" to ""timeClass""",
spatimePr,spa,timePr,Muestra proporcional al tiempo,"Muestra compuesta proporcional al tiempo, generalmente recogida por un muestreador automático.",Utilice collectionPeriod para describir cuántas horas se tomó la muestra.,1.0.0,2.0.0,Removed time period. Use collection period (collectPer) = 24 for 24hr sample,
spatimeUnitSet,spa,timeUnitSet,Conjunto de unidades de tiempo,La unidad establecida para las medidas de tiempo.,NA,2.0.0,2.0.0,added in V2.0.0,
spatkn,spa,tkn,Nitrógeno total Kjeldahl,"Una medida del nitrógeno total Kjeldahl; es decir, la suma del nitrógeno ligado a sustancias orgánicas, el nitrógeno en amoníaco (NH3-N) y en amonio (NH4+-N) en el análisis químico del suelo, el agua o las aguas residuales.",NA,2.0.0,2.0.0,added in V2.0.0,
spatld,spa,tld,Dominio de nivel superior del código de país,"El dominio de nivel superior de Internet generalmente utilizado o reservado para un país, estado soberano o territorio dependiente identificado con un código de país.","Preprogramado en tablas de diccionario, no editable por los usuarios.",2.1.0,2.1.0,added in V2.1.0,
spatn,spa,tn,Nitrógeno total,"Concentración total de nitrógeno, como N.",NA,1.0.0,2.0.0,"description wording, structure",
spatotal,spa,total,Cantidad total o conteo – la suma,"El número total o recuento final de casos, u otra métrica definida.",Agregación para una medida de población o enfermedad para explicar los efectos clínicos a nivel de población.,2.2.0,2.2.0,added in V2.2.0,
spatp24s,spa,tp24s,Muestra proporcional al tiempo de 24 horas,"Una muestra compuesta de 24 horas proporcional al tiempo, generalmente recogida por un muestreador automático.",NA,1.0.0,2.0.0,depreciated,
spatPallidum,spa,tPallidum,Treponema pallidum,Treponema pallidum,NA,2.2.0,2.2.0,added in V2.2.0,
spatr,spa,tr,Nombre corto de tabla de búsqueda de traducciones,"Nombre abreviado utilizado para hacer referencia a la tabla de consulta para las traducciones de la descripción, la etiqueta y las instrucciones de todas las partes.",tabla,2.2.2,2.2.2,added in V 2.2.2,
spatrain,spa,train,Tren,Serie de vagones de ferrocarril movidos como una unidad por una locomotora o por motores integrales.,NA,2.2.3,2.2.3,added in v2.2.3,
spatranslationID,spa,translationID,ID sintético para la tabla de traducciones,ID único e autoincremental generado para producir un identificador único y una clave principal para cada fila de la tabla de traducciones.,NA,2.2.0,2.2.0,added in V2.2.0,
spatranslations,spa,translations,Tabla de búsqueda de traducciones,"Tabla de consulta para las traducciones de la descripción, la etiqueta y las instrucciones de todas las piezas.",El idioma predeterminado si no se especifica una traducción es el inglés.,2.0.0,2.0.0,added in V2.0.0,
spatranslationsOrder,spa,translationsOrder,Orden de columnas en tabla de traducciones,Especifica el orden de las columnas en la tabla de traducciones.,NA,2.0.0,2.0.0,added in V2.0.0,
spatranslationsRequired,spa,translationsRequired,Encabezados obligatorios de tabla de traducciones,Encabezados obligatorios en la tabla de traducciones.,NA,2.0.0,2.0.0,added in V2.0.0,
spatreponemaGrp,spa,treponemaGrp,Grupo Treponema,Un grupo de medidas/métodos relacionados con la bacteria treponema.,Se utiliza para describir la información del organismo para medidas generales.,2.2.0,2.2.0,added in V2.2.0,
spatrichomonasGrp,spa,trichomonasGrp,Grupo Trichomonas,Un grupo de medidas/métodos relacionados con la bacteria trichomonas.,Se utiliza para describir la información del organismo para medidas generales.,2.2.0,2.2.0,added in V2.2.0,
spatriturator,spa,triturator,Triturador de aguas residuales,Lugar donde los vehículos de transporte de aguas residuales descargan las aguas residuales.,NA,2.2.3,2.2.3,added in v 2.2.3,
spatrizol,spa,trizol,"Trizol, perlas magnéticas Zymo con purificación y concentración","Extracción de ácido nucleico realizada mediante el método trizol, zymo mag beads con zymo clean y concentrador.",NA,2.0.0,2.0.0,added in V2.0.0,
spatrizolEtOH,spa,trizolEtOH,"Trizol, agitación con perlas de granate, precipitación con alcohol","trizol, batido con perlas de granate, precipitación con alcohol.",NA,2.2.0,2.2.0,added in V2.2.0,
spatrizolRNA,spa,trizolRNA,Trizol y kit de purificación de ARN,trizol y kit de purificación de ARN.,NA,2.2.0,2.2.0,added in V2.2.0,
spatrStat,spa,trStat,Estación de tren,Lugar de una línea ferroviaria donde los trenes se detienen regularmente para que los pasajeros puedan subir o bajar.,NA,2.2.3,2.2.3,added in v2.2.3,
spats,spa,ts,Concentración de sólidos totales,Concentración total de sólidos.,NA,1.0.0,2.0.0,"description wording, structure",
spatss,spa,tss,Sólidos suspendidos totales,Sólidos totales en suspensión.,NA,1.0.0,2.0.0,"description wording, structure",
spatssConc,spa,tssConc,Concentración de sólidos suspendidos totales,Concentración total de sólidos en suspensión de las aguas residuales.,NA,1.0.0,2.0.0,"description wording, structure",
spatuberculosisGrp,spa,tuberculosisGrp,Grupo de tuberculosis,Conjunto de medidas/métodos relacionados con la tuberculosis.,Se utiliza para describir la información del organismo para medidas generales.,2.2.0,2.2.0,added in V2.2.0,
spatularemiaGrp,spa,tularemiaGrp,Grupo Francisella tularensis (tularemia),Conjunto de medidas/métodos relacionados con la Francisella tularensis.,Se utiliza para describir la información del organismo para medidas generales.,2.2.0,2.2.0,added in V2.2.0,
spaturb,spa,turb,Turbidez,"Una medida de la turbidez del agua o de una muestra líquida, que cuantifica la claridad o opacidad relativa de un líquido. Muy indicativa de la calidad del agua.",NA,1.0.0,2.0.0,github issue #122,
spaturbidity,spa,turbidity,Clase de turbidez,Medidas y métodos relacionados con la turbidez del agua y las aguas residuales.,NA,2.0.0,2.0.0,added in V2.0.0,
spaturbidityUnitSet,spa,turbidityUnitSet,Conjunto de unidades de turbidez,Unidad establecida para las mediciones de turbidez.,NA,2.0.0,2.0.0,added in V2.0.0,
spatVaginalis,spa,tVaginalis,Trichomonas vaginalis,Trichomonas vaginalis,NA,2.2.0,2.2.0,added in V2.2.0,
spatWeighE,spa,tWeighE,Peso del tubo vacío,El peso del tubo utilizado para el análisis cuando está vacío.,NA,2.0.0,2.0.0,added in V2.0.0,
spatWeighF,spa,tWeighF,Peso del tubo lleno,El peso del tubo utilizado para el análisis cuando está lleno de analito.,NA,2.0.0,2.0.0,added in V2.0.0,
spatyOtDep,spa,tyOtDep,Otro tipo (obsoleto),Descripción de otro tipo de muestra no incluida en,NA,1.0.0,2.0.0,depreciated,
spatyOtDep2,spa,tyOtDep2,Otro tipo (obsoleto 2),Descripción del sitio cuando este no aparece en la lista. Véase siteType.,NA,1.0.0,2.0.0,depreciated,
spauCampus,spa,uCampus,Campus universitario,Campus universitario o de instituto: comprende todo un campus o parte de un campus.,Véase también «Residencia de educación superior».,1.1.0,2.0.0,added in version 1.1,
spaugG,spa,ugG,Microgramos por gramo,Microgramos por gramo,NA,2.2.0,2.2.0,added in V2.2.0,
spaugL,spa,ugL,Microgramos por litro,Microgramos por litro,NA,2.2.0,2.2.0,added in V2.2.0,
spaugmg,spa,ugmg,Microgramos por miligramo,Unidad de concentración de microgramos por miligramo.,NA,2.2.0,2.2.0,added in V2.2.0,
spauL,spa,uL,Microlitros,La unidad de microlitros.,NA,2.2.0,2.2.0,added in V2.2.0,
spaundisc,spa,undisc,No revelado,"Se ha registrado un valor, pero no se ha incluido en el conjunto de datos.",Indicador de valor perdido para datos que no se han compartido ni divulgado con terceros.,1.0.0,2.0.0,added in V2.0.0,
spaunique,spa,unique,Muestra única,"Muestra única, no duplicada.",NA,2.0.0,2.0.0,"added in V2.0.0, GitHub issue #94",
spaunit,spa,unit,Unidad,Las unidades de una medida.,Diferentes unidades que se utilizan para describir los valores de medición. Las unidades se combinan en UnitSetIDs. Solicite nuevas unidades creando una incidencia en el repositorio ODM.,1.0.0,2.0.0,added in V2.0.0,
spaunitInput,spa,unitInput,Entrada de unidad (tabla ancha),El partID de la unidad que se utiliza en un nombre amplio.,NA,2.2.0,2.2.0,added in V2.2.0,
spaunitless,spa,unitless,Medida sin unidad,"Una unidad para medidas sin unidades, como el pH.",NA,2.0.0,2.0.0,added in V2.0.0,
spaunitlessUnitSet,spa,unitlessUnitSet,Conjunto de unidades sin unidad,Conjunto de unidades para mediciones que no tienen unidades.,NA,2.0.0,2.0.0,added in V2.0.0,
spaunitName,spa,unitName,Nombre de unidad (tabla ancha),La unidad a la que se hace referencia para el nombre amplio.,NA,2.2.0,2.2.0,added in V2.2.0,
spaunits,spa,units,Unidades,La unidad de la medida.,Cada medición debe tener una unidad. Esto significa que las «unidades» son un campo obligatorio siempre que se registra una medición.,2.0.0,2.0.0,added in V2.0.0,
spaunitSet,spa,unitSet,Conjunto de unidades,Una identificación de un conjunto de unidades que se pueden utilizar para una medida o método.,NA,2.0.0,2.0.0,added in V2.0.0,
spaunitSets,spa,unitSets,Conjuntos de unidades,"Conjuntos de unidades. Contiene unidades asociadas a tipos de partes, como medidas.","Los conjuntos son listas de valores de entrada. Cada valor de entrada dentro de un conjunto es una parte (tiene un partID) que se puede reutilizar entre conjuntos. Por ejemplo, un conjunto A podría contener los valores «sí» y «no», y un conjunto B podría contener los valores «sí», «no» y «quizás». Los partTypes con conjuntos incluyen agregaciones, compartimentos, valores perdidos, indicadores de calidad, especímenes y unidades. Las medidas con categorías y tipos de datos tienen sus propios conjuntos específicos (catSetID) porque sus valores de entrada son únicos y no se reutilizan.",2.0.0,2.0.0,added in V2.0.0,
spaunlicense,spa,unlicense,Licencia pública “The Unlicense”,La licencia para la medida o el conjunto de datos se gestiona bajo The Unlicense.,NA,2.2.0,2.2.0,added in V2.2.0,
spauntracent,spa,untracent,Ultracentrifugación,Ultracentrifugación,"Normalmente debe estar vinculado a un límite inferior y a alguna indicación de la dispersión de los datos (es decir, la desviación estándar) y a una medida de la media/mediana.",2.0.0,2.0.0,added in V2.0.0,
spaupperCI95,spa,upperCI95,Límite superior del intervalo de confianza del 95%,Especifica el límite superior de un intervalo de confianza del 95 %.,"Una categoría general para los puntos de muestreo de aguas residuales aguas arriba, incluidas las principales tuberías de alcantarillado y estaciones de bombeo.",1.0.0,2.0.0,"description wording, structure",
spaupstream,spa,upstream,Sitios río arriba,Un tipo de sitio general para sitios de muestreo de aguas residuales aguas arriba.,NA,1.1.0,2.0.0,description wording.,
spaureaplasma,spa,ureaplasma,Ureaplasma,Ureaplasma,NA,2.2.0,2.2.0,added in V2.2.0,
spaureaplasmaGrp,spa,ureaplasmaGrp,Grupo Ureaplasma,Un grupo de medidas/métodos relacionados con la bacteria ureaplasma.,Se utiliza para describir la información sobre organismos para medidas generales.,2.2.0,2.2.0,added in V2.2.0,
spaurobilin,spa,urobilin,Urobilina o urocronina,"La urobilina o urocromo es la sustancia química principal responsable del color amarillo de la orina. Es un compuesto tetrapirrol lineal que, junto con el compuesto incoloro relacionado urobilinógeno, son productos de degradación del hemo tetrapirrol cíclico.",NA,2.2.0,2.2.0,added in V2.2.0,
spauSCm,spa,uSCm,Microsiemens por centímetro,Microsiemens por centímetro.,NA,1.0.0,2.0.0,maintained,
spauSiteMeasureID,spa,uSiteMeasureID,ID de medida de sitio tipo U,Identificador único para cada medición de un sitio.,NA,2.0.0,2.0.0,added in V2.0.0,
spautc,spa,utc,Zona horaria UTC (tiempo universal coordinado),UTC: zona horaria.,"Preprogramado en tablas de diccionario, no editable por los usuarios.",2.1.0,2.1.0,added in V2.1.0,
spautcDST,spa,utcDST,Zona UTC en horario de verano,Zona horaria durante el horario de verano.,"Preprogramado en tablas de diccionario, no editable por los usuarios.",2.1.0,2.1.0,added in V2.1.0,
spautilities,spa,utilities,Sector u organización de servicios públicos,"Describe la organización que gestiona o proporciona servicios públicos, ya sea agua, gas, calefacción, etc.",NA,2.2.0,2.2.0,added in V2.2.0,
spav1104l,spa,v1104l,Mutación V1104L,La mutación variante FLiRT/SLip V1104L,NA,2.2.0,2.2.0,added in V2.2.0,
spav2930l,spa,v2930l,Diana génica v2930l (variante Delta),v2930l delta-variant mutation gene target,NA,2.0.0,2.0.0,added in V2.0.0,
spavalidationStudy,spa,validationStudy,Estudio de validación,Una medida o muestra tomada para un estudio de validación.,NA,2.0.0,2.0.0,added in V2.0.0,
spavalue,spa,value,Valor,"Valor de una medida, observación o atributo.",Solo se utiliza para las entradas del diccionario de piezas.,2.0.0,2.0.0,added in V2.0.0,
spavanAA,spa,vanAA,Diana génica VanA-A (resistencia a vancomicina),El gen objetivo de resistencia antimicrobiana a la vancomicina VanA-A.,NA,2.2.0,2.2.0,added in V2.2.0,
spavanAMRGrp,spa,vanAMRGrp,Grupo de resistencia a vancomicina,El grupo de medidas y métodos relacionados con la resistencia antimicrobiana relacionada con la vancomicina.,NA,2.1.0,2.1.0,added in V2.1.0,
spavanc,spa,vanc,Resistencia a la vancomicina,Bacterias resistentes a la vancomicina.,NA,2.1.0,2.1.0,added in V2.1.0,
spavarchar,spa,varchar,Tipo de dato de caracteres variables,El tipo de datos para datos de caracteres variables.,Medido por secuenciación.,2.0.0,2.0.0,added in V2.0.0,
spavarFreq,spa,varFreq,Frecuencia de variantes detectadas,Una descripción de la frecuencia de las variantes detectadas.,NA,2.0.0,2.0.0,added in V2.0.0,
spavariant,spa,variant,Clase de variantes,Medidas y métodos relacionados con las variantes.,NA,2.0.0,2.0.0,"added in V2.0.0, github issue #144",
spavaricella,spa,varicella,Varicela,Varicela,NA,2.2.0,2.2.0,added in V2.2.0,
spavaricellaGrp,spa,varicellaGrp,Grupo de varicela,Un grupo de medidas/métodos relacionados con los virus de la varicela.,Se utiliza para describir la información del organismo para medidas generales.,2.2.0,2.2.0,added in V2.2.0,
spavax1,spa,vax1,Población con 1 dosis de vacuna,"La población con exactamente una dosis de vacuna, con la vacuna especificada en el campo de medida.",Una unidad utilizada para especificar una medida del nivel de vacunación de toda la población.,2.2.0,2.2.0,Added in V 2.2.0,
spavax1p,spa,vax1p,Proporción de la población con ≥1 dosis de vacuna,"Especifica la parte de la población con una o más dosis de vacuna, con la vacuna especificada en el campo de medida.",Una unidad utilizada para especificar una medida del nivel de vacunación de toda la población.,2.2.0,2.2.0,Added in V 2.2.0,
spavax1plus,spa,vax1plus,Población con ≥1 dosis de vacuna,"La población con una o más dosis de vacuna, con la vacuna especificada en el campo de medida.",Una unidad utilizada para especificar una medida del nivel de vacunación de toda la población.,2.0.0,2.0.0,now a unit for any group or biologic infection,
spavax2,spa,vax2,Población con 2 o más dosis de vacuna,"La población con exactamente dos dosis de vacuna, con la vacuna especificada en el campo de medida.",Una unidad utilizada para especificar una medida del nivel de vacunación de toda la población.,2.2.0,2.2.0,Added in V 2.2.0,
spavax2p,spa,vax2p,Proporción de la población con ≥2 dosis de vacuna,"Especifica la parte de la población que ha recibido 2 o más dosis de la vacuna, con la vacuna especificada en el campo de medida.",Una unidad utilizada para especificar una medida del nivel de vacunación de toda la población.,2.2.0,2.2.0,Added in V 2.2.0,
spavax2plus,spa,vax2plus,Población con ≥2 dosis de vacuna,"La población que ha recibido 2 o más dosis de la vacuna, con la vacuna especificada en el campo de medida.",Unidad utilizada para especificar una medida del nivel de vacunación de toda la población.,2.0.0,2.0.0,now a unit for any group or biologic infection,
spavax3,spa,vax3,Población con 3 o más dosis de vacuna,"La población que ha recibido exactamente 3 dosis de la vacuna, con la vacuna especificada en el campo de medida.",Unidad utilizada para especificar una medida del nivel de vacunación de toda la población.,2.0.0,2.2.0,Added in V 2.2.0,
spavax3p,spa,vax3p,Proporción de la población con ≥3 dosis de vacuna,"Especifica la parte de la población que ha recibido 3 o más dosis de la vacuna, con la vacuna especificada en el campo de medida.",Unidad utilizada para especificar una medida del nivel de vacunación de toda la población.,2.2.0,2.2.0,Added in V 2.2.0,
spavax3plus,spa,vax3plus,Población con ≥3 dosis de vacuna,"La población con 3 o más dosis de vacuna, con la vacuna especificada en el campo de medida.",Unidad utilizada para especificar una medida del nivel de vacunación de toda la población.,2.0.0,2.0.0,added in V2.0.0,
spavax4,spa,vax4,Población con 4 o más dosis de vacuna,"La población con exactamente 4 dosis de vacuna, con la vacuna especificada en el campo de medida.",Unidad utilizada para especificar una medida del nivel de vacunación de toda la población.,2.2.0,2.2.0,Added in V 2.2.0,
spavax4p,spa,vax4p,Proporción de la población con ≥4 dosis de vacuna,"Especifica la parte de la población con 4 o más dosis de vacuna, con la vacuna especificada en el campo de medida.",Unidad utilizada para especificar una medida del nivel de vacunación de toda la población.,2.2.0,2.2.0,Added in V 2.2.0,
spavax4plus,spa,vax4plus,Población con ≥4 dosis de vacuna,"La población con 4 o más dosis de vacuna, con la vacuna especificada en el campo de medida.",Unidad utilizada para especificar una medida del nivel de vacunación de toda la población.,2.2.0,2.2.0,Added in V 2.2.0,
spaversion1Category,spa,version1Category,Categoría ODM V1,Categoría ODM V1,NA,2.0.0,2.0.0,added in V2.0.0,
spaversion1Location,spa,version1Location,Ubicación ODM V1,Ubicación ODM V1,NA,2.0.0,2.0.0,added in V2.0.0,
spaversion1Table,spa,version1Table,Tabla ODM V1,Tabla ODM V1,NA,2.0.0,2.0.0,added in V2.0.0,
spaversion1to2Changes,spa,version1to2Changes,Cambios de ODM versión 1 a 2,Cambios en la parte entre ODM v1 y V2,NA,2.0.0,2.0.0,added in V2.0.0,
spaversion1Variable,spa,version1Variable,Variable ODM V1,Variable ODM V1,NA,2.0.0,2.0.0,added in V2.0.0,
spavibrio,spa,vibrio,Vibrio,Vibrio,NA,2.2.0,2.2.0,added in V2.2.0,
spavibrioGrp,spa,vibrioGrp,Grupo Vibrio,Un grupo de medidas/métodos relacionados con la bacteria vibrio.,Se utiliza para describir la información del organismo para medidas generales.,2.2.0,2.2.0,added in V2.2.0,
spavirusMisc,spa,virusMisc,Grupo de virus diversos,Grupo de medidas/métodos relacionados con virus diversos.,"Los virus diversos se miden a menudo para su normalización o estandarización y solo tienen una medida o método. Cuando un virus tiene muchas medidas, se le asignará su propio ID de grupo en las versiones actualizadas del diccionario.",1.0.0,2.2.0,Depreciated in V2.0.0,
spavol,spa,vol,Tamaño en volumen,Volumen total de agua o lodos muestreados.,Se utiliza para análisis de agua o aire.,2.0.0,2.0.0,added in V2.0.0,
spavolPr,spa,volPr,Muestra proporcional al volumen,"Muestra proporcional al volumen, generalmente recogida por un muestreador automático.","«El muestreo toma el mismo volumen de aguas residuales a intervalos de tiempo variables, después de que un volumen definido de aguas residuales haya pasado por el punto de muestreo. Esto también se denomina volumen constante, tiempo variable (CVVT)».",2.0.0,2.0.0,added in V2.0.0,
spavolumeUnitSet,spa,volumeUnitSet,Conjunto de unidades de volumen,Conjunto unitario de medidas de volumen.,NA,1.0.0,2.0.0,"description wording, structure",
spavss,spa,vss,Sólidos suspendidos volátiles,Sólidos suspendidos volátiles,NA,2.0.0,2.0.0,added in V2.0.0,
spavssIg,spa,vssIg,Sólidos suspendidos volátiles – ignición,"Medida de la calidad del agua, capturada mediante la pérdida por ignición de la masa de sólidos suspendidos totales medidos. Esta ignición se produce generalmente en un horno a una temperatura de 550 °C a 600 °C. Representa la cantidad de materia volátil presente en la fracción sólida de la solución medida.",NA,2.0.0,2.0.0,added in V2.0.0,
spavsv,spa,vsv,Diana del virus de la estomatitis vesicular (VSV),El virus de la estomatitis vesicular se utiliza como objetivo de control de la eficiencia de recuperación.,NA,2.0.0,2.0.0,added in V2.0.0,
spavsvABIFor,spa,vsvABIFor,Cebador directo de VSV (ABI),Cebador directo VSV (ABI),NA,2.2.0,2.2.0,added in V2.2.0,
spavsvABIProbe,spa,vsvABIProbe,Sonda VSV (ABI),Sonda VSV (ABI),NA,2.2.0,2.2.0,added in V2.2.0,
spavsvABIRev,spa,vsvABIRev,Cebador inverso de VSV (ABI),Cebador inverso VSV (ABI),NA,2.2.0,2.2.0,added in V2.2.0,
spavsvGrp,spa,vsvGrp,Grupo del virus de la estomatitis vesicular (VSV),Grupo de medidas/métodos relacionados con el virus de la estomatitis vesicular (VSV).,Se utiliza para describir la información del organismo para medidas generales.,2.2.0,2.2.0,added in V2.2.0,
spavtec,spa,vtec,Escherichia coli productora de verotoxina (VTEC),Escherichia coli productora de verotoxinas (VTEC),NA,2.2.0,2.2.0,added in V2.2.0,
spawat,spa,wat,Compartimiento de agua,"Medida u observación realizada a partir de una sustancia presente en el agua, incluidas las aguas residuales.",NA,1.0.0,2.0.0,Updated,
spawatConcBuff,spa,watConcBuff,Tampón concentrador de agua (R2042-1),Tampón concentrador de agua (R2042-1),NA,2.2.0,2.2.0,added in V2.2.0,
spawater,spa,water,Agua (obsoleto),"Agua no residual, procedente de cualquier tipo de masa de agua.",NA,2.0.0,2.0.0,added in V2.0.0,
spawaterCompartmentSet,spa,waterCompartmentSet,Conjunto de compartimientos de agua,Compartimento establecido para medidas y métodos en el compartimento del agua.,NA,1.0.0,2.0.0,"description wording, structure",
spawaterQualityGrp,spa,waterQualityGrp,Grupo de calidad del agua,Conjunto de medidas/métodos relacionados con la calidad del agua.,NA,2.2.0,2.2.0,added in V2.2.0,
spawaterTH,spa,waterTH,Centro de tránsito basado en agua,Un centro de transporte es un lugar donde se intercambian pasajeros y carga entre vehículos acuáticos y/o entre medios de transporte acuáticos.,Se utiliza cuando no se pueden proporcionar más detalles.,2.2.3,2.2.3,added in v2.2.3,
spawatTemp,spa,watTemp,Temperatura de aguas residuales,Temperatura de las aguas residuales.,NA,2.0.0,2.0.0,"added in V2.0.0, github issue #124 and #204",
spaweath,spa,weath,Clima (al momento del muestreo),Una medida del tiempo capturada a través de categorías cualitativas; parte de un conjunto más amplio de medidas meteorológicas que pueden ser útiles a la hora de recoger muestras de fuentes exteriores.,NA,2.0.0,2.0.0,"added in V2.0.0, github issue #124 and #204",
spaweather,spa,weather,Clase de clima,Medidas y métodos relacionados con el tiempo.,NA,2.0.0,2.0.0,added in V2.0.0,
spaweathSet,spa,weathSet,Conjunto de condiciones climáticas,Un conjunto de categorías cualitativas válidas para la medida cualitativa del tiempo.,NA,2.0.0,2.0.0,added in V2.0.0,
spawestNile,spa,westNile,Virus del Nilo Occidental,Nilo Occidental,NA,2.2.0,2.2.0,added in V2.2.0,
spawgs,spa,wgs,Secuenciación del genoma completo,Especifica la estrategia de secuenciación del genoma completo (WGS) para la secuenciación genética.,NA,2.0.0,2.0.0,added in V2.0.0,
spawho,spa,who,Nomenclatura de la OMS,Especifica la nomenclatura variante o genética establecida por la Organización Mundial de la Salud.,"Si hay varios problemas que señalar, utilice la marca de problemas múltiples y explique los detalles en la sección de notas.",2.0.0,2.0.0,added in V2.0.0,
spawI,spa,wI,Intervalo amplio del 95%,"El intervalo del 95 % es demasiado amplio, lo que reduce la fiabilidad de los resultados.",NA,2.0.0,2.0.0,added in V2.0.0,
spawideAttribute,spa,wideAttribute,Atributo especificado (tabla ancha),Identificador único para un atributo solo en una tabla amplia. ,NA,2.2.0,2.2.0,added in V2.2.0,
spawideCompartmentSet,spa,wideCompartmentSet,Conjunto de compartimientos para nombres amplios,Conjunto de compartimentos para nombres amplios.,Para nombres amplios.,2.2.0,3.0.0,officially activate in v 3.0.0,
spawideFractionSet,spa,wideFractionSet,Conjunto de fracciones para nombres amplios,Conjunto de fracciones para nombres amplios.,Para nombres amplios.,2.2.0,2.2.0,Added in V 2.2.0,
spawideMeasure,spa,wideMeasure,dentificación de medida (tabla ancha),Identificador único para una medida solo en una tabla amplia. ,NA,2.0.0,2.0.0,added in V2.0.0,
spawideName,spa,wideName,Nombre amplio,Identificador único solo para tablas amplias. Se utiliza cuando todas las medidas se realizan en una sola muestra al mismo tiempo y en el mismo laboratorio. Sugerencia: siteID_sampleID_LabID_reportDate_ID.,NA,2.0.0,2.0.0,added in V2.0.0,
spawideNames,spa,wideNames,Tabla de nombres amplios,La tabla para nombres amplios.,NA,2.0.0,2.0.0,"added in V2.0.0, github issue #124 and #204",
spawideNamesOrder,spa,wideNamesOrder,Orden de tabla de nombres amplios,Columna para indicar el orden de los campos en la tabla de nombres amplios.,NA,2.2.0,2.2.0,added in V2.2.0,
spawideNamesRequired,spa,wideNamesRequired,Requisitos de tabla de nombres amplios,Columna para indicar qué campos de la tabla de nombres amplios son obligatorios.,NA,2.2.0,2.2.0,added in V2.2.0,
spawideNameType,spa,wideNameType,Tipo de nombre amplio,"El tipo de nombre amplio generado. Las opciones posibles son medida, protocolo o atributo.",NA,2.2.0,2.2.0,added in V2.2.0,
spawideProtocol,spa,wideProtocol,Protocolo especificado (tabla ancha),Identificador único para un protocolo solo en una tabla amplia. ,NA,2.2.0,2.2.0,added in V2.2.0,
spawideSpecimenSet,spa,wideSpecimenSet,Conjunto de especímenes para nombres amplios,Conjunto de especímenes para nombres amplios.,Para nombres amplios.,2.2.0,2.2.0,Added in V 2.2.0,
spawind,spa,wind,Velocidad del viento,Una medida de la velocidad del viento; parte de un conjunto más amplio de medidas meteorológicas que pueden ser útiles al recoger muestras de fuentes exteriores.,NA,2.0.0,2.0.0,added in V2.0.0,
spawindSpeedUnitSet,spa,windSpeedUnitSet,Conjunto de unidades de velocidad del viento,Conjunto de unidades para mediciones de la velocidad del viento.,NA,1.0.0,2.0.0,"description wording, structure",
spawn,spa,wn,Nombre corto de tabla de nombres amplios,El nombre abreviado utilizado para hacer referencia a la tabla de nombres completos.,tabla,2.2.2,2.2.2,added in V 2.2.2,
spawrongStorage,spa,wrongStorage,Muestra almacenada incorrectamente,La muestra se almacenó de forma inadecuada.,NA,2.0.0,2.0.0,added in V2.0.0,
spawrongTemp,spa,wrongTemp,Muestra almacenada a temperatura incorrecta,La muestra se almacenó a una temperatura inadecuada.,NA,2.0.0,2.0.0,added in V2.0.0,
spawSphere,spa,wSphere,Esfera Mundial (W‑SPHERE),Encabezado World Sphere,NA,2.0.0,2.0.0,added in V2.0.0,
spawSphereForm,spa,wSphereForm,Formato W‑SPHERE,El conjunto de datos se registró y/o almacenó originalmente en formato wSphere.,NA,3.0.0,3.0.0,added in V3.0.0,
spawSphereNotes,spa,wSphereNotes,Notas sobre W‑SPHERE (Esfera Mundial),Notas de W-Shere,NA,1.0.0,2.0.0,"description wording, structure",
spawt214,spa,wt214,Diana génica wt214 (variante Delta),Variante Delta wt214 gen objetivo,NA,2.2.0,2.2.0,added in V2.2.0,
spawtfpl,spa,wtfpl,Licencia pública “Haz lo que te dé la p*ta gana”,La licencia de la medida o el conjunto de datos se gestiona bajo la licencia pública Do What The F*ck You Want To.,NA,2.2.0,2.2.0,added in V2.2.0,
spawwtp,spa,wwtp,Planta de tratamiento de aguas residuales,Tipo de emplazamiento general para plantas de tratamiento de aguas residuales.,"Se utiliza como categoría general para las plantas de tratamiento de aguas residuales industriales o municipales que transportan aguas residuales combinadas o sanitarias, o lagunas.",1.0.0,2.0.0,"description wording, structure",
spawwtpBack,spa,wwtpBack,Sitio de respaldo para tratamiento de aguas residuales,"Indica una planta de tratamiento de aguas residuales en la que varios laboratorios están o han estado realizando muestreos, y en la que se están tomando muestras secundarias.",Se asigna a unidades de millones de galones por día o equivalentes de población.,2.0.0,2.0.0,"added in V2.0.0, github issue #123",
spawwtpCap,spa,wwtpCap,Capacidad de diseño de la planta de tratamiento de aguas residuales,"Medida de la capacidad diseñada de una planta de tratamiento de aguas residuales, en términos de la cantidad de agua que se diseñó para poder contener y procesar.",NA,1.0.0,2.0.0,"description wording, structure",
spawwtpInd,spa,wwtpInd,Planta de tratamiento de aguas residuales industriales,Planta de tratamiento de aguas residuales industriales.,NA,1.0.0,2.0.0,"description wording, structure",
spawwtpMuC,spa,wwtpMuC,Planta de tratamiento municipal para aguas residuales combinadas,Planta de tratamiento de aguas residuales municipales para aguas residuales combinadas.,NA,1.0.0,2.0.0,"description wording, structure",
spawwtpMuS,spa,wwtpMuS,Planta de tratamiento municipal para aguas sanitarias únicamente,Planta de tratamiento de aguas residuales municipales solo para aguas residuales sanitarias.,NA,2.0.0,2.0.0,added in V2.0.0,
spaxg,spa,xg,Fuerza centrífuga relativa (RCF) o unidades de x g,"La RCF (fuerza centrífuga relativa) denota el grado de fuerza ejercida sobre una muestra. La RCF se cuantifica en múltiplos de la aceleración gravitatoria estándar en la superficie terrestre (x g). Por lo tanto, los términos RCF y XG se utilizan a menudo de forma intercambiable en los protocolos de centrifugación.",NA,2.2.0,2.2.0,added in V2.2.0,
spay505h,spa,y505h,Diana génica y505h (variante ómicron),y505h objetivo del gen de mutación de la variante Ómicron,NA,2.0.0,2.0.0,added in V2.0.0,
spayears,spa,years,Años,Unidad para indicar una duración en años.,NA,2.0.0,2.0.0,added in V2.0.0,
spayEnterocolitica,spa,yEnterocolitica,Yersinia enterocolitica,Yersinia enterocolitica,NA,2.2.0,2.2.0,added in V2.2.0,
spayersiniaGrp,spa,yersiniaGrp,Grupo Yersinia,Grupo de medidas/métodos relacionados con la bacteria Yersinia.,Se utiliza para describir la información sobre organismos para medidas generales.,2.2.0,2.2.0,added in V2.2.0,
spazika,spa,zika,Zika,Zika,NA,2.2.0,2.2.0,added in V2.2.0,
spazlib,spa,zlib,Licencia zLib,La licencia de la medida o el conjunto de datos se gestiona bajo la licencia zLib.,NA,2.2.0,2.2.0,added in V2.2.0,
spazo,spa,zo,Nombre corto de tabla de zonas,Nombre abreviado utilizado para hacer referencia a la tabla de consulta de las posibles entradas de regiones o zonas subnacionales.,tabla,2.2.2,2.2.2,added in V 2.2.2,
spazoneName,spa,zoneName,Nombre en inglés de subdivisiones de país,Nombre en inglés de un subdominio de un país determinado.,"Preprogramado en tablas de diccionario, no editable por los usuarios.",2.1.0,2.1.0,added in V2.1.0,
spazones,spa,zones,Tabla de búsqueda de zonas,Tabla de consulta de las posibles entradas de regiones o zonas subnacionales.,NA,2.1.0,2.1.0,added in V2.1.0,
spazonesOrder,spa,zonesOrder,Orden de columnas en tabla de zonas,Especifica el orden de las columnas en la tabla de zonas.,NA,2.1.0,2.1.0,added in V2.1.0,
spazonesRequired,spa,zonesRequired,Encabezados requeridos en tabla de zonas,Encabezados obligatorios en la tabla de zonas.,NA,2.1.0,2.1.0,added in V2.1.0,
spazymo1035,spa,zymo1035,Kit Zymo Quick-RNA Viral #R1035,Kit zymo quick-rna viral #r1035.,NA,2.2.0,2.2.0,added in V2.2.0,
spazymo1041,spa,zymo1041,Kit Zymo Quick-RNA Viral 96 #R1041,Kit zymo quick-rna viral 96 #r1041.,NA,2.2.0,2.2.0,added in V2.2.0,
spazymoEnv,spa,zymoEnv,Kit Zymo Environ Water RNA / Zymo Environ Water RNA (cat. R2042),Extracción de ácido nucleico realizada con el kit zymo environ water rna kit/ zymo environ water rna kit (cat. r2042).,NA,2.0.0,2.0.0,added in V2.0.0,
spazymoQuick,spa,zymoQuick,Kit Zymo Quick-RNA Fungal/Bacterial Miniprep #R2014,Extracción de ácido nucleico realizada con el kit Zymo Quick-RNA Fungal/Bacterial Miniprep #R2014.,NA,2.0.0,2.0.0,added in V2.0.0,
spazymoWatRNA,spa,zymoWatRNA,Kit Zymo Environ Water RNA / Zymo Environ Water RNA (cat. R2042),Kit Zymo Environ Water RNA (cat. R2042),NA,2.2.0,2.2.0,added in V2.2.0,
spaFALSE,spa,FALSE,FALSO,Tipo de datos booleanos = FALSO,Utilice estos valores y su conjunto para cualquier medida o atributo booleano. Utilice solo «FALSE» (distingue entre mayúsculas y minúsculas),1.0.0,2.3.0,"changed part ID from ""false"" to ""FALSE"".",
spaTRUE,spa,TRUE,VERDADERO,Tipo de datos booleanos = VERDADERO,Utilice solo «TRUE» (distingue entre mayúsculas y minúsculas),1.0.0,2.3.0,"changed part ID from ""true"" to ""TRUE"".",
engoverlap,eng,overlap,Overlapping relationship,Locations/polygon have overlapping portions.,NA,3.0.0,3.0.0,added in V3.0.0,
engneighbour,eng,neighbour,Neighbouring relationship,Locations/polygon are neighbouring eachother.,NA,3.0.0,3.0.0,added in V3.0.0,
fraoverlap,fra,overlap,Relation de chevauchement,Les emplacements/polygones présentent des portions qui se chevauchent.,NA,3.0.0,3.0.0,added in V3.0.0,
franeighbour,fra,neighbour,Relation de voisinage,Les emplacements/polygones sont voisins.,NA,3.0.0,3.0.0,added in V3.0.0,
spaoverlap,spa,overlap,Relación superpuesta,Las ubicaciones/polígonos tienen partes superpuestas.,NA,3.0.0,3.0.0,added in V3.0.0,
spaneighbour,spa,neighbour,Relación vecinal,Las ubicaciones/polígonos son adyacentes.,NA,3.0.0,3.0.0,added in V3.0.0,
engcali,eng,cali,Calibration purpose,"Purpose of calibrating a machine, method, or other.",NA,3.0.1,3.0.1,added in V3.0.1,
engdataType,eng,dataType,Data Type column (Reported),"The recorded data type for every part in the part table. This is the attribute in the parts table, not to be confused with dataTypes, the part type.",NA,3.0.1,3.0.1,added in V3.0.1,
engfKAliasID,eng,fKAliasID,Foreign Key Alias ID,The primary key that is being referenced by another name in another table as a foreign key.,"For example, in the relationships tables, like sampleRelationships, ""sampleIDObj"" takes the value of a sampleID. It is sampleID as a foreign key, but under a different name. This column says what value is actually linked.",3.0.1,3.0.1,added in V3.0.1,
enggeoRefMissingnessSet,eng,geoRefMissingnessSet,Geographical Reference Missingness Set,"A missingness set for fields populated by the geographical reference tables (`countries`, `zones`).","Used for fields populated by geographical reference tables to avoid confusion of NA and nr as missingness indicators, vs. legitimate ISO country codes.",3.0.1,3.0.1,added in V3.0.1,
engpartTypes,eng,partTypes,Part types part type,"Part types describe the purpose or use of the part. Enivornment data has three main part types: measure (i.e. covN1 viral measures, wasteawater flow rate, temperature), method (e.g. how the measure was taken), and attribute (such as a site name). See description of each of the part types within setID = partTypeCatSets.",NA,2.0.0,2.0.0,added in V2.0.0,
engtag,eng,tag,Wide name measurement and linkage tag,"A tag used in wide names to clarify relationship and linkage in the flattened, single table format.","If a column doesn't have tag value at the end, then it means it applies to all groups, while one with a tag only applie to fields with the same tag value. For example, a value under qr_qualityFlag (with no tag) applies to fields in the group with tag == .odm10 and all other groups. If there's a column called qr_qualityFlag.odm10, however, then the group with that .odm10 tag uses the value from qr_qualityFlag.odm10 instead of from qr_qualityFlag (like wat_sa_nr_hMe_hUn_hAg_NR_value.odm10 and mr_unit.odm10, for example).",3.0.0,3.0.1,"missed in the V3.0.0 release, added with details in the V3.0.1 release.",
fracali,fra,cali,Objectif de l'étalonnage,"Objectif de l'étalonnage d'une machine, d'une méthode ou autre.",NA,3.0.1,3.0.1,added in V3.0.1,
fradataType,fra,dataType,Colonne de type de données (déclarée),"Le type de données enregistré pour chaque partie dans la table des parties. Il s'agit de l'attribut dans la table des parties, à ne pas confondre avec dataTypes, le type de partie.",NA,3.0.1,3.0.1,added in V3.0.1,
frafKAliasID,fra,fKAliasID,Alias de ID de clé étrangère,La clé primaire qui est référencée sous un autre nom dans une autre table en tant que clé étrangère.,"Par exemple, dans les tables de relations, comme sampleRelationships, « sampleIDObj » prend la valeur d'un sampleID. Il s'agit du sampleID en tant que clé étrangère, mais sous un nom différent. Cette colonne indique quelle valeur est réellement liée.",3.0.1,3.0.1,added in V3.0.1,
frageoRefMissingnessSet,fra,geoRefMissingnessSet,Ensemble de valeurs manquantes pour les références géographiques,"Un ensemble de valeurs manquantes pour les champs peuplés par les tables de référence géographique (countries, zones).","Utilisé pour les champs peuplés par les tables de référence géographique afin d'éviter la confusion entre NA et nr comme indicateurs de valeur manquante, et les codes de pays ISO légitimes.",3.0.1,3.0.1,added in V3.0.1,
frapartTypes,fra,partTypes,Type(s) de partie(s),"Les types de parties décrivent l'objet ou l'usage de la partie. Les données environnementales comportent trois grands types de parties : mesure (par ex. les mesures virales de CoV-N1, le débit des eaux usées, la température), méthode (par ex. la façon dont la mesure a été prise) et attribut (comme le nom d'un site). Voir la description de chaque type de partie dans setID = partTypeCatSets.",NA,2.0.0,2.0.0,added in V2.0.0,
fratag,fra,tag,Balise de liaison pour les noms larges et noms larges des mesures,Une balise utilisée dans les noms larges (wide names) pour clarifier la relation et le lien dans le format à table unique aplati.,"Si une colonne n'a pas de valeur de balise à la fin, cela signifie qu'elle s'applique à tous les groupes, tandis qu'une colonne portant une balise ne s'applique qu'aux champs ayant la même valeur de balise. Par exemple, une valeur sous qr_qualityFlag (sans balise) s'applique aux champs du groupe portant la balise .odm10 ainsi qu'à tous les autres groupes. S'il existe cependant une colonne appelée qr_qualityFlag.odm10, alors le groupe portant cette balise .odm10 utilise la valeur de qr_qualityFlag.odm10 plutôt que celle de qr_qualityFlag (comme wat_sa_nr_hMe_hUn_hAg_NR_value.odm10 et mr_unit.odm10, par exemple).",3.0.0,3.0.1,"missed in the V3.0.0 release, added with details in the V3.0.1 release.",
spacali,spa,cali,Propósito de la calibración,"Propósito de la calibración de una máquina, un método u otro.",NA,3.0.1,3.0.1,added in V3.0.1,
spadataType,spa,dataType,Tipo de datos de la columna (reportado),"El tipo de dato registrado para cada parte en la tabla de partes. Este es el atributo en la tabla de partes, que no debe confundirse con dataTypes, el tipo de parte.",NA,3.0.1,3.0.1,added in V3.0.1,
spafKAliasID,spa,fKAliasID,ID alias de clave externa,La clave primaria que está siendo referenciada bajo otro nombre en otra tabla como clave foránea.,"Por ejemplo, en las tablas de relaciones, como sampleRelationships, «sampleIDObj» toma el valor de un sampleID. Es el sampleID como clave foránea, pero bajo un nombre diferente. Esta columna indica qué valor está realmente vinculado.",3.0.1,3.0.1,added in V3.0.1,
spageoRefMissingnessSet,spa,geoRefMissingnessSet,Conjunto de valores faltantes de referencia geográfica,"Un conjunto de valores faltantes para campos poblados por las tablas de referencia geográfica (countries, zones).","Se utiliza para campos poblados por las tablas de referencia geográfica para evitar la confusión entre NA y nr como indicadores de valor faltante, frente a códigos de país ISO legítimos.",3.0.1,3.0.1,added in V3.0.1,
spapartTypes,spa,partTypes,Tipo(s) de parte(s),"Los tipos de partes describen el propósito o el uso de la parte. Los datos ambientales tienen tres tipos de partes principales: medida (p. ej., las medidas virales de CoV-N1, el caudal de aguas residuales, la temperatura), método (p. ej., cómo se tomó la medida) y atributo (como el nombre de un sitio). Consulte la descripción de cada tipo de parte en setID = partTypeCatSets.",NA,2.0.0,2.0.0,added in V2.0.0,
spatag,spa,tag,Etiqueta de vinculación para las medidas y nombres anchos,Una etiqueta utilizada en los nombres anchos (wide names) para aclarar la relación y el enlace en el formato de tabla única aplanada.,"Si una columna no tiene un valor de etiqueta al final, significa que se aplica a todos los grupos, mientras que una con etiqueta solo se aplica a los campos con el mismo valor de etiqueta. Por ejemplo, un valor bajo qr_qualityFlag (sin etiqueta) se aplica a los campos del grupo con la etiqueta .odm10 y a todos los demás grupos. Sin embargo, si existe una columna llamada qr_qualityFlag.odm10, el grupo con esa etiqueta .odm10 usa el valor de qr_qualityFlag.odm10 en lugar de qr_qualityFlag (como wat_sa_nr_hMe_hUn_hAg_NR_value.odm10 y mr_unit.odm10, por ejemplo).",3.0.0,3.0.1,"missed in the V3.0.0 release, added with details in the V3.0.1 release.",
engden1,eng,den1,Dengue Virus Type 1,"Dengue virus, Type 1, general measurement",NA,2.2.3,2.2.3,added in v2.2.3,
fraden1,fra,den1,Virus de la dengue de type 1,"Virus de la dengue, type 1, mesure générale.",NA,2.2.3,2.2.3,added in v2.2.3,
spaden1,spa,den1,Virus del dengue tipo 1,"Virus del dengue, tipo 1, medida general.",NA,2.2.3,2.2.3,added in v2.2.3,
engden2,eng,den2,Dengue Virus Type 2,"Dengue virus, Type 2, general measurement",NA,2.2.3,2.2.3,added in v2.2.3,
fraden2,fra,den2,Virus de la dengue de type 2,"Virus de la dengue, type 2, mesure générale.",NA,2.2.3,2.2.3,added in v2.2.3,
spaden2,spa,den2,Virus del dengue tipo 2,"Virus del dengue, tipo 2, medida general.",NA,2.2.3,2.2.3,added in v2.2.3,
engden3,eng,den3,Dengue Virus Type 3,"Dengue virus, Type 3, general measurement",NA,2.2.3,2.2.3,added in v2.2.3,
fraden3,fra,den3,Virus de la dengue de type 3,"Virus de la dengue, type 3, mesure générale.",NA,2.2.3,2.2.3,added in v2.2.3,
spaden3,spa,den3,Virus del dengue tipo 3,"Virus del dengue, tipo 3, medida general.",NA,2.2.3,2.2.3,added in v2.2.3,
engden4,eng,den4,Dengue Virus Type 4,"Dengue virus, Type 4, general measurement",NA,2.2.3,2.2.3,added in v2.2.3,
fraden4,fra,den4,Virus de la dengue de type 4,"Virus de la dengue, type 4, mesure générale.",NA,2.2.3,2.2.3,added in v2.2.3,
spaden4,spa,den4,Virus del dengue tipo 4,"Virus del dengue, tipo 4, medida general.",NA,2.2.3,2.2.3,added in v2.2.3,
engdnvE,eng,dnvE,Dengue Virus E Gene,Dengue Type 2-specific gene target.,NA,2.2.3,2.2.3,added in v2.2.3,
fradnvE,fra,dnvE,Gène E du virus de la dengue,Cible génique spécifique à la dengue de type 2.,NA,2.2.3,2.2.3,added in v2.2.3,
spadnvE,spa,dnvE,Gen E del virus del dengue,Diana génica específica del dengue tipo 2.,NA,2.2.3,2.2.3,added in v2.2.3,
engdnvNS5,eng,dnvNS5,Dengue Virus NS5 Gene,Dengue Type 1-specific gene target.,NA,2.2.3,2.2.3,added in v2.2.3,
fradnvNS5,fra,dnvNS5,Gène NS5 du virus de la dengue,Cible génique spécifique à la dengue de type 1.,NA,2.2.3,2.2.3,added in v2.2.3,
spadnvNS5,spa,dnvNS5,Gen NS5 del virus del dengue,Diana génica específica del dengue tipo 1.,NA,2.2.3,2.2.3,added in v2.2.3,
engdnvprM,eng,dnvprM,Dengue Virus prM Gene,Dengue Type 3 and 4-specific gene target.,NA,2.2.3,2.2.3,added in v2.2.3,
fradnvprM,fra,dnvprM,Gène prM du virus de la dengue,Cible génique spécifique à la dengue de types 3 et 4.,NA,2.2.3,2.2.3,added in v2.2.3,
spadnvprM,spa,dnvprM,Gen prM del virus del dengue,Diana génica específica del dengue tipos 3 y 4.,NA,2.2.3,2.2.3,added in v2.2.3,
engmpxClI,eng,mpxClI,Mpox Clade I,"The virus known as Mpox, previously also known as Monkey Pox, Clade I virus type.",NA,2.2.3,2.2.3,added in v2.2.3,
frampxClI,fra,mpxClI,Mpox Clade I,"Le virus connu sous le nom de Mpox, anciennement appelé variole du singe (Monkeypox), type viral Clade I.",NA,2.2.3,2.2.3,added in v2.2.3,
spampxClI,spa,mpxClI,Mpox Clado I,"El virus conocido como Mpox, anteriormente también conocido como viruela del mono (Monkeypox), tipo viral Clado I.",NA,2.2.3,2.2.3,added in v2.2.3,
engmpxClII,eng,mpxClII,Mpox Clade II,"The virus known as Mpox, previously also known as Monkey Pox, Clade II virus type.",NA,2.2.3,2.2.3,added in v2.2.3,
frampxClII,fra,mpxClII,Mpox Clade II,"Le virus connu sous le nom de Mpox, anciennement appelé variole du singe (Monkeypox), type viral Clade II.",NA,2.2.3,2.2.3,added in v2.2.3,
spampxClII,spa,mpxClII,Mpox Clado II,"El virus conocido como Mpox, anteriormente también conocido como viruela del mono (Monkeypox), tipo viral Clado II.",NA,2.2.3,2.2.3,added in v2.2.3,
engautoComp,eng,autoComp,Automatic composite sampling,A composite sampler which is automated to collect and store multiple wastewater samples across multiple time points.,NA,2.2.3,2.2.3,added in v2.2.3,
fraautoComp,fra,autoComp,Échantillonnage composite automatique,Un échantillonneur composite automatisé qui collecte et conserve plusieurs échantillons d'eaux usées à différents points dans le temps.,NA,2.2.3,2.2.3,added in v2.2.3,
spaautoComp,spa,autoComp,Muestreo compuesto automático,Un muestreador compuesto automatizado que recolecta y almacena múltiples muestras de aguas residuales en varios puntos temporales.,NA,2.2.3,2.2.3,added in v2.2.3,
engautoSeq,eng,autoSeq,Automatic sequential sampling,A composite sampler which is automated to collect and combine multiple samples of equal volume taken at a set time interval.,NA,2.2.3,2.2.3,added in v2.2.3,
fraautoSeq,fra,autoSeq,Échantillonnage séquentiel automatique,Un échantillonneur composite automatisé qui collecte et combine plusieurs échantillons de volume égal prélevés à intervalles de temps fixes.,NA,2.2.3,2.2.3,added in v2.2.3,
spaautoSeq,spa,autoSeq,Muestreo secuencial automático,Un muestreador compuesto automatizado que recolecta y combina múltiples muestras de igual volumen tomadas a intervalos de tiempo fijos.,NA,2.2.3,2.2.3,added in v2.2.3,
engcone,eng,cone,Cone-shaped sampling,"Instrument type is a grab sample that has a controlled valve that opens to take a sample from a specific depth, then closes to bring the sample out.",NA,2.2.3,2.2.3,added in v2.2.3,
fracone,fra,cone,Échantillonnage en forme de cône,"Le type d'instrument est un échantillonneur ponctuel muni d'une vanne contrôlée qui s'ouvre pour prélever un échantillon à une profondeur précise, puis se referme pour le remonter.",NA,2.2.3,2.2.3,added in v2.2.3,
spacone,spa,cone,Muestreo en forma de cono,El tipo de instrumento es un muestreador puntual con una válvula controlada que se abre para tomar una muestra a una profundidad específica y luego se cierra para extraerla.,NA,2.2.3,2.2.3,added in v2.2.3,
engcore,eng,core,Core sampling ,Instrument type is a grab sampler that captures a vertical section of the substrate matrix of fecal sludge.,NA,2.2.3,2.2.3,added in v2.2.3,
fracore,fra,core,Échantillonnage par carottage,Le type d'instrument est un échantillonneur ponctuel qui capture une section verticale de la matrice du substrat des boues fécales.,NA,2.2.3,2.2.3,added in v2.2.3,
spacore,spa,core,Muestreo por testigo (core),El tipo de instrumento es un muestreador puntual que captura una sección vertical de la matriz del sustrato de los lodos fecales.,NA,2.2.3,2.2.3,added in v2.2.3,
engeffluNS,eng,effluNS,Wastewater Effluent - non-specified,"Sample material is wastewater effluent - whether primary, secondary or other is unspecified.",NA,2.2.3,2.2.3,added in v2.2.3,
fraeffluNS,fra,effluNS,Effluent d'eaux usées - non précisé,"Le matériau de l'échantillon est un effluent d'eaux usées; qu'il soit primaire, secondaire ou autre n'est pas précisé.",NA,2.2.3,2.2.3,added in v2.2.3,
spaeffluNS,spa,effluNS,Efluente de aguas residuales - no especificado,"El material de la muestra es efluente de aguas residuales; no se especifica si es primario, secundario u otro.",NA,2.2.3,2.2.3,added in v2.2.3,
enghorGrb,eng,horGrb,Horizontal grab sampling,"Instrument type is a grab sampler in which the container for the sample is mounted on the end of a rod, which is suitable for collecting discharge from a pipe or truck.",NA,2.2.3,2.2.3,added in v2.2.3,
frahorGrb,fra,horGrb,Échantillonnage ponctuel horizontal,"Le type d'instrument est un échantillonneur ponctuel dont le contenant de l'échantillon est monté au bout d'une tige, adapté pour recueillir un rejet provenant d'une conduite ou d'un camion.",NA,2.2.3,2.2.3,added in v2.2.3,
spahorGrb,spa,horGrb,Muestreo puntual horizontal,"El tipo de instrumento es un muestreador puntual cuyo recipiente para la muestra está montado en el extremo de una varilla, adecuado para recolectar la descarga de una tubería o un camión.",NA,2.2.3,2.2.3,added in v2.2.3,
engsludgeNS,eng,sludgeNS,Wastewater Sludge - non-specified,"Sample material is wastewater sludge - whether primary, secondary or other is unspecified.",NA,2.2.3,2.2.3,added in v2.2.3,
frasludgeNS,fra,sludgeNS,Boues d'eaux usées - non précisé,"Le matériau de l'échantillon est une boue d'eaux usées; qu'elle soit primaire, secondaire ou autre n'est pas précisé.",NA,2.2.3,2.2.3,added in v2.2.3,
spasludgeNS,spa,sludgeNS,Lodo de aguas residuales - no especificado,"El material de la muestra es lodo de aguas residuales; no se especifica si es primario, secundario u otro.",NA,2.2.3,2.2.3,added in v2.2.3,
engtHub,eng,tHub,Transport hub - General,A transport hub not otherwise specified. i.e. a place where passengers and cargo are exchanged between vehicles or/and between transport modes.,NA,2.2.3,2.2.3,added in v2.2.3,
fratHub,fra,tHub,Plaque tournante de transport - Général,"Une plaque tournante de transport non précisée par ailleurs, c'est-à-dire un lieu où passagers et marchandises sont échangés entre véhicules ou entre modes de transport.",NA,2.2.3,2.2.3,added in v2.2.3,
spatHub,spa,tHub,Centro de transporte - General,"Un centro de transporte no especificado de otro modo, es decir, un lugar donde se intercambian pasajeros y carga entre vehículos o entre modos de transporte.",NA,2.2.3,2.2.3,added in v2.2.3,
engtransp,eng,transp,Transportation vehicle - general,"A vehicle, i.e. a mobile machine, transporting people or cargo, of a type not otherwise specified.",NA,2.2.3,2.2.3,added in v2.2.3,
fratransp,fra,transp,Véhicule de transport - général,"Un véhicule, c'est-à-dire une machine mobile, transportant des personnes ou des marchandises, d'un type non précisé par ailleurs.",NA,2.2.3,2.2.3,added in v2.2.3,
spatransp,spa,transp,Vehículo de transporte - general,"Un vehículo, es decir, una máquina móvil, que transporta personas o carga, de un tipo no especificado de otro modo.",NA,2.2.3,2.2.3,added in v2.2.3,
engtrap,eng,trap,Passive (trap) sampling,A composite sampler that passively collects a sample without use of electricity or a battery.,NA,2.2.3,2.2.3,added in v2.2.3,
fratrap,fra,trap,Échantillonnage passif (piège),Un échantillonneur composite qui recueille passivement un échantillon sans utiliser d'électricité ni de pile.,NA,2.2.3,2.2.3,added in v2.2.3,
spatrap,spa,trap,Muestreo pasivo (trampa),Un muestreador compuesto que recolecta pasivamente una muestra sin utilizar electricidad ni batería.,NA,2.2.3,2.2.3,added in v2.2.3,
engvac,eng,vac,Vacuum sludge sampling,Instrument type is a grab sampler that takes a sample at a designated depth with minimal disturbance to surrounding layers.,NA,2.2.3,2.2.3,added in v2.2.3,
fravac,fra,vac,Échantillonnage des boues par aspiration,Le type d'instrument est un échantillonneur ponctuel qui prélève un échantillon à une profondeur désignée en perturbant le moins possible les couches environnantes.,NA,2.2.3,2.2.3,added in v2.2.3,
spavac,spa,vac,Muestreo de lodos por vacío,El tipo de instrumento es un muestreador puntual que toma una muestra a una profundidad designada con una perturbación mínima de las capas circundantes.,NA,2.2.3,2.2.3,added in v2.2.3,
engvertGrb,eng,vertGrb,Vertical grab sampling,"Instrument type is a grab sampler in which the container for the sample is mounted on the end of a rod, which is suitable for collecting waste from a tank.",NA,2.2.3,2.2.3,added in v2.2.3,
fravertGrb,fra,vertGrb,Échantillonnage ponctuel vertical,"Le type d'instrument est un échantillonneur ponctuel dont le contenant de l'échantillon est monté au bout d'une tige, adapté pour recueillir des déchets provenant d'une cuve.",NA,2.2.3,2.2.3,added in v2.2.3,
spavertGrb,spa,vertGrb,Muestreo puntual vertical,"El tipo de instrumento es un muestreador puntual cuyo recipiente para la muestra está montado en el extremo de una varilla, adecuado para recolectar residuos de un tanque.",NA,2.2.3,2.2.3,added in v2.2.3,