Version,3.0.0,,,,,,,,,
setCompID,setID,setType,partID,label,enumeration,status,firstReleased,lastUpdated,changes,notes
absHumidUnitSet_gm3,absHumidUnitSet,unitSets,gm3,Gram per cubic metre,1,active,2.0.0,2.0.0,,
absHumidUnitSet_hUn,absHumidUnitSet,unitSets,hUn,See Header for Unit,2,active,3.0.0,3.0.0,,
actionTypeSet_threatDes,actionTypeSet,mmaSets,threatDes,Threat designation,1,active,3.0.0,3.0.0,,
actionTypeSet_phAdvise,actionTypeSet,mmaSets,phAdvise,Public health advisory,2,active,3.0.0,3.0.0,,
actionTypeSet_survAlert,actionTypeSet,mmaSets,survAlert,Surveillance alert,3,active,3.0.0,3.0.0,,
actionTypeSet_contMeasImp,actionTypeSet,mmaSets,contMeasImp,Control measure implementation,4,active,3.0.0,3.0.0,,
actionTypeSet_amrClass,actionTypeSet,mmaSets,amrClass,Antimicrobial resistance (AMR) classification,5,active,3.0.0,3.0.0,,
actionTypeSet_outb,actionTypeSet,mmaSets,outb,Outbreak declaration,6,active,3.0.0,3.0.0,,
airCompartmentSet_air,airCompartmentSet,compartmentSets,air,Air compartment,1,active,2.0.0,2.0.0,,
airportSheetSet_airportLists,airportSheetSet,dictSets,airportLists,Airport lists worksheet,1,active,2.0.0,2.0.0,,
airportSheetSet_airportTemplate,airportSheetSet,dictSets,airportTemplate,Airport Surveillance Template,2,active,2.0.0,2.0.0,,
airSurfaceCompartmentSet_air,airSurfaceCompartmentSet,compartmentSets,air,Air compartment,1,active,2.0.0,2.0.0,,
airSurfaceCompartmentSet_surf,airSurfaceCompartmentSet,compartmentSets,surf,Surface compartment,2,active,2.0.0,2.0.0,,
airWaterCompartmentSet_air,airWaterCompartmentSet,compartmentSets,air,Air compartment,1,active,2.0.0,2.0.0,,
alkalinitySet_meqL,alkalinitySet,unitSets,meqL,Milliequivalent per liter,1,active,3.0.0,3.0.0,,
alkalinitySet_mgL,alkalinitySet,unitSets,mgL,Milligrams per litre,2,active,3.0.0,3.0.0,,
alkalinitySet_ppm,alkalinitySet,unitSets,ppm,parts per million,3,active,3.0.0,3.0.0,,
alkalinitySet_hUn,alkalinitySet,unitSets,hUn,See Header for Unit,4,active,3.0.0,3.0.0,,
allActionsSet_outbEnd,allActionsSet,mmaSets,outbEnd,End of Outbreak,1,active,3.0.0,3.0.0,,
allActionsSet_outbOngoing,allActionsSet,mmaSets,outbOngoing,Outbreak - on-going,2,active,3.0.0,3.0.0,,
allActionsSet_outbStart,allActionsSet,mmaSets,outbStart,Declared outbreak or Outbreak start,3,active,3.0.0,3.0.0,,
allActionsSet_phEmerg,allActionsSet,mmaSets,phEmerg,Public health emergency (outbreak),4,active,3.0.0,3.0.0,,
allActionsSet_voc,allActionsSet,mmaSets,voc,Variant of concern,5,active,3.0.0,3.0.0,,
allActionsSet_voi,allActionsSet,mmaSets,voi,Variant of interest,6,active,3.0.0,3.0.0,,
allActionsSet_vum,allActionsSet,mmaSets,vum,variant under monitoring,7,active,3.0.0,3.0.0,,
allActionsSet_dev,allActionsSet,mmaSets,dev,De-escalated variant,8,active,3.0.0,3.0.0,,
allActionsSet_travWa,allActionsSet,mmaSets,travWa,Travel warning,9,active,3.0.0,3.0.0,,
allActionsSet_travBa,allActionsSet,mmaSets,travBa,Travel ban,10,active,3.0.0,3.0.0,,
allActionsSet_maskRec,allActionsSet,mmaSets,maskRec,Mask recommendation,11,active,3.0.0,3.0.0,,
allActionsSet_quarRec,allActionsSet,mmaSets,quarRec,Quarantine recommendation,12,active,3.0.0,3.0.0,,
allActionsSet_handHygAdv,allActionsSet,mmaSets,handHygAdv,Hand hygiene advisory,13,active,3.0.0,3.0.0,,
allActionsSet_targSurv,allActionsSet,mmaSets,targSurv,Targetted surveillance initiated,14,active,3.0.0,3.0.0,,
allActionsSet_incSurv,allActionsSet,mmaSets,incSurv,Increased surveillance,15,active,3.0.0,3.0.0,,
allActionsSet_routSurv,allActionsSet,mmaSets,routSurv,Routine surveillance,16,active,3.0.0,3.0.0,,
allActionsSet_decSurv,allActionsSet,mmaSets,decSurv,Decreased surveillance,17,active,3.0.0,3.0.0,,
allActionsSet_homeOrder,allActionsSet,mmaSets,homeOrder,Stay-at-home order,18,active,3.0.0,3.0.0,,
allActionsSet_borderClos,allActionsSet,mmaSets,borderClos,Border closure,19,active,3.0.0,3.0.0,,
allActionsSet_schoolClos,allActionsSet,mmaSets,schoolClos,School closure,20,active,3.0.0,3.0.0,,
allActionsSet_lockdown,allActionsSet,mmaSets,lockdown,Lockdown,21,active,3.0.0,3.0.0,,
allActionsSet_maskMand,allActionsSet,mmaSets,maskMand,Mask mandate,22,active,3.0.0,3.0.0,,
allActionsSet_socialDist,allActionsSet,mmaSets,socialDist,Social distancing measures,23,active,3.0.0,3.0.0,,
allActionsSet_cpp,allActionsSet,mmaSets,cpp,Critical priority pathogen,24,active,3.0.0,3.0.0,,
allActionsSet_hpp,allActionsSet,mmaSets,hpp,High priority pathogen,25,active,3.0.0,3.0.0,,
allActionsSet_mpp,allActionsSet,mmaSets,mpp,Medium priority pathogen,26,active,3.0.0,3.0.0,,
allActionsSet_rsi,allActionsSet,mmaSets,rsi,Resistant strain identified,27,active,3.0.0,3.0.0,,
allActionsSet_vaxSched,allActionsSet,mmaSets,vaxSched,Change to Vaccine Schedule,28,active,3.0.0,3.0.0,,
alleleUnitSet_ct,alleleUnitSet,unitSets,ct,Cycle threshold or quantification cycle (Ct or Cq),1,active,2.0.0,2.0.0,,
alleleUnitSet_doc,alleleUnitSet,unitSets,doc,Depth of coverage,2,active,2.0.0,2.0.0,,
alleleUnitSet_gcCrA,alleleUnitSet,unitSets,gcCrA,Gene copies per copy of crAssphage,3,active,2.0.0,2.0.0,,
alleleUnitSet_gCGS,alleleUnitSet,unitSets,gCGS,Gene copies per gram solids,4,active,2.0.0,2.0.0,,
alleleUnitSet_gcMl,alleleUnitSet,unitSets,gcMl,Gene copies per mL,5,active,2.0.0,2.0.0,,
alleleUnitSet_gcDay100K,alleleUnitSet,unitSets,gcDay100K,"gene copies per day per 100,000 people",6,active,2.0.0,3.0.0,updated partID,
alleleUnitSet_det,alleleUnitSet,unitSets,det,Detected,7,active,1.1.0,2.0.0,,
alleleUnitSet_gcPpmov,alleleUnitSet,unitSets,gcPpmov,Gene copies per PMMoV copy,8,active,2.0.0,2.0.0,,
alleleUnitSet_slope,alleleUnitSet,unitSets,slope,slope,9,active,2.0.0,2.0.0,,
alleleUnitSet_inter,alleleUnitSet,unitSets,inter,Intercept,10,active,2.0.0,2.0.0,,
alleleUnitSet_efficient,alleleUnitSet,unitSets,efficient,Efficiency,11,active,2.0.0,2.0.0,,
alleleUnitSet_r2,alleleUnitSet,unitSets,r2,R squared,12,active,2.0.0,2.0.0,,
alleleUnitSet_hUn,alleleUnitSet,unitSets,hUn,See Header for Unit,13,active,3.0.0,3.0.0,,
allStandardSet_pmmovStand,allStandardSet,mmaSets,pmmovStand,PMMoV Standarized,1,active,3.0.0,3.0.0,,
allStandardSet_crassStand,allStandardSet,mmaSets,crassStand,Crassphage Standarized,2,active,3.0.0,3.0.0,,
allStandardSet_flowStand,allStandardSet,mmaSets,flowStand,Flow Standarized,3,active,3.0.0,3.0.0,,
allStandardSet_bayesSmooth,allStandardSet,mmaSets,bayesSmooth,Bayesian Smoothing applied,4,active,3.0.0,3.0.0,,
allStandardSet_caSmooth,allStandardSet,mmaSets,caSmooth,Central average smoothing applied,5,active,3.0.0,3.0.0,,
allStandardSet_day7Smooth,allStandardSet,mmaSets,day7Smooth,7-day smoothing of values,6,active,3.0.0,3.0.0,,
allStandardSet_timeStand,allStandardSet,mmaSets,timeStand,Time standardized,7,active,3.0.0,3.0.0,,
allStandardSet_gauss,allStandardSet,mmaSets,gauss,Gaussian distribution stanrdized/Normalized,8,active,3.0.0,3.0.0,,
amrClassSet_cpp,amrClassSet,mmaSets,cpp,Critical priority pathogen,1,active,3.0.0,3.0.0,,
amrClassSet_hpp,amrClassSet,mmaSets,hpp,High priority pathogen,2,active,3.0.0,3.0.0,,
amrClassSet_mpp,amrClassSet,mmaSets,mpp,Medium priority pathogen,3,active,3.0.0,3.0.0,,
amrClassSet_rsi,amrClassSet,mmaSets,rsi,Resistant strain identified,4,active,3.0.0,3.0.0,,
amrSoftSet_argAnnotSoft,amrSoftSet,mmaSets,argAnnotSoft,ARG-ANNOT Annotation Tool,1,active,2.3.0,2.3.0,,
amrSoftSet_resFinderSoft,amrSoftSet,mmaSets,resFinderSoft,ResFinder Tool,2,active,2.3.0,2.3.0,,
amrSoftSet_cardRGI,amrSoftSet,mmaSets,cardRGI,CARD Resistance Gene Identifier (RGI),3,active,2.3.0,2.3.0,,
amrSoftSet_deepARG,amrSoftSet,mmaSets,deepARG,DeepARG Software,4,active,2.3.0,2.3.0,,
amrSoftSet_amrFinderPlus,amrSoftSet,mmaSets,amrFinderPlus,AMRFinderPlus Software,5,active,2.3.0,2.3.0,,
amrSoftSet_metaPhIAn,amrSoftSet,mmaSets,metaPhIAn,MetaPhlAn Software,6,active,2.3.0,2.3.0,,
amrSoftSet_abricate,amrSoftSet,mmaSets,abricate,ABRicate Software,7,active,2.3.0,2.3.0,,
amrSoftSet_starAMR,amrSoftSet,mmaSets,starAMR,StarAMR Software,8,active,2.3.0,2.3.0,,
amrSoftSet_shortBRED,amrSoftSet,mmaSets,shortBRED,ShortBRED Software,9,active,2.3.0,2.3.0,,
amrSoftSet_srst2,amrSoftSet,mmaSets,srst2,SRST2 Software,10,active,2.3.0,2.3.0,,
anyCompartmentSet_air,anyCompartmentSet,compartmentSets,air,Air compartment,1,active,2.0.0,2.0.0,,
anyCompartmentSet_surf,anyCompartmentSet,compartmentSets,surf,Surface compartment,2,active,2.0.0,2.0.0,,
anyCompartmentSet_wat,anyCompartmentSet,compartmentSets,wat,Water compartment,3,active,2.0.0,2.0.0,,
anySpecimenSet_pop,anySpecimenSet,specimenSets,pop,Population,1,active,2.0.0,2.0.0,,
anySpecimenSet_sa,anySpecimenSet,specimenSets,sa,Sample,2,active,2.0.0,2.0.0,,
anySpecimenSet_sit,anySpecimenSet,specimenSets,sit,Site,3,active,2.0.0,2.0.0,,
anySpecimenSet_poly,anySpecimenSet,specimenSets,poly,Polygon,4,active,3.0.0,3.0.0,,
bacteriaUnitSet_cfu,bacteriaUnitSet,unitSets,cfu,Colony Forming Units,1,active,2.0.0,2.0.0,,
bacteriaUnitSet_cfugTS,bacteriaUnitSet,unitSets,cfugTS,Colony forming units per grams total solids,2,active,2.3.0,2.3.0,,
bacteriaUnitSet_cfumL,bacteriaUnitSet,unitSets,cfumL,Colony forming units per milliliter,3,active,2.3.0,2.3.0,,
bacteriaUnitSet_mpn100mL,bacteriaUnitSet,unitSets,mpn100mL,Most probable number per 100 milliliters,4,active,3.0.0,3.0.0,,
bacteriaUnitSet_mpnmL,bacteriaUnitSet,unitSets,mpnmL,Most probable number per milliliter,5,active,3.0.0,3.0.0,,
bacteriaUnitSet_cfu100,bacteriaUnitSet,unitSets,cfu100,CFU per 100 ml,6,active,3.0.0,3.0.0,,
bacteriaUnitSet_hUn,bacteriaUnitSet,unitSets,hUn,See Header for Unit,7,active,3.0.0,3.0.0,,
bactMethSet_bacCul,bactMethSet,mmaSets,bacCul,Bacterial culture,1,active,2.3.0,2.3.0,,
bactMethSet_agt,bactMethSet,mmaSets,agt,Antimicrobial gradient test,2,active,2.3.0,2.3.0,,
bactMethSet_gramSt,bactMethSet,mmaSets,gramSt,Gram stain,3,active,2.3.0,2.3.0,,
bactMethSet_growBroth,bactMethSet,mmaSets,growBroth,Growth in enrichment broth,4,active,2.3.0,2.3.0,,
basePairSet_bps,basePairSet,unitSets,bps,Base-pairs,1,active,3.0.0,3.0.0,,
basePairSet_megaB,basePairSet,unitSets,megaB,Mega-bases or Mega-base-pairs,2,active,3.0.0,3.0.0,,
basePairSet_nPerKbp,basePairSet,unitSets,nPerKbp,Number per 100 kilo-base-pairs,3,active,3.0.0,3.0.0,,
basePairSet_hUn,basePairSet,unitSets,hUn,See Header for Unit,4,active,3.0.0,3.0.0,,
booleanAggrSet_sin,booleanAggrSet,aggregationSets,sin,Single,1,active,2.0.0,2.0.0,,
booleanAggrSet_orBoo,booleanAggrSet,aggregationSets,orBoo,OR Boolean aggregation,2,active,2.0.0,2.0.0,,
booleanAggrSet_andBoo,booleanAggrSet,aggregationSets,andBoo,AND Boolean aggregation,3,active,2.0.0,2.0.0,,
booleanSet_TRUE,booleanSet,mmaSets,TRUE,TRUE,1,active,2.0.0,2.0.0,,
booleanSet_FALSE,booleanSet,mmaSets,FALSE,FALSE,2,active,2.0.0,2.0.0,,
calcTypeSet_normalization,calcTypeSet,mmaSets,normalization,Normalization Calculation Type,1,active,3.0.0,3.0.0,,
calcTypeSet_standardization,calcTypeSet,mmaSets,standardization,Standardization Calculation Type,2,active,3.0.0,3.0.0,,
calcTypeSet_smoothing,calcTypeSet,mmaSets,smoothing,Smoothing Calculation Type,3,active,3.0.0,3.0.0,,
calcTypeSet_predictiveModels,calcTypeSet,mmaSets,predictiveModels,Predictive Modeling Calculation Type,4,active,3.0.0,3.0.0,,
capacityUnitSet_mgd,capacityUnitSet,unitSets,mgd,Millions of gallons per day (MG/D),1,active,2.0.0,2.0.0,,
capacityUnitSet_mld,capacityUnitSet,unitSets,mld,Megalitres per day (ML/d),2,active,2.0.0,2.0.0,,
capacityUnitSet_popEq,capacityUnitSet,unitSets,popEq,Population equivalents,3,active,2.0.0,2.0.0,,
capacityUnitSet_hUn,capacityUnitSet,unitSets,hUn,See Header for Unit,4,active,3.0.0,3.0.0,,
cladeAnSet_pangolinSoft,cladeAnSet,mmaSets,pangolinSoft,Pangolin Software,1,active,2.3.0,2.3.0,,
cladeAnSet_nextstrain,cladeAnSet,mmaSets,nextstrain,Nextstrain Software,2,active,2.3.0,2.3.0,,
cladeAnSet_iqTree,cladeAnSet,mmaSets,iqTree,IQ-TREE Software,3,active,2.3.0,2.3.0,,
cladeAnSet_beast,cladeAnSet,mmaSets,beast,Bayesian Evolutionary Analysis by Sampling Trees (BEAST) Software,4,active,2.3.0,2.3.0,,
cladeAnSet_phyloSuite,cladeAnSet,mmaSets,phyloSuite,PhyloSuite Software,5,active,2.3.0,2.3.0,,
cladeAnSet_raxML,cladeAnSet,mmaSets,raxML,RaxML Software,6,active,2.3.0,2.3.0,,
cladeAnSet_phyML,cladeAnSet,mmaSets,phyML,PhyML Software,7,active,2.3.0,2.3.0,,
cladeAnSet_stamp,cladeAnSet,mmaSets,stamp,Statistical Analysis of Metagenomic Profiles (STAMP) Software,8,active,2.3.0,2.3.0,,
cladeAnSet_clonalFrameML,cladeAnSet,mmaSets,clonalFrameML,ClonalFrameML Software,9,active,2.3.0,2.3.0,,
cladeAnSet_treeTime,cladeAnSet,mmaSets,treeTime,TreeTime Software,10,active,2.3.0,2.3.0,,
cladeAnSet_snapp,cladeAnSet,mmaSets,snapp,SNAPP Software,11,active,2.3.0,2.3.0,,
cladeAnSet_mash,cladeAnSet,mmaSets,mash,mash Software,12,active,2.3.0,2.3.0,,
cladeAnSet_strainPhIAb,cladeAnSet,mmaSets,strainPhIAb,StrainPhlAn Software,13,active,2.3.0,2.3.0,,
cladeAnSet_usher,cladeAnSet,mmaSets,usher,Ultrafast Sample placement on Existing tRees (UShER) Software,14,active,2.3.0,2.3.0,,
cladeAnSet_mrBayes,cladeAnSet,mmaSets,mrBayes,MrBayes Software,15,active,2.3.0,2.3.0,,
cladeAnSet_phyloPhIAn,cladeAnSet,mmaSets,phyloPhIAn,PhyloPhlAn Software,16,active,2.3.0,2.3.0,,
cladeAnSet_orthoFinder,cladeAnSet,mmaSets,orthoFinder,OrthoFinder Software,17,active,2.3.0,2.3.0,,
cladeAnSet_taxonium,cladeAnSet,mmaSets,taxonium,Taxonium Software,18,active,2.3.0,2.3.0,,
cladeAnSet_lineage,cladeAnSet,mmaSets,lineage,LINEAGE Software,19,active,2.3.0,2.3.0,,
collAppxSet_morn,collAppxSet,mmaSets,morn,Morning,1,active,2.3.0,2.3.0,,
collAppxSet_aft,collAppxSet,mmaSets,aft,Afternoon,2,active,2.3.0,2.3.0,,
collAppxSet_eve,collAppxSet,mmaSets,eve,Evening,3,active,2.3.0,2.3.0,,
collAppxSet_night,collAppxSet,mmaSets,night,Night,4,active,2.3.0,2.3.0,,
collectSet_areaPr,collectSet,mmaSets,areaPr,Area proportional sample,1,active,2.0.0,2.0.0,,
collectSet_cosca,collectSet,mmaSets,cosca,COSCa ball,2,active,2.0.0,2.0.0,,
collectSet_flowPr,collectSet,mmaSets,flowPr,Flow proportional sample,3,active,1.0.0,2.0.0,,
collectSet_grb,collectSet,mmaSets,grb,Grab sample,4,active,1.0.0,2.0.0,,
collectSet_moorSw,collectSet,mmaSets,moorSw,Moore swab passive sample,5,active,1.0.0,2.0.0,,
collectSet_surfSw,collectSet,mmaSets,surfSw,Surface swab,6,active,2.0.0,2.0.0,,
collectSet_timePr,collectSet,mmaSets,timePr,Time proportional sample,7,active,1.0.0,2.0.0,,
collectSet_volPr,collectSet,mmaSets,volPr,Volume proportional sample,8,active,2.0.0,2.0.0,,
collectSet_comp,collectSet,mmaSets,comp,Composite sample - archival,9,active,2.0.0,2.0.0,,
collectSet_manComp,collectSet,mmaSets,manComp,Manual Composite Sample,10,active,2.0.0,2.0.0,,
collectSet_passiveGen,collectSet,mmaSets,passiveGen,Passive Sample - General,11,active,2.0.0,2.0.0,,
collectSet_core,collectSet,mmaSets,core,Core sampling,12,active,2.3.0,2.3.0,,
collectSet_vac,collectSet,mmaSets,vac,Vacuum sludge sampling,13,active,2.3.0,2.3.0,,
collectSet_cone,collectSet,mmaSets,cone,Cone-shaped sampling,14,active,2.3.0,2.3.0,,
collectSet_horGrb,collectSet,mmaSets,horGrb,Horizontal grab sampling,15,active,2.3.0,2.3.0,,
collectSet_vertGrb,collectSet,mmaSets,vertGrb,Vertical grab sampling,16,active,2.3.0,2.3.0,,
collectSet_trap,collectSet,mmaSets,trap,Passive (trap) sampling,17,active,2.3.0,2.3.0,,
collectSet_autoComp,collectSet,mmaSets,autoComp,Automatic composite sampling,18,active,2.3.0,2.3.0,,
collectSet_autoSeq,collectSet,mmaSets,autoSeq,Automatic sequential sampling,19,active,2.3.0,2.3.0,,
collectSet_bagFilt,collectSet,mmaSets,bagFilt,Bag Mediated Filtration,20,active,3.0.0,3.0.0,,
conductivityUnitSet_uSCm,conductivityUnitSet,unitSets,uSCm,Micro-Siemens per centimetre,1,active,2.0.0,2.0.0,,
conductivityUnitSet_mmhocm,conductivityUnitSet,unitSets,mmhocm,Millimho per centimeter,2,active,3.0.0,3.0.0,,
conductivityUnitSet_mScm,conductivityUnitSet,unitSets,mScm,MilliSiemen per centimeter,3,active,3.0.0,3.0.0,,
conductivityUnitSet_umhocm,conductivityUnitSet,unitSets,umhocm,Micromho per centimeter,4,active,3.0.0,3.0.0,,
conductivityUnitSet_hUn,conductivityUnitSet,unitSets,hUn,See Header for Unit,5,active,3.0.0,3.0.0,,
conSeqSoftSet_geneious,conSeqSoftSet,mmaSets,geneious,Geneious,1,active,2.3.0,2.3.0,,
conSeqSoftSet_mafft,conSeqSoftSet,mmaSets,mafft,MAFFT,2,active,2.3.0,2.3.0,,
conSeqSoftSet_clustalO,conSeqSoftSet,mmaSets,clustalO,Clustal Omega,3,active,2.3.0,2.3.0,,
conSeqSoftSet_mega,conSeqSoftSet,mmaSets,mega,Molecular Evolutionary Genetics Analysis (MEGA),4,active,2.3.0,2.3.0,,
conSeqSoftSet_samTools,conSeqSoftSet,mmaSets,samTools,SAMtools,5,active,2.3.0,2.3.0,,
conSeqSoftSet_bioEdit,conSeqSoftSet,mmaSets,bioEdit,BioEdit,6,active,2.3.0,2.3.0,,
conSeqSoftSet_bcfTools,conSeqSoftSet,mmaSets,bcfTools,Bcftools,7,active,2.3.0,2.3.0,,
conSeqSoftSet_embossCons,conSeqSoftSet,mmaSets,embossCons,Emboss Cons,8,active,2.3.0,2.3.0,,
conSeqSoftSet_aliView,conSeqSoftSet,mmaSets,aliView,AliView,9,active,2.3.0,2.3.0,,
conSeqSoftSet_seqManPro,conSeqSoftSet,mmaSets,seqManPro,SeqMan Pro (Lasergene),10,active,2.3.0,2.3.0,,
conSeqSoftSet_uGene,conSeqSoftSet,mmaSets,uGene,Ugene,11,active,2.3.0,2.3.0,,
conSeqSoftSet_spades,conSeqSoftSet,mmaSets,spades,SPAdes,12,active,2.3.0,2.3.0,,
conSeqSoftSet_bwa,conSeqSoftSet,mmaSets,bwa,BWA (Burrows-Wheeler Aligner),13,active,2.3.0,2.3.0,,
contactTableSet_sites,contactTableSet,dictSets,sites,Sites table,1,active,2.0.0,2.0.0,,
contactTableSet_organizations,contactTableSet,dictSets,organizations,Organization table,2,active,2.0.0,2.0.0,,
contactTableSet_contacts,contactTableSet,dictSets,contacts,Contact table,3,active,2.0.0,2.0.0,,
contactTableSet_addresses,contactTableSet,dictSets,addresses,Address table,4,active,2.0.0,2.0.0,,
contMeasImpSet_homeOrder,contMeasImpSet,mmaSets,homeOrder,Stay-at-home order,1,active,3.0.0,3.0.0,,
contMeasImpSet_borderClos,contMeasImpSet,mmaSets,borderClos,Border closure,2,active,3.0.0,3.0.0,,
contMeasImpSet_schoolClos,contMeasImpSet,mmaSets,schoolClos,School closure,3,active,3.0.0,3.0.0,,
contMeasImpSet_lockdown,contMeasImpSet,mmaSets,lockdown,Lockdown,4,active,3.0.0,3.0.0,,
contMeasImpSet_maskMand,contMeasImpSet,mmaSets,maskMand,Mask mandate,5,active,3.0.0,3.0.0,,
contMeasImpSet_socialDist,contMeasImpSet,mmaSets,socialDist,Social distancing measures,6,active,3.0.0,3.0.0,,
crosswalkTableSet_enaMap,crosswalkTableSet,dictSets,enaMap,European Nucleotide Association Mapping Column,1,active,2.2.2,2.2.2,,
crosswalkTableSet_enaNotes,crosswalkTableSet,dictSets,enaNotes,European Nucleotide Association (ENA) - notes,2,active,2.2.2,2.2.2,,
crosswalkTableSet_ncbi,crosswalkTableSet,dictSets,ncbi,National Center for Biotechnology Information,3,active,2.2.2,2.2.2,,
crosswalkTableSet_ncbiNotes,crosswalkTableSet,dictSets,ncbiNotes,NCBI - notes,4,active,2.2.2,2.2.2,,
crosswalkTableSet_norman,crosswalkTableSet,dictSets,norman,NORMAN,5,active,2.2.2,2.2.2,,
crosswalkTableSet_normanNotes,crosswalkTableSet,dictSets,normanNotes,NORMAN - notes,6,active,2.2.2,2.2.2,,
crosswalkTableSet_nwss,crosswalkTableSet,dictSets,nwss,National Wastewater Surveillance System,7,active,2.2.2,2.2.2,,
crosswalkTableSet_nwssNotes,crosswalkTableSet,dictSets,nwssNotes,NWSS - notes,8,active,2.2.2,2.2.2,,
crosswalkTableSet_nwssProcess,crosswalkTableSet,dictSets,nwssProcess,NWSS - process,9,active,2.2.2,2.2.2,,
crosswalkTableSet_phage,crosswalkTableSet,dictSets,phage,PHAGE,10,active,2.2.2,2.2.2,,
crosswalkTableSet_phageNotes,crosswalkTableSet,dictSets,phageNotes,PHAGE - notes,11,active,2.2.2,2.2.2,,
crosswalkTableSet_version1Category,crosswalkTableSet,dictSets,version1Category,ODM V1 category,12,active,2.2.2,2.2.2,,
crosswalkTableSet_version1Location,crosswalkTableSet,dictSets,version1Location,ODM V1 location,13,active,2.2.2,2.2.2,,
crosswalkTableSet_version1Table,crosswalkTableSet,dictSets,version1Table,ODM V1 table,14,active,2.2.2,2.2.2,,
crosswalkTableSet_version1to2Changes,crosswalkTableSet,dictSets,version1to2Changes,ODM version 1 to 2 changes,15,active,2.2.2,2.2.2,,
crosswalkTableSet_version1Variable,crosswalkTableSet,dictSets,version1Variable,ODM V1 variable,16,active,2.2.2,2.2.2,,
crosswalkTableSet_wSphere,crosswalkTableSet,dictSets,wSphere,World Sphere (W-SPHERE),17,active,2.2.2,2.2.2,,
crosswalkTableSet_wSphereNotes,crosswalkTableSet,dictSets,wSphereNotes,World Sphere (W-SPHERE) notes,18,active,2.2.2,2.2.2,,
dataRepoSet_insdc,dataRepoSet,mmaSets,insdc,International Nucleotide Sequence Database Collaboration (INSDC) Archives,1,active,2.3.0,2.3.0,,
dataRepoSet_genBank,dataRepoSet,mmaSets,genBank,GenBank Archives,2,active,2.3.0,2.3.0,,
dataRepoSet_sra,dataRepoSet,mmaSets,sra,Sequence Read Archive (SRA),3,active,2.3.0,2.3.0,,
dataRepoSet_gisaid,dataRepoSet,mmaSets,gisaid,Global Initiative on Sharing All Influenza Data (GISAID) archives,4,active,2.3.0,2.3.0,,
dataRepoSet_ena,dataRepoSet,mmaSets,ena,European Nucleotide Archive (ENA),5,active,2.3.0,2.3.0,,
dataRepoSet_dra,dataRepoSet,mmaSets,dra,DDBJ sequence Read Archive (DRA),6,active,2.3.0,2.3.0,,
dataRepoSet_gsa,dataRepoSet,mmaSets,gsa,Genome Sequence Archive (GSA),7,active,2.3.0,2.3.0,,
dataRepoSet_enterobase,dataRepoSet,mmaSets,enterobase,Enterobase archives,8,active,2.3.0,2.3.0,,
dataRepoSet_github,dataRepoSet,mmaSets,github,GitHub,9,active,2.3.0,2.3.0,,
dataRepoSet_osf,dataRepoSet,mmaSets,osf,Open Science Foundation (OSF),10,active,2.3.0,2.3.0,,
dataRepoSet_internalRef,dataRepoSet,mmaSets,internalRef,Internal reference,11,active,2.3.0,2.3.0,,
dataRepoSet_ddbj,dataRepoSet,mmaSets,ddbj,DNA Data Bank of Japan (DDBJ),12,active,2.3.0,2.3.0,,
dataRepoSet_zenodo,dataRepoSet,mmaSets,zenodo,Zenodo,13,active,2.3.0,2.3.0,,
dataRepoSet_cardDtbase,dataRepoSet,mmaSets,cardDtbase,Comprehensive Antibiotic Resistance Database (CARD),14,active,2.3.0,2.3.0,,
dataRepoSet_resFinderDtbase,dataRepoSet,mmaSets,resFinderDtbase,ResFinder Database,15,active,2.3.0,2.3.0,,
dataRepoSet_megares,dataRepoSet,mmaSets,megares,MEGARes database,16,active,2.3.0,2.3.0,,
dataRepoSet_ndaro,dataRepoSet,mmaSets,ndaro,National Database of Antibiotic Resistant Organisms (NDARO),17,active,2.3.0,2.3.0,,
dataRepoSet_ardb,dataRepoSet,mmaSets,ardb,Antibiotic Resistance Genes Database (ARDB),18,active,2.3.0,2.3.0,,
dataRepoSet_patricRast,dataRepoSet,mmaSets,patricRast,PATRIC/RAST Database,19,active,2.3.0,2.3.0,,
dataRepoSet_bacMet,dataRepoSet,mmaSets,bacMet,BacMet Database,20,active,2.3.0,2.3.0,,
dataRepoSet_ncbiPDIB,dataRepoSet,mmaSets,ncbiPDIB,NCBI’s Pathogen Detection Isolates Browser,21,active,2.3.0,2.3.0,,
dedupSet_umiTag,dedupSet,mmaSets,umiTag,Unique Molecular Identifier (UMI) Tagging,1,active,2.3.0,2.3.0,,
dedupSet_picard,dedupSet,mmaSets,picard,Picard MarkDuplicates,2,active,2.3.0,2.3.0,,
dedupSet_samRmdup,dedupSet,mmaSets,samRmdup,SAMtools rmdup,3,active,2.3.0,2.3.0,,
dedupSet_clumpify,dedupSet,mmaSets,clumpify,BBMap’s Clumpify,4,active,2.3.0,2.3.0,,
dedupSet_fastUniq,dedupSet,mmaSets,fastUniq,FastUniq,5,active,2.3.0,2.3.0,,
dedupSet_bwaMEM,dedupSet,mmaSets,bwaMEM,BWA-MEM with Duplicate Marking,6,active,2.3.0,2.3.0,,
dedupSet_umiTools,dedupSet,mmaSets,umiTools,UMI-tools,7,active,2.3.0,2.3.0,,
dedupSet_bamUtil,dedupSet,mmaSets,bamUtil,bamUtil Dedup,8,active,2.3.0,2.3.0,,
dedupSet_seqKitRmdup,dedupSet,mmaSets,seqKitRmdup,SeqKit rmdup,9,active,2.3.0,2.3.0,,
dedupSet_mitoZ,dedupSet,mmaSets,mitoZ,MitoZ Deduplication,10,active,2.3.0,2.3.0,,
dehostSet_kraken2,dehostSet,mmaSets,kraken2,Kraken2,1,active,2.3.0,2.3.0,,
dehostSet_bowtie2,dehostSet,mmaSets,bowtie2,Bowtie2,2,active,2.3.0,2.3.0,,
dehostSet_bmtagger,dehostSet,mmaSets,bmtagger,BMTagger,3,active,2.3.0,2.3.0,,
dehostSet_deconSeq,dehostSet,mmaSets,deconSeq,DeconSeq,4,active,2.3.0,2.3.0,,
dehostSet_bbmapReform,dehostSet,mmaSets,bbmapReform,BBMap Reformat,5,active,2.3.0,2.3.0,,
dehostSet_fastqScreen,dehostSet,mmaSets,fastqScreen,FASTQ Screen,6,active,2.3.0,2.3.0,,
dehostSet_metaPhIAn,dehostSet,mmaSets,metaPhIAn,MetaPhlAn Software,7,active,2.3.0,2.3.0,,
dehostSet_bwaHost,dehostSet,mmaSets,bwaHost,BWA for Host Filtering,8,active,2.3.0,2.3.0,,
dehostSet_bowtie2XSam,dehostSet,mmaSets,bowtie2XSam,Host Subtraction with Bowtie2 & SAMtools,9,active,2.3.0,2.3.0,,
dehostSet_clark,dehostSet,mmaSets,clark,CLARK,10,active,2.3.0,2.3.0,,
dictionaryRefTableSet_parts,dictionaryRefTableSet,dictSets,parts,Parts Look-up table,1,active,2.0.0,2.0.0,,
dictionaryRefTableSet_sets,dictionaryRefTableSet,dictSets,sets,Sets look-up table,2,active,2.0.0,2.0.0,,
dictionaryRefTableSet_languages,dictionaryRefTableSet,dictSets,languages,Language Look-up table,3,active,2.0.0,2.0.0,,
dictionaryRefTableSet_countries,dictionaryRefTableSet,dictSets,countries,Countries look-up tables,4,active,2.1.0,2.1.0,,
dictionaryRefTableSet_zones,dictionaryRefTableSet,dictSets,zones,Zones look-up table,5,active,2.1.0,2.1.0,,
dictionaryRefTableSet_translations,dictionaryRefTableSet,dictSets,translations,Translation look-up table,6,active,2.0.0,2.0.0,,
dissGasUnitSet_mgL,dissGasUnitSet,unitSets,mgL,Milligrams per litre,1,active,2.0.0,2.0.0,,
dissGasUnitSet_ppm,dissGasUnitSet,unitSets,ppm,parts per million,2,active,2.0.0,2.0.0,,
dissGasUnitSet_hUn,dissGasUnitSet,unitSets,hUn,See Header for Unit,3,active,3.0.0,3.0.0,,
electricPotentSet_mVolt,electricPotentSet,unitSets,mVolt,MilliVolt,1,active,3.0.0,3.0.0,,
electricPotentSet_hUn,electricPotentSet,unitSets,hUn,See Header for Unit,2,active,3.0.0,3.0.0,,
erdTableSet_addresses,erdTableSet,dictSets,addresses,Address table,1,active,2.0.0,2.0.0,,
erdTableSet_contacts,erdTableSet,dictSets,contacts,Contact table,2,active,2.0.0,2.0.0,,
erdTableSet_datasets,erdTableSet,dictSets,datasets,Dataset table,3,active,2.0.0,2.0.0,,
erdTableSet_instruments,erdTableSet,dictSets,instruments,Instrument table,4,active,2.0.0,2.0.0,,
erdTableSet_languages,erdTableSet,dictSets,languages,Language Look-up table,5,active,2.0.0,2.0.0,,
erdTableSet_measures,erdTableSet,dictSets,measures,Measure report table,6,active,2.0.0,2.0.0,,
erdTableSet_measureSets,erdTableSet,dictSets,measureSets,Measure set report table,7,active,2.0.0,2.0.0,,
erdTableSet_organizations,erdTableSet,dictSets,organizations,Organization table,8,active,2.0.0,2.0.0,,
erdTableSet_parts,erdTableSet,dictSets,parts,Parts Look-up table,9,active,2.0.0,2.0.0,,
erdTableSet_polygons,erdTableSet,dictSets,polygons,Polygon table,10,active,2.0.0,2.0.0,,
erdTableSet_protocolRelationships,erdTableSet,dictSets,protocolRelationships,Protocol relationships table,11,active,2.0.0,2.0.0,,
erdTableSet_protocols,erdTableSet,dictSets,protocols,Protocols table,12,active,2.0.0,2.0.0,,
erdTableSet_protocolSteps,erdTableSet,dictSets,protocolSteps,Protocol steps table,13,active,2.0.0,2.0.0,,
erdTableSet_qualityReports,erdTableSet,dictSets,qualityReports,Quality reports table,14,active,2.0.0,2.0.0,,
erdTableSet_reportersDep,erdTableSet,dictSets,reportersDep,Reporter table depreciated,15,active,2.0.0,2.0.0,,
erdTableSet_sampleRelationships,erdTableSet,dictSets,sampleRelationships,Sample relationships table,16,active,2.0.0,2.0.0,,
erdTableSet_samples,erdTableSet,dictSets,samples,Sample report table,17,active,2.0.0,2.0.0,,
erdTableSet_sets,erdTableSet,dictSets,sets,Sets look-up table,18,active,2.0.0,2.0.0,,
erdTableSet_countries,erdTableSet,dictSets,countries,Countries look-up tables,19,active,2.1.0,2.1.0,,
erdTableSet_zones,erdTableSet,dictSets,zones,Zones look-up table,20,active,2.1.0,2.1.0,,
erdTableSet_sites,erdTableSet,dictSets,sites,Sites table,21,active,2.0.0,2.0.0,,
extractSet_extract4s,extractSet,mmaSets,extract4s,4s method,1,active,2.0.0,2.0.0,,
extractSet_amiMP96,extractSet,mmaSets,amiMP96,"Amicon filter, extract with MP96",2,active,2.0.0,2.0.0,,
extractSet_bbMP96,extractSet,mmaSets,bbMP96,"Bead beating, extract with MP96",3,active,2.0.0,2.0.0,,
extractSet_chemVir,extractSet,mmaSets,chemVir,Chemagic viral dna/rna 300 kit,4,active,2.0.0,2.0.0,,
extractSet_nucAuto,extractSet,mmaSets,nucAuto,Nuclisens automated magnetic bead extraction kit,5,active,2.0.0,2.0.0,,
extractSet_nucManu,extractSet,mmaSets,nucManu,Nuclisens manual magnetic bead extraction kit,6,active,2.0.0,2.0.0,,
extractSet_phenCl,extractSet,mmaSets,phenCl,Phenol chloroform,7,active,2.0.0,2.0.0,,
extractSet_promAuto,extractSet,mmaSets,promAuto,promega automated tna kit,8,active,2.0.0,2.0.0,,
extractSet_promHt,extractSet,mmaSets,promHt,promega ht tna kit,9,active,2.0.0,2.0.0,,
extractSet_promManu,extractSet,mmaSets,promManu,promega manual tna kit,10,active,2.0.0,2.0.0,,
extractSet_promWW,extractSet,mmaSets,promWW,promega wastewater large volume tna capture kit,11,active,2.0.0,2.0.0,,
extractSet_qgDNARNA,extractSet,mmaSets,qgDNARNA,qiagen allprep dna/rna kit,12,active,2.0.0,2.0.0,,
extractSet_qgEz1,extractSet,mmaSets,qgEz1,qiagen ez1 virus mini kit v2.0,13,active,2.0.0,2.0.0,,
extractSet_qgPwrFecal,extractSet,mmaSets,qgPwrFecal,qiagen allprep powerfecal dna/rna kit,14,active,2.0.0,2.0.0,,
extractSet_qgPwrViral,extractSet,mmaSets,qgPwrViral,qiagen allprep powerviral dna/rna kit,15,active,2.0.0,2.0.0,,
extractSet_qgPwrWtr,extractSet,mmaSets,qgPwrWtr,qiagen powerwater kit,16,active,2.0.0,2.0.0,,
extractSet_qgQiAmp,extractSet,mmaSets,qgQiAmp,qiagen qiaamp buffers with epoch columns,17,active,2.0.0,2.0.0,,
extractSet_qgRneasy,extractSet,mmaSets,qgRneasy,qiagen rneasy kit,18,active,2.0.0,2.0.0,,
extractSet_qgRneasyPwr,extractSet,mmaSets,qgRneasyPwr,qiagen rneasy powermicrobiome kit,19,active,2.0.0,2.0.0,,
extractSet_resCosca,extractSet,mmaSets,resCosca,Resuspend COSCa filter collection,20,active,2.0.0,2.0.0,,
extractSet_thermMag,extractSet,mmaSets,thermMag,thermo magmax microbiome ultra nucleic acid isolation kit,21,active,2.0.0,2.0.0,,
extractSet_trizol,extractSet,mmaSets,trizol,"trizol, zymo mag beads w/ zymo clean and concentrator",22,active,2.0.0,2.0.0,,
extractSet_zymoEnv,extractSet,mmaSets,zymoEnv,zymo environ water rna kit/ zymo environ water rna kit (cat. r2042),23,active,2.0.0,2.0.0,,
extractSet_zymoQuick,extractSet,mmaSets,zymoQuick,zymo quick-rna fungal/bacterial miniprep #r2014,24,active,2.0.0,2.0.0,,
extractSet_esp,extractSet,mmaSets,esp,exclusions based sample preparation (ESP),25,active,2.2.0,2.2.0,,
extractSet_luminWWExtract,extractSet,mmaSets,luminWWExtract,luminultra wastewater extraction kit,26,active,2.2.0,2.2.0,,
extractSet_monarchRNA,extractSet,mmaSets,monarchRNA,monarch total RNA miniprep kit (new england biolabs) + onestep PCR inhibitor removal kit (zymo),27,active,2.2.0,2.2.0,,
extractSet_nucKingfish,extractSet,mmaSets,nucKingfish,nucleomag (ref. 744220.4) using kingfisher automated instrument,28,active,2.2.0,2.2.0,,
extractSet_qiAllprep,extractSet,mmaSets,qiAllprep,qiagen allprep dna/rna kit,29,active,2.2.0,2.2.0,,
extractSet_qiampDSP,extractSet,mmaSets,qiampDSP,qiagen qiaamp dsp viral rna mini kit,30,active,2.2.0,2.2.0,,
extractSet_sciencellRNA,extractSet,mmaSets,sciencellRNA,sciencell viral rna isolation kit,31,active,2.2.0,2.2.0,,
extractSet_thermMagmax,extractSet,mmaSets,thermMagmax,thermo magmax viral/pathogen nucleic acid isolation kit,32,active,2.2.0,2.2.0,,
extractSet_trizolRNA,extractSet,mmaSets,trizolRNA,trizol and RNA purification kit,33,active,2.2.0,2.2.0,,
extractSet_trizolEtOH,extractSet,mmaSets,trizolEtOH,"trizol, garnet bead beating, alcohol precipitation",34,active,2.2.0,2.2.0,,
extractSet_zymo1041,extractSet,mmaSets,zymo1041,zymo quick-rna viral 96 kit #r1041,35,active,2.2.0,2.2.0,,
extractSet_zymo1035,extractSet,mmaSets,zymo1035,zymo quick-rna viral kit #r1035,36,active,2.2.0,2.2.0,,
flowUnitSet_kgS,flowUnitSet,unitSets,kgS,Kilogram per second,1,active,2.0.0,2.0.0,,
flowUnitSet_m3D,flowUnitSet,unitSets,m3D,Cubic metres per day,3,active,2.0.0,2.0.0,,
flowUnitSet_m3H,flowUnitSet,unitSets,m3H,Cubic metres per hour,4,active,2.0.0,2.0.0,,
flowUnitSet_m3S,flowUnitSet,unitSets,m3S,Cubic metres per second,5,active,2.0.0,2.0.0,,
flowUnitSet_mgd,flowUnitSet,unitSets,mgd,Millions of gallons per day (MG/D),6,active,2.0.0,2.0.0,,
flowUnitSet_mld,flowUnitSet,unitSets,mld,Megalitres per day (ML/d),7,active,2.0.0,2.0.0,,
flowUnitSet_lday,flowUnitSet,unitSets,lday,Litres per day,8,active,3.0.0,3.0.0,,
flowUnitSet_lhour,flowUnitSet,unitSets,lhour,Liter per hour,9,active,3.0.0,3.0.0,,
flowUnitSet_lmin,flowUnitSet,unitSets,lmin,Liter per minute,10,active,3.0.0,3.0.0,,
flowUnitSet_lsec,flowUnitSet,unitSets,lsec,Liter per second,11,active,3.0.0,3.0.0,,
flowUnitSet_m3min,flowUnitSet,unitSets,m3min,Cubic meter per minute,12,active,3.0.0,3.0.0,,
flowUnitSet_hUn,flowUnitSet,unitSets,hUn,See Header for Unit,13,active,3.0.0,3.0.0,,
fractionSet_liq,fractionSet,mmaSets,liq,Liquid fraction,1,active,1.0.0,2.0.0,,
fractionSet_mix,fractionSet,mmaSets,mix,Mixed/homogenized sample,2,active,1.0.0,2.0.0,,
fractionSet_sol,fractionSet,mmaSets,sol,Solid fraction (general),3,active,1.0.0,2.0.0,,
fractionSet_NA,fractionSet,mmaSets,NA,Not applicable,4,active,2.0.0,2.0.0,,
fractionSet_solWet,fractionSet,mmaSets,solWet,Solid fraction (Wet),5,active,2.3.0,2.3.0,,
fractionSet_solDry,fractionSet,mmaSets,solDry,Solid Fraction (Dry),6,active,2.3.0,2.3.0,,
fractionSet_mul,fractionSet,mmaSets,mul,Multiple fraction,7,active,3.0.0,3.0.0,,
fullDictionarySheetSet_addresses,fullDictionarySheetSet,dictSets,addresses,Address table,1,active,2.0.0,2.0.0,,
fullDictionarySheetSet_contacts,fullDictionarySheetSet,dictSets,contacts,Contact table,2,active,2.0.0,2.0.0,,
fullDictionarySheetSet_datasets,fullDictionarySheetSet,dictSets,datasets,Dataset table,3,active,2.0.0,2.0.0,,
fullDictionarySheetSet_instruments,fullDictionarySheetSet,dictSets,instruments,Instrument table,4,active,2.0.0,2.0.0,,
fullDictionarySheetSet_languages,fullDictionarySheetSet,dictSets,languages,Language Look-up table,5,active,2.0.0,2.0.0,,
fullDictionarySheetSet_measures,fullDictionarySheetSet,dictSets,measures,Measure report table,6,active,2.0.0,2.0.0,,
fullDictionarySheetSet_measureSets,fullDictionarySheetSet,dictSets,measureSets,Measure set report table,7,active,2.0.0,2.0.0,,
fullDictionarySheetSet_organizations,fullDictionarySheetSet,dictSets,organizations,Organization table,8,active,2.0.0,2.0.0,,
fullDictionarySheetSet_parts,fullDictionarySheetSet,dictSets,parts,Parts Look-up table,9,active,2.0.0,2.0.0,,
fullDictionarySheetSet_polygons,fullDictionarySheetSet,dictSets,polygons,Polygon table,10,active,2.0.0,2.0.0,,
fullDictionarySheetSet_protocolRelationships,fullDictionarySheetSet,dictSets,protocolRelationships,Protocol relationships table,11,active,2.0.0,2.0.0,,
fullDictionarySheetSet_protocols,fullDictionarySheetSet,dictSets,protocols,Protocols table,12,active,2.0.0,2.0.0,,
fullDictionarySheetSet_protocolSteps,fullDictionarySheetSet,dictSets,protocolSteps,Protocol steps table,13,active,2.0.0,2.0.0,,
fullDictionarySheetSet_qualityReports,fullDictionarySheetSet,dictSets,qualityReports,Quality reports table,14,active,2.0.0,2.0.0,,
fullDictionarySheetSet_sampleRelationships,fullDictionarySheetSet,dictSets,sampleRelationships,Sample relationships table,15,active,2.0.0,2.0.0,,
fullDictionarySheetSet_samples,fullDictionarySheetSet,dictSets,samples,Sample report table,16,active,2.0.0,2.0.0,,
fullDictionarySheetSet_sets,fullDictionarySheetSet,dictSets,sets,Sets look-up table,17,active,2.0.0,2.0.0,,
fullDictionarySheetSet_sites,fullDictionarySheetSet,dictSets,sites,Sites table,18,active,2.0.0,2.0.0,,
fullDictionarySheetSet_translations,fullDictionarySheetSet,dictSets,translations,Translation look-up table,19,active,2.0.0,2.0.0,,
fullDictionarySheetSet_summary,fullDictionarySheetSet,dictSets,summary,Summary worksheet,20,active,2.0.0,2.0.0,,
fullDictionarySheetSet_lists,fullDictionarySheetSet,dictSets,lists,List worksheet,21,active,2.0.0,2.0.0,,
fullDictionarySheetSet_countries,fullDictionarySheetSet,dictSets,countries,Countries look-up tables,22,active,2.1.0,2.1.0,,
fullDictionarySheetSet_zones,fullDictionarySheetSet,dictSets,zones,Zones look-up table,23,active,2.1.0,2.1.0,,
fullDictionarySheetSet_wideNames,fullDictionarySheetSet,dictSets,wideNames,Wide name table,24,active,2.0.0,2.0.0,,
geneticUnitSet_boc,geneticUnitSet,unitSets,boc,Breadth of coverage (>=5x depth),1,active,2.0.0,2.0.0,,
geneticUnitSet_doc,geneticUnitSet,unitSets,doc,Depth of coverage,2,active,2.0.0,2.0.0,,
geneticUnitSet_det,geneticUnitSet,unitSets,det,Detected,3,active,2.0.0,2.0.0,,
geneticUnitSet_gcL,geneticUnitSet,unitSets,gcL,Gene copies per L,4,active,2.0.0,2.0.0,,
geneticUnitSet_prop,geneticUnitSet,unitSets,prop,Proportion of total,5,active,2.0.0,2.0.0,,
geneticUnitSet_propV,geneticUnitSet,unitSets,propV,Proportion of variant in sample,6,active,2.0.0,2.0.0,,
geneticUnitSet_gcCrA,geneticUnitSet,unitSets,gcCrA,Gene copies per copy of crAssphage,7,active,2.0.0,2.0.0,,
geneticUnitSet_gcDay100K,geneticUnitSet,unitSets,gcDay100K,"gene copies per day per 100,000 people",8,active,2.0.0,3.0.0,updated partID,
geneticUnitSet_gCGS,geneticUnitSet,unitSets,gCGS,Gene copies per gram solids,9,active,2.0.0,2.0.0,,
geneticUnitSet_gcMl,geneticUnitSet,unitSets,gcMl,Gene copies per mL,10,active,2.0.0,2.0.0,,
geneticUnitSet_gcPpmov,geneticUnitSet,unitSets,gcPpmov,Gene copies per PMMoV copy,11,active,2.0.0,2.0.0,,
geneticUnitSet_gc,geneticUnitSet,unitSets,gc,Gene copies,12,active,2.0.0,2.0.0,,
geneticUnitSet_ct,geneticUnitSet,unitSets,ct,Cycle threshold or quantification cycle (Ct or Cq),13,active,2.0.0,2.0.0,,
geneticUnitSet_slope,geneticUnitSet,unitSets,slope,slope,14,active,2.0.0,2.0.0,,
geneticUnitSet_inter,geneticUnitSet,unitSets,inter,Intercept,15,active,2.0.0,2.0.0,,
geneticUnitSet_efficient,geneticUnitSet,unitSets,efficient,Efficiency,16,active,2.0.0,2.0.0,,
geneticUnitSet_r2,geneticUnitSet,unitSets,r2,R squared,17,active,2.0.0,2.0.0,,
geneticUnitSet_ctcq,geneticUnitSet,unitSets,ctcq,Cycle threshold per quantification cycle,18,active,3.0.0,3.0.0,,
geneticUnitSet_gcDay,geneticUnitSet,unitSets,gcDay,Gene copies per day,19,active,3.0.0,3.0.0,,
geneticUnitSet_gcMl100k,geneticUnitSet,unitSets,gcMl100k,"Gene copies per millilitre per 100,000 people",20,active,3.0.0,3.0.0,,
geneticUnitSet_log10cpG,geneticUnitSet,unitSets,log10cpG,log10 gene copies per g,21,active,3.0.0,3.0.0,,
geneticUnitSet_log10cpL,geneticUnitSet,unitSets,log10cpL,log10 gene copies per L,22,active,3.0.0,3.0.0,,
geneticUnitSet_log10cpml,geneticUnitSet,unitSets,log10cpml,log10 gene copies per mL,23,active,3.0.0,3.0.0,,
geneticUnitSet_log10gc100mL,geneticUnitSet,unitSets,log10gc100mL,Log10 gene copies per 100 milliliter,24,active,3.0.0,3.0.0,,
geneticUnitSet_log10gcngDNA,geneticUnitSet,unitSets,log10gcngDNA,Log10 gene copies per nanogram total DNA,25,active,3.0.0,3.0.0,,
geneticUnitSet_log10ugG,geneticUnitSet,unitSets,log10ugG,log10 micrograms per g,26,active,3.0.0,3.0.0,,
geneticUnitSet_log10ugL,geneticUnitSet,unitSets,log10ugL,log10 micrograms per L,27,active,3.0.0,3.0.0,,
geneticUnitSet_pcrCycles,geneticUnitSet,unitSets,pcrCycles,PCR Quanitification Cycles,28,active,3.0.0,3.0.0,,
geneticUnitSet_hUn,geneticUnitSet,unitSets,hUn,See Header for Unit,29,active,3.0.0,3.0.0,,
genMissingnessSet_restrict,genMissingnessSet,missingnessSets,restrict,Restricted data,0,active,2.3.0,2.3.0,,
genMissingnessSet_null,genMissingnessSet,missingnessSets,null,Null,555,active,2.0.0,2.0.0,,
genMissingnessSet_undisc,genMissingnessSet,missingnessSets,undisc,Undisclosed or Not Provided,666,active,2.0.0,2.0.0,,
genMissingnessSet_nr,genMissingnessSet,missingnessSets,nr,Not reported,777,active,2.0.0,2.0.0,,
genMissingnessSet_nan,genMissingnessSet,missingnessSets,nan,Not a number,888,active,2.0.0,2.0.0,,
genMissingnessSet_NA,genMissingnessSet,missingnessSets,NA,Not applicable,999,active,2.0.0,2.0.0,,
genMissingnessSet_miss,genMissingnessSet,missingnessSets,miss,Missing data,444,active,3.0.0,3.0.0,,
genMissingnessSet_dnc,genMissingnessSet,missingnessSets,dnc,Data Not Collected,333,active,3.0.0,3.0.0,,
genQualitySet_noConcern,genQualitySet,qualityIndSets,noConcern,No quality concerns,1,active,2.0.0,2.0.0,,
genQualitySet_qf1,genQualitySet,qualityIndSets,qf1,Quality concerns,2,active,2.0.0,2.0.0,,
genQualitySet_mI,genQualitySet,qualityIndSets,mI,Multiple issues,3,active,2.0.0,2.0.0,,
geoTypeSet_hlthReg,geoTypeSet,mmaSets,hlthReg,Sewer Network Health Region,1,active,1.0.0,2.0.0,,
geoTypeSet_swrSet,geoTypeSet,mmaSets,swrSet,Sewer catchment area,2,active,1.0.0,2.0.0,,
gteSet_hySel,gteSet,mmaSets,hySel,Hybrid Selection Method,1,active,2.3.0,2.3.0,,
gteSet_rnaDepl,gteSet,mmaSets,rnaDepl,rRNA Depletion Method,2,active,2.3.0,2.3.0,,
humanCompartmentSet_hum,humanCompartmentSet,compartmentSets,hum,Human compartment,1,active,2.0.0,2.0.0,,
inhibitionSet_serialDilution,inhibitionSet,mmaSets,serialDilution,Serial dilution,1,active,2.0.0,2.0.0,,
inhibitionSet_spike,inhibitionSet,mmaSets,spike,Spike matrix and recovery,2,active,2.0.0,2.0.0,,
insTypeSet_aas,insTypeSet,mmaSets,aas,Atline Analyzer,1,active,1.0.0,2.0.0,,
insTypeSet_hma,insTypeSet,mmaSets,hma,Hand Measurement,2,active,1.0.0,2.0.0,,
insTypeSet_instrumentTypeOther,insTypeSet,mmaSets,instrumentTypeOther,Other instrument,3,active,1.0.0,2.0.0,,
insTypeSet_ola,insTypeSet,mmaSets,ola,Lab Analysis,4,active,1.0.0,2.0.0,,
insTypeSet_onse,insTypeSet,mmaSets,onse,Online Sensor,5,active,1.0.0,2.0.0,,
insTypeSet_qPCRinst,insTypeSet,mmaSets,qPCRinst,qPCR instruments (quantitative PCR),6,active,3.0.0,3.0.0,,
insTypeSet_rtqPCRinst,insTypeSet,mmaSets,rtqPCRinst,RT-qPCR intruments,7,active,3.0.0,3.0.0,,
insTypeSet_dPCRinst,insTypeSet,mmaSets,dPCRinst,Digital PCR (dPCR) intruments,8,active,3.0.0,3.0.0,,
insTypeSet_thermCyc,insTypeSet,mmaSets,thermCyc,Thermal cyclers,9,active,3.0.0,3.0.0,,
insTypeSet_ngsInst,insTypeSet,mmaSets,ngsInst,Next-Generation Sequencing (NGS) platforms or intruments,10,active,3.0.0,3.0.0,,
insTypeSet_libPrepInst,insTypeSet,mmaSets,libPrepInst,Library preparation instruments,11,active,3.0.0,3.0.0,,
insTypeSet_bioanalys,insTypeSet,mmaSets,bioanalys,Fragment analyzers or bioanalyzers,12,active,3.0.0,3.0.0,,
insTypeSet_spectroFluoro,insTypeSet,mmaSets,spectroFluoro,Spectrophotometers or fluorometers,13,active,3.0.0,3.0.0,,
insTypeSet_centriInst,insTypeSet,mmaSets,centriInst,Centrifuges,14,active,3.0.0,3.0.0,,
insTypeSet_filtInst,insTypeSet,mmaSets,filtInst,Filtration units,15,active,3.0.0,3.0.0,,
insTypeSet_ultraCentInst,insTypeSet,mmaSets,ultraCentInst,Ultracentrifuges,16,active,3.0.0,3.0.0,,
insTypeSet_magInst,insTypeSet,mmaSets,magInst,Magnetic separation racks,17,active,3.0.0,3.0.0,,
insTypeSet_autoInst,insTypeSet,mmaSets,autoInst,Autosamplers,18,active,3.0.0,3.0.0,,
insTypeSet_grabInst,insTypeSet,mmaSets,grabInst,Grab samplers,19,active,3.0.0,3.0.0,,
insTypeSet_flowInst,insTypeSet,mmaSets,flowInst,Flow meters,20,active,3.0.0,3.0.0,,
insTypeSet_enviroInst,insTypeSet,mmaSets,enviroInst,Temperature and pH probes,21,active,3.0.0,3.0.0,,
libraryKitSet_nexteraXT,libraryKitSet,mmaSets,nexteraXT,Nextera XT DNA Library Preparation Kit,1,active,2.3.0,2.3.0,,
libraryKitSet_dnaPrep,libraryKitSet,mmaSets,dnaPrep,Nextera DNA Flex/DNA Prep Library Prep Kit,2,active,2.3.0,2.3.0,,
libraryKitSet_nebnextUltraII,libraryKitSet,mmaSets,nebnextUltraII,NEBNext Ultra II DNA Library Prep Kit,3,active,2.3.0,2.3.0,,
libraryKitSet_kapaHyperPrep,libraryKitSet,mmaSets,kapaHyperPrep,KAPA HyperPrep Kit,4,active,2.3.0,2.3.0,,
libraryKitSet_swift2STurbo,libraryKitSet,mmaSets,swift2STurbo,Swift 2S Turbo DNA Library Kit,5,active,2.3.0,2.3.0,,
libraryKitSet_qiaSeqFX,libraryKitSet,mmaSets,qiaSeqFX,QIAseq FX DNA Library Kit,6,active,2.3.0,2.3.0,,
libraryKitSet_illuminaDNAprep,libraryKitSet,mmaSets,illuminaDNAprep,Illumina DNA Prep with Enrichment,7,active,2.3.0,2.3.0,,
libraryKitSet_sureSelectXThs2,libraryKitSet,mmaSets,sureSelectXThs2,SureSelect XT HS2 DNA Library Preparation Kit,8,active,2.3.0,2.3.0,,
libraryKitSet_accelNGS2Splus,libraryKitSet,mmaSets,accelNGS2Splus,Accel-NGS 2S Plus DNA Library Kit,9,active,2.3.0,2.3.0,,
libraryKitSet_ligaseDep,libraryKitSet,mmaSets,ligaseDep,Ligase-Dependent Library Prep Kits,10,active,2.3.0,2.3.0,,
libraryKitSet_thruPLEX,libraryKitSet,mmaSets,thruPLEX,ThruPLEX DNA-seq Kit,11,active,2.3.0,2.3.0,,
libraryKitSet_mgiEasy,libraryKitSet,mmaSets,mgiEasy,MGIEasy DNA Library Prep Kit,12,active,2.3.0,2.3.0,,
libraryKitSet_truSeqDNA,libraryKitSet,mmaSets,truSeqDNA,TruSeq DNA PCR-Free Library Prep Kit,13,active,2.3.0,2.3.0,,
libraryKitSet_smarterThruPLEX,libraryKitSet,mmaSets,smarterThruPLEX,SMARTer ThruPLEX Plasma-seq Kit,14,active,2.3.0,2.3.0,,
libraryKitSet_biooSci,libraryKitSet,mmaSets,biooSci,Bioo Scientific NEXTflex Rapid DNA-Seq Kit,15,active,2.3.0,2.3.0,,
libraryKitSet_covarisTruXTRAC,libraryKitSet,mmaSets,covarisTruXTRAC,Covaris truXTRAC FFPE DNA Library Kit,16,active,2.3.0,2.3.0,,
libraryKitSet_cleanPlex,libraryKitSet,mmaSets,cleanPlex,CleanPlex DNA Library Prep Kit,17,active,2.3.0,2.3.0,,
libraryKitSet_easySeqNGS,libraryKitSet,mmaSets,easySeqNGS,EasySeq NGS Targeted Capture Kit,18,active,2.3.0,2.3.0,,
libraryKitSet_apolloPrepX,libraryKitSet,mmaSets,apolloPrepX,Apollo PrepX Library Preparation Kits,19,active,2.3.0,2.3.0,,
licSet_afl30,licSet,mmaSets,afl30,Academic Free License v3.0,1,active,2.2.0,2.2.0,,
licSet_apache20,licSet,mmaSets,apache20,Apache license 2.0,2,active,2.2.0,2.2.0,,
licSet_artistic20,licSet,mmaSets,artistic20,Artistic license 2.0,3,active,2.2.0,2.2.0,,
licSet_bsl10,licSet,mmaSets,bsl10,Boost Software License 1.0,4,active,2.2.0,2.2.0,,
licSet_bsd2Clause,licSet,mmaSets,bsd2Clause,"BSD 2-clause ""Simplified"" license",5,active,2.2.0,2.2.0,,
licSet_bsd3Clause,licSet,mmaSets,bsd3Clause,"BSD 3-clause ""New"" or ""Revised"" license",6,active,2.2.0,2.2.0,,
licSet_bsd3ClauseClear,licSet,mmaSets,bsd3ClauseClear,BSD 3-clause Clear license,7,active,2.2.0,2.2.0,,
licSet_bsd4Clause,licSet,mmaSets,bsd4Clause,"BSD 4-clause ""Original"" or ""Old"" license",8,active,2.2.0,2.2.0,,
licSet_bsd0,licSet,mmaSets,bsd0,BSD Zero-Clause license,9,active,2.2.0,2.2.0,,
licSet_cecill21,licSet,mmaSets,cecill21,CeCILL Free Software License Agreement v2.1,10,active,2.2.0,2.2.0,,
licSet_cc010,licSet,mmaSets,cc010,Creative Commons Zero v1.0 Universal,11,active,2.2.0,2.2.0,,
licSet_ccby40,licSet,mmaSets,ccby40,Creative Commons Attribution 4.0,12,active,2.2.0,2.2.0,,
licSet_ccbysa40,licSet,mmaSets,ccbysa40,Creative Commons Attribution ShareAlike 4.0,13,active,2.2.0,2.2.0,,
licSet_wtfpl,licSet,mmaSets,wtfpl,Do What The F*ck You Want To Public License,14,active,2.2.0,2.2.0,,
licSet_ecl20,licSet,mmaSets,ecl20,Educational Community License v2.0,15,active,2.2.0,2.2.0,,
licSet_epl10,licSet,mmaSets,epl10,Eclipse Public License 1.0,16,active,2.2.0,2.2.0,,
licSet_epl20,licSet,mmaSets,epl20,Eclipse Public License 2.0,17,active,2.2.0,2.2.0,,
licSet_eupl11,licSet,mmaSets,eupl11,European Union Public License 1.1,18,active,2.2.0,2.2.0,,
licSet_eupl12,licSet,mmaSets,eupl12,European Union Public License 1.2,19,active,2.2.0,2.2.0,,
licSet_agpl30,licSet,mmaSets,agpl30,GNU Affero General Public License v3.0,20,active,2.2.0,2.2.0,,
licSet_gfdl13,licSet,mmaSets,gfdl13,GNU Free Documentation License v1.3,21,active,2.2.0,2.2.0,,
licSet_gpl20,licSet,mmaSets,gpl20,GNU General Public License v2.0,22,active,2.2.0,2.2.0,,
licSet_gpl30,licSet,mmaSets,gpl30,GNU General Public License v3.0,23,active,2.2.0,2.2.0,,
licSet_mulanPSL20,licSet,mmaSets,mulanPSL20,"Mulan Permissive Software License, Version 2",24,active,2.2.0,2.2.0,,
licSet_lgpl21,licSet,mmaSets,lgpl21,GNU Lesser General Public License v2.1,25,active,2.2.0,2.2.0,,
licSet_lgpl30,licSet,mmaSets,lgpl30,GNU Lesser General Public License v3.0,26,active,2.2.0,2.2.0,,
licSet_isc,licSet,mmaSets,isc,ISC,27,active,2.2.0,2.2.0,,
licSet_lppl13c,licSet,mmaSets,lppl13c,LaTeX Project Public License v1.3c,28,active,2.2.0,2.2.0,,
licSet_mspl,licSet,mmaSets,mspl,Microsoft Public License,29,active,2.2.0,2.2.0,,
licSet_mit0,licSet,mmaSets,mit0,MIT No Attribution,30,active,2.2.0,2.2.0,,
licSet_mit,licSet,mmaSets,mit,MIT,31,active,2.2.0,2.2.0,,
licSet_mpl20,licSet,mmaSets,mpl20,Mozilla Public License 2.0,32,active,2.2.0,2.2.0,,
licSet_osl30,licSet,mmaSets,osl30,Open Software License 3.0,33,active,2.2.0,2.2.0,,
licSet_postgreSQL,licSet,mmaSets,postgreSQL,PostgreSQL License,34,active,2.2.0,2.2.0,,
licSet_ofl11,licSet,mmaSets,ofl11,SIL Open Font License 1.1,35,active,2.2.0,2.2.0,,
licSet_ncsa,licSet,mmaSets,ncsa,University of Illinois/NCSA Open Source License,36,active,2.2.0,2.2.0,,
licSet_unlicense,licSet,mmaSets,unlicense,The Unlicense,37,active,2.2.0,2.2.0,,
licSet_zlib,licSet,mmaSets,zlib,zLib License,38,active,2.2.0,2.2.0,,
licSet_open,licSet,mmaSets,open,Open license not otherwise described,39,active,2.2.0,2.2.0,,
licSet_private,licSet,mmaSets,private,Private data - not for disemination,40,active,2.2.0,2.2.0,,
licSet_ccbyncsa40,licSet,mmaSets,ccbyncsa40,CC BY-NC-SA 4.0 license,41,active,2.2.3,2.2.3,,
licSet_ccbync40,licSet,mmaSets,ccbync40,CC BY-NC 4.0 license,42,active,2.2.3,2.2.3,,
linearAggrSet_pmFloMean,linearAggrSet,aggregationSets,pmFloMean,PMMoV- and flow-normalized mean,1,active,2.0.0,2.0.0,,
linearAggrSet_pmmovNorm,linearAggrSet,aggregationSets,pmmovNorm,PMMoV-normalized mean,2,active,2.0.0,2.0.0,,
linearAggrSet_upperCI95,linearAggrSet,aggregationSets,upperCI95,Upper limit of a 95% confidence interval,3,active,2.0.0,2.0.0,,
linearAggrSet_sdn,linearAggrSet,aggregationSets,sdn,Normalized standard deviation,4,active,1.0.0,2.0.0,,
linearAggrSet_menr,linearAggrSet,aggregationSets,menr,Normalized arithmetic mean,5,active,1.0.0,2.0.0,,
linearAggrSet_lowerCI95,linearAggrSet,aggregationSets,lowerCI95,Lower limit of a 95% confidence interval,6,active,2.0.0,2.0.0,,
linearAggrSet_floMean,linearAggrSet,aggregationSets,floMean,Flow-normalized mean,7,active,2.0.0,2.0.0,,
linearAggrSet_maxVal,linearAggrSet,aggregationSets,maxVal,Maximum value,8,active,2.0.0,2.0.0,,
linearAggrSet_me,linearAggrSet,aggregationSets,me,Arithmetic mean,9,active,2.0.0,2.0.0,,
linearAggrSet_med,linearAggrSet,aggregationSets,med,Median,10,active,2.0.0,2.0.0,,
linearAggrSet_minVal,linearAggrSet,aggregationSets,minVal,Minimum value,11,active,2.0.0,2.0.0,,
linearAggrSet_sd,linearAggrSet,aggregationSets,sd,Standard deviation,12,active,2.0.0,2.0.0,,
linearAggrSet_sin,linearAggrSet,aggregationSets,sin,Single,13,active,2.0.0,2.0.0,,
linearAggrSet_cuCo,linearAggrSet,aggregationSets,cuCo,Cumulative count,14,active,3.0.0,3.0.0,,
linearAggrSet_daiCo,linearAggrSet,aggregationSets,daiCo,Daily count,15,active,3.0.0,3.0.0,,
linearAggrSet_epiMean,linearAggrSet,aggregationSets,epiMean,EpiWeek Mean,16,active,3.0.0,3.0.0,,
linearAggrSet_sum14,linearAggrSet,aggregationSets,sum14,Rolling sum of previous 14 days,17,active,3.0.0,3.0.0,,
linearAggrSet_total,linearAggrSet,aggregationSets,total,Total amount or count - the sum,18,active,3.0.0,3.0.0,,
linearAggrSet_stEr,linearAggrSet,aggregationSets,stEr,Standard Error,19,active,3.0.0,3.0.0,,
listSet_dataTypes,listSet,dictSets,dataTypes,Data types,1,active,2.0.0,2.0.0,,
listSet_aggregationScales,listSet,dictSets,aggregationScales,Aggregation scales,2,active,2.0.0,2.0.0,,
listSet_aggregations,listSet,dictSets,aggregations,Aggregations,3,active,2.0.0,2.0.0,,
listSet_attributes,listSet,dictSets,attributes,Attributes,4,active,2.0.0,2.0.0,,
listSet_classes,listSet,dictSets,classes,Classes,5,active,2.0.0,2.0.0,,
listSet_compartments,listSet,dictSets,compartments,Compartments,6,active,2.0.0,2.0.0,,
listSet_domains,listSet,dictSets,domains,Domains,7,active,2.0.0,2.0.0,,
listSet_groups,listSet,dictSets,groups,Groups,8,active,2.0.0,2.0.0,,
listSet_measurements,listSet,dictSets,measurements,Measures,9,active,2.0.0,2.0.0,,
listSet_methods,listSet,dictSets,methods,Methods,10,active,2.0.0,2.0.0,,
listSet_missingness,listSet,dictSets,missingness,Missingness,11,active,2.0.0,2.0.0,,
listSet_nomenclatures,listSet,dictSets,nomenclatures,Nomenclatures,12,active,2.0.0,2.0.0,,
listSet_qualityIndicators,listSet,dictSets,qualityIndicators,Quality indicators,13,active,2.0.0,2.0.0,,
listSet_specimens,listSet,dictSets,specimens,Specimens,14,active,2.0.0,2.0.0,,
listSet_tables,listSet,dictSets,tables,Tables,15,active,2.0.0,2.0.0,,
listSet_units,listSet,dictSets,units,Units,16,active,2.0.0,2.0.0,,
logAggrSet_pmFloMean,logAggrSet,aggregationSets,pmFloMean,PMMoV- and flow-normalized mean,1,active,2.0.0,2.0.0,,
logAggrSet_pmmovNorm,logAggrSet,aggregationSets,pmmovNorm,PMMoV-normalized mean,2,active,2.0.0,2.0.0,,
logAggrSet_upperCI95,logAggrSet,aggregationSets,upperCI95,Upper limit of a 95% confidence interval,3,active,2.0.0,2.0.0,,
logAggrSet_lowerCI95,logAggrSet,aggregationSets,lowerCI95,Lower limit of a 95% confidence interval,4,active,2.0.0,2.0.0,,
logAggrSet_floMean,logAggrSet,aggregationSets,floMean,Flow-normalized mean,5,active,2.0.0,2.0.0,,
logAggrSet_ngmn,logAggrSet,aggregationSets,ngmn,Normalized geometric mean,6,active,1.0.0,2.0.0,,
logAggrSet_gmn,logAggrSet,aggregationSets,gmn,Geometric mean,7,active,2.0.0,2.0.0,,
logAggrSet_maxVal,logAggrSet,aggregationSets,maxVal,Maximum value,8,active,2.0.0,2.0.0,,
logAggrSet_minVal,logAggrSet,aggregationSets,minVal,Minimum value,9,active,2.0.0,2.0.0,,
logAggrSet_sin,logAggrSet,aggregationSets,sin,Single,10,active,2.0.0,2.0.0,,
logAggrSet_stEr,logAggrSet,aggregationSets,stEr,Standard Error,11,active,3.0.0,3.0.0,,
matCharSet_stag,matCharSet,mmaSets,stag,Stagnant,20,active,2.3.0,2.3.0,,
matCharSet_slFlow,matCharSet,mmaSets,slFlow,Slow-flowing,21,active,2.3.0,2.3.0,,
matCharSet_faFlow,matCharSet,mmaSets,faFlow,Fast-flowing,22,active,2.3.0,2.3.0,,
matCharSet_liquidMat,matCharSet,mmaSets,liquidMat,Liquid,23,active,2.3.0,2.3.0,,
matCharSet_slur,matCharSet,mmaSets,slur,Slurry,24,active,2.3.0,2.3.0,,
matCharSet_contam,matCharSet,mmaSets,contam,Contamination,25,active,2.3.0,2.3.0,,
matCharSet_fecContam,matCharSet,mmaSets,fecContam,Fecal-contamination,26,active,2.3.0,2.3.0,,
matCharSet_semSol,matCharSet,mmaSets,semSol,Semi-solid,27,active,2.3.0,2.3.0,,
matCharSet_solidMat,matCharSet,mmaSets,solidMat,Solid,28,active,2.3.0,2.3.0,,
matCharSet_treat,matCharSet,mmaSets,treat,Treated,29,active,2.3.0,2.3.0,,
matCharSet_untreat,matCharSet,mmaSets,untreat,Untreated,30,active,2.3.0,2.3.0,,
measQualitySet_noConcern,measQualitySet,qualityIndSets,noConcern,No quality concerns,1,active,2.0.0,2.0.0,,
measQualitySet_qf1,measQualitySet,qualityIndSets,qf1,Quality concerns,2,active,2.0.0,2.0.0,,
measQualitySet_mI,measQualitySet,qualityIndSets,mI,Multiple issues,3,active,2.0.0,2.0.0,,
measQualitySet_flagAI,measQualitySet,qualityIndSets,flagAI,AI - Inhibition present but addressed,4,active,2.0.0,2.0.0,,
measQualitySet_flagB,measQualitySet,qualityIndSets,flagB,B - Trace levels of contamination,5,active,2.0.0,2.0.0,,
measQualitySet_expFail,measQualitySet,qualityIndSets,expFail,Experiment Failed,6,active,2.0.0,2.0.0,,
measQualitySet_flagFI,measQualitySet,qualityIndSets,flagFI,FI - Inhibition present and unaddressed,7,active,2.0.0,2.0.0,,
measQualitySet_flagJ,measQualitySet,qualityIndSets,flagJ,J - Weak signal extrapolation,8,active,2.0.0,2.0.0,,
measQualitySet_flagND,measQualitySet,qualityIndSets,flagND,ND - Non-detect,9,active,2.0.0,2.0.0,,
measQualitySet_flagUJ,measQualitySet,qualityIndSets,flagUJ,UJ - Trace signal extrapolation,11,active,2.0.0,2.0.0,,
measQualitySet_flagUQ,measQualitySet,qualityIndSets,flagUQ,UQ - Unquantifiable,12,active,2.0.0,2.0.0,,
measQualitySet_lBC,measQualitySet,qualityIndSets,lBC,Low breadth of coverage,14,active,2.0.0,2.0.0,,
measQualitySet_lDC,measQualitySet,qualityIndSets,lDC,Low depth of coverage,15,active,2.0.0,2.0.0,,
measQualitySet_noTime,measQualitySet,qualityIndSets,noTime,Sample missing time stamp,16,active,2.0.0,2.0.0,,
measQualitySet_sC,measQualitySet,qualityIndSets,sC,Sparse coverage,17,active,2.0.0,2.0.0,,
measQualitySet_wI,measQualitySet,qualityIndSets,wI,Wide 95% interval,19,active,2.0.0,2.0.0,,
measQualitySet_oor,measQualitySet,qualityIndSets,oor,Value out of range,20,active,2.0.0,2.0.0,,
measQualitySet_out,measQualitySet,qualityIndSets,out,Value is an outlier,21,active,2.0.0,2.0.0,,
measQualitySet_beLOD,measQualitySet,qualityIndSets,beLOD,Below LOD,22,active,2.2.0,2.2.0,,
measQualitySet_ntcAmp,measQualitySet,qualityIndSets,ntcAmp,NTC Amplification Detected,23,active,2.2.0,2.2.0,,
measQualitySet_belowLOQ,measQualitySet,qualityIndSets,belowLOQ,Measured levels below LOQ,24,active,3.0.0,3.0.0,,
measQualitySet_delayArriv,measQualitySet,qualityIndSets,delayArriv,Delayed Arrival or Prolonged Transit,25,active,3.0.0,3.0.0,,
methodConcSet_aloh3,methodConcSet,mmaSets,aloh3,Aloh3 precipitation,1,active,2.0.0,2.0.0,,
methodConcSet_amiconUf,methodConcSet,mmaSets,amiconUf,Amicon ultrafiltration,2,active,2.0.0,2.0.0,,
methodConcSet_beeExtractFloc,methodConcSet,mmaSets,beeExtractFloc,Beef extract flocculation,3,active,2.0.0,2.0.0,,
methodConcSet_centriconUf,methodConcSet,mmaSets,centriconUf,Centricon ultrafiltration,4,active,2.0.0,2.0.0,,
methodConcSet_ceres,methodConcSet,mmaSets,ceres,Ceres nanotrap,5,active,2.0.0,2.0.0,,
methodConcSet_hollowFiberUF,methodConcSet,mmaSets,hollowFiberUF,Hollow fiber dead end ultrafiltration,6,active,2.0.0,2.0.0,,
methodConcSet_innovaprepUF,methodConcSet,mmaSets,innovaprepUF,Innovaprep ultrafiltration,7,active,2.0.0,2.0.0,,
methodConcSet_peg,methodConcSet,mmaSets,peg,Polyethyleneglycol (PEG) precipitation,8,active,2.0.0,2.0.0,,
methodConcSet_skimMilkFloc,methodConcSet,mmaSets,skimMilkFloc,Skimmed milk flocculation,9,active,2.0.0,2.0.0,,
methodConcSet_untracent,methodConcSet,mmaSets,untracent,Ultracentrifugation,10,active,2.0.0,2.0.0,,
methodConcSet_mfAcidmgcl2,methodConcSet,mmaSets,mfAcidmgcl2,Membrane filtration with acidification and mgcl2,11,active,2.0.0,2.0.0,,
methodConcSet_mfAcidmgcl2SS,methodConcSet,mmaSets,mfAcidmgcl2SS,"Membrane filtration with acidification and mgcl2, membrane recombined with separated solids",12,active,2.0.0,2.0.0,,
methodConcSet_mfMgcl2,methodConcSet,mmaSets,mfMgcl2,Membrane filtration with addition of mgcl2,13,active,2.0.0,2.0.0,,
methodConcSet_mfMgcl2SS,methodConcSet,mmaSets,mfMgcl2SS,Membrane filtration with  mgcl2 and separated solids,14,active,2.0.0,2.0.0,,
methodConcSet_mfNoAmend,methodConcSet,mmaSets,mfNoAmend,Membrane filtration with no amendment,15,active,2.0.0,2.0.0,,
methodConcSet_mfNoAmendSS,methodConcSet,mmaSets,mfNoAmendSS,"Membrane filtration with no amendment, membrane recombined with separated solids",16,active,2.0.0,2.0.0,,
methodConcSet_mfSampleAcid,methodConcSet,mmaSets,mfSampleAcid,Membrane filtration with sample acidification,17,active,2.0.0,2.0.0,,
methodConcSet_mfSampleAcidSS,methodConcSet,mmaSets,mfSampleAcidSS,"Membrane filtration with sample acidification, membrane recombined with separated solids",18,active,2.0.0,2.0.0,,
methodConcSet_noliquid,methodConcSet,mmaSets,noliquid,"No liquid concentration, liquid recombined with separated solids",19,active,2.0.0,2.0.0,,
methodConcSet_noSep,methodConcSet,mmaSets,noSep,No Seperation or Concentration,20,active,2.2.0,2.2.0,,
methodConcSet_promegaLVTNA,methodConcSet,mmaSets,promegaLVTNA,promega wastewater large volume tna capture kit,21,active,2.2.0,2.2.0,,
methodConcSet_zymoWatRNA,methodConcSet,mmaSets,zymoWatRNA,zymo environ water rna kit/ zymo environ water rna kit (cat. r2042),22,active,2.2.0,2.2.0,,
methodConcSet_memMgCl3,methodConcSet,mmaSets,memMgCl3,membrane filtration with addition of mgcl3,23,active,2.2.0,2.2.0,,
methodConcSet_watConcBuff,methodConcSet,mmaSets,watConcBuff,water concentrating buffer (R2042-1),24,active,2.2.0,2.2.0,,
methodConcSet_floc,methodConcSet,mmaSets,floc,Flocculation,25,active,2.3.0,2.3.0,,
methodConcSet_magBead,methodConcSet,mmaSets,magBead,Magnetic nanobead binding,26,active,2.3.0,2.3.0,,
methodConcSet_prec,methodConcSet,mmaSets,prec,Precipitation (from solution),27,active,2.3.0,2.3.0,,
naAggrSet_naAggr,naAggrSet,aggregationSets,naAggr,Aggregation not applicable,1,active,2.0.0,2.0.0,,
naCompartmentSet_naCompartment,naCompartmentSet,compartmentSets,naCompartment,Compartment not applicable,1,active,2.0.0,2.0.0,,
naSpecimenSet_naSpecimen,naSpecimenSet,specimenSets,naSpecimen,Specimen not applicable,1,active,2.0.0,2.0.0,,
naUnitSet_naUnit,naUnitSet,unitSets,naUnit,Unit not applicable,1,active,2.0.0,2.0.0,,
nrNAMissingnessSet_nr,nrNAMissingnessSet,missingnessSets,nr,Not reported,777,active,2.0.0,2.0.0,,
nrNAMissingnessSet_NA,nrNAMissingnessSet,missingnessSets,NA,Not applicable,999,active,2.0.0,2.0.0,,
ogFormSet_phesODMFormV1,ogFormSet,mmaSets,phesODMFormV1,PHES-ODM Version 1 Format,1,active,2.3.0,2.3.0,,
ogFormSet_pha4geForm,ogFormSet,mmaSets,pha4geForm,PHA4GE Format,2,active,2.3.0,2.3.0,,
ogFormSet_nwssForm,ogFormSet,mmaSets,nwssForm,US-CDC NWSS Format,3,active,2.3.0,2.3.0,,
ogFormSet_ncbiForm,ogFormSet,mmaSets,ncbiForm,NCBI Format,4,active,2.3.0,2.3.0,,
ogFormSet_enaForm,ogFormSet,mmaSets,enaForm,ENA Format,5,active,2.3.0,2.3.0,,
ogFormSet_normanForm,ogFormSet,mmaSets,normanForm,Norman Format,6,active,2.3.0,2.3.0,,
ogFormSet_wSphereForm,ogFormSet,mmaSets,wSphereForm,wSphere Format,7,active,2.3.0,2.3.0,,
ogFormSet_otherForm,ogFormSet,mmaSets,otherForm,Other (or proprietary) Format,8,active,2.3.0,2.3.0,,
ogFormSet_phesODMFormV2,ogFormSet,mmaSets,phesODMFormV2,PHES-ODM Version 2 Format,9,active,3.0.0,3.0.0,,
ogFormSet_phesODMFormV3,ogFormSet,mmaSets,phesODMFormV3,PHES-ODM Version 3 Format,10,active,3.0.0,3.0.0,,
orgLevelSet_neighborLevel,orgLevelSet,mmaSets,neighborLevel,Local administrative units or neighborhoods,1,active,2.0.0,2.0.0,,
orgLevelSet_municipalLevel,orgLevelSet,mmaSets,municipalLevel,Municipalities or communes,2,active,2.0.0,2.0.0,,
orgLevelSet_stateProvLevel,orgLevelSet,mmaSets,stateProvLevel,"Departments, states, or provinces",3,active,2.0.0,2.0.0,,
orgLevelSet_admRegLevel,orgLevelSet,mmaSets,admRegLevel,Administrative regions,4,active,2.0.0,2.0.0,,
orgLevelSet_countryLevel,orgLevelSet,mmaSets,countryLevel,Countries or sovereign states,5,active,2.0.0,2.0.0,,
orgLevelSet_countyLevel,orgLevelSet,mmaSets,countyLevel,"Districts, counties, regions",6,active,2.0.0,2.0.0,,
orgSectorSet_healthAdm,orgSectorSet,mmaSets,healthAdm,Health administration or planning agency,1,active,2.0.0,2.0.0,,
orgSectorSet_fiNa,orgSectorSet,mmaSets,fiNa,First Nation,2,active,2.0.0,2.0.0,,
orgSectorSet_utilities,orgSectorSet,mmaSets,utilities,Utilities sector or organization,3,active,2.2.0,2.2.0,,
orgSectorSet_dataColl,orgSectorSet,mmaSets,dataColl,Data collection sector or organization,4,active,2.2.0,2.2.0,,
orgSectorSet_pubHealth,orgSectorSet,mmaSets,pubHealth,Public health agency,5,active,2.0.0,2.0.0,,
orgSectorSet_research,orgSectorSet,mmaSets,research,Research sector or organization,6,active,2.2.0,2.2.0,,
orgSectorSet_policy,orgSectorSet,mmaSets,policy,Policy and political sector or organization,7,active,2.2.0,2.2.0,,
orgSectorSet_wta,orgSectorSet,mmaSets,wta,Wastewater Treatment Agency,8,active,2.3.0,2.3.0,,
orgSectorSet_wtpo,orgSectorSet,mmaSets,wtpo,Wastewater Treatment Plant Operator,9,active,2.3.0,2.3.0,,
orgSectorSet_pubAuth,orgSectorSet,mmaSets,pubAuth,Public Authority,10,active,2.3.0,2.3.0,,
orgSectorSet_pubAdm,orgSectorSet,mmaSets,pubAdm,Public Administration,11,active,2.3.0,2.3.0,,
orgSectorSet_lab,orgSectorSet,mmaSets,lab,Laboratory,12,active,3.0.0,3.0.0,,
orgTypeSet_academ,orgTypeSet,mmaSets,academ,Academic institution,1,active,2.0.0,2.0.0,,
orgTypeSet_govt,orgTypeSet,mmaSets,govt,Government agency,2,active,2.0.0,2.0.0,,
orgTypeSet_priv,orgTypeSet,mmaSets,priv,Private sector,3,active,2.0.0,2.0.0,,
originSet_derived,originSet,mmaSets,derived,Derived data,1,active,2.0.0,2.0.0,,
originSet_field,originSet,mmaSets,field,Field sample,2,active,2.0.0,2.0.0,,
originSet_synthetic,originSet,mmaSets,synthetic,Synthetic sample,3,active,2.0.0,2.0.0,,
otherAggrSet_upperCI95,otherAggrSet,aggregationSets,upperCI95,Upper limit of a 95% confidence interval,1,active,2.0.0,2.0.0,,
otherAggrSet_sdn,otherAggrSet,aggregationSets,sdn,Normalized standard deviation,2,active,2.0.0,2.0.0,,
otherAggrSet_menr,otherAggrSet,aggregationSets,menr,Normalized arithmetic mean,3,active,1.0.0,2.0.0,,
otherAggrSet_ngmn,otherAggrSet,aggregationSets,ngmn,Normalized geometric mean,4,active,1.0.0,2.0.0,,
otherAggrSet_lowerCI95,otherAggrSet,aggregationSets,lowerCI95,Lower limit of a 95% confidence interval,5,active,2.0.0,2.0.0,,
otherAggrSet_floMean,otherAggrSet,aggregationSets,floMean,Flow-normalized mean,6,active,2.0.0,2.0.0,,
otherAggrSet_gmn,otherAggrSet,aggregationSets,gmn,Geometric mean,7,active,2.0.0,2.0.0,,
otherAggrSet_minVal,otherAggrSet,aggregationSets,minVal,Minimum value,8,active,2.0.0,2.0.0,,
otherAggrSet_maxVal,otherAggrSet,aggregationSets,maxVal,Maximum value,9,active,2.0.0,2.0.0,,
otherAggrSet_me,otherAggrSet,aggregationSets,me,Arithmetic mean,10,active,2.0.0,2.0.0,,
otherAggrSet_med,otherAggrSet,aggregationSets,med,Median,11,active,2.0.0,2.0.0,,
otherAggrSet_naAggr,otherAggrSet,aggregationSets,naAggr,Aggregation not applicable,14,active,2.0.0,2.0.0,,
otherAggrSet_sd,otherAggrSet,aggregationSets,sd,Standard deviation,15,active,2.0.0,2.0.0,,
otherAggrSet_sin,otherAggrSet,aggregationSets,sin,Single,16,active,2.0.0,2.0.0,,
otherAggrSet_hAg,otherAggrSet,aggregationSets,hAg,See Header for Aggregation,17,active,3.0.0,3.0.0,,
otherAggrSet_stEr,otherAggrSet,aggregationSets,stEr,Standard Error,18,active,3.0.0,3.0.0,,
otherAggrSet_cuCo,otherAggrSet,aggregationSets,cuCo,Cumulative count,19,active,3.0.0,3.0.0,,
otherAggrSet_daiCo,otherAggrSet,aggregationSets,daiCo,Daily count,20,active,3.0.0,3.0.0,,
otherAggrSet_epiMean,otherAggrSet,aggregationSets,epiMean,EpiWeek Mean,21,active,3.0.0,3.0.0,,
otherAggrSet_sum14,otherAggrSet,aggregationSets,sum14,Rolling sum of previous 14 days,22,active,3.0.0,3.0.0,,
otherAggrSet_total,otherAggrSet,aggregationSets,total,Total amount or count - the sum,23,active,3.0.0,3.0.0,,
otherReportTableSet_polygons,otherReportTableSet,dictSets,polygons,Polygon table,1,active,2.0.0,2.0.0,,
otherReportTableSet_datasets,otherReportTableSet,dictSets,datasets,Dataset table,2,active,2.0.0,2.0.0,,
outbreakSet_outbEnd,outbreakSet,mmaSets,outbEnd,End of Outbreak,1,active,2.0.0,3.0.0,,
outbreakSet_outbOngoing,outbreakSet,mmaSets,outbOngoing,Outbreak - on-going,2,active,2.0.0,3.0.0,,
outbreakSet_outbStart,outbreakSet,mmaSets,outbStart,Declared outbreak or Outbreak start,3,active,2.0.0,3.0.0,,
outbreakSet_phEmerg,outbreakSet,mmaSets,phEmerg,Public health emergency (outbreak),4,active,3.0.0,3.0.0,,
pcrActSet_rt,pcrActSet,mmaSets,rt,reverse transcription,1,active,2.0.0,2.0.0,,
pcrActSet_pAct,pcrActSet,mmaSets,pAct,polymerase activation,2,active,2.0.0,3.0.0,updated partID,
pcrActSet_denat,pcrActSet,mmaSets,denat,denaturation,3,active,2.0.0,2.0.0,,
pcrActSet_anneal,pcrActSet,mmaSets,anneal,annealing/extension,4,active,2.0.0,2.0.0,,
pcrQualitySet_flagAI,pcrQualitySet,qualityIndSets,flagAI,AI - Inhibition present but addressed,1,active,2.0.0,2.0.0,,
pcrQualitySet_flagB,pcrQualitySet,qualityIndSets,flagB,B - Trace levels of contamination,2,active,2.0.0,2.0.0,,
pcrQualitySet_expFail,pcrQualitySet,qualityIndSets,expFail,Experiment Failed,3,active,2.0.0,2.0.0,,
pcrQualitySet_flagFI,pcrQualitySet,qualityIndSets,flagFI,FI - Inhibition present and unaddressed,4,active,2.0.0,2.0.0,,
pcrQualitySet_flagJ,pcrQualitySet,qualityIndSets,flagJ,J - Weak signal extrapolation,5,active,2.0.0,2.0.0,,
pcrQualitySet_flagND,pcrQualitySet,qualityIndSets,flagND,ND - Non-detect,6,active,2.0.0,2.0.0,,
pcrQualitySet_noConcern,pcrQualitySet,qualityIndSets,noConcern,No quality concerns,7,active,2.0.0,2.0.0,,
pcrQualitySet_flagUJ,pcrQualitySet,qualityIndSets,flagUJ,UJ - Trace signal extrapolation,8,active,2.0.0,2.0.0,,
pcrQualitySet_flagUQ,pcrQualitySet,qualityIndSets,flagUQ,UQ - Unquantifiable,9,active,2.0.0,2.0.0,,
pcrQualitySet_oor,pcrQualitySet,qualityIndSets,oor,Value out of range,10,active,2.0.0,2.0.0,,
pcrQualitySet_out,pcrQualitySet,qualityIndSets,out,Value is an outlier,11,active,2.0.0,2.0.0,,
pcrQualitySet_beLOD,pcrQualitySet,qualityIndSets,beLOD,Below LOD,12,active,2.2.0,2.2.0,,
pcrQualitySet_ntcAmp,pcrQualitySet,qualityIndSets,ntcAmp,NTC Amplification Detected,13,active,2.2.0,2.2.0,,
pcrQualitySet_belowLOQ,pcrQualitySet,qualityIndSets,belowLOQ,Measured levels below LOQ,14,active,3.0.0,3.0.0,,
pcrSet_bioRadDdpcr,pcrSet,mmaSets,bioRadDdpcr,Digital droplet emulsification PCR,1,active,2.0.0,2.0.0,,
pcrSet_fluiDpcr,pcrSet,mmaSets,fluiDpcr,Fluidigm digital PCR,2,active,2.0.0,2.0.0,,
pcrSet_ltDpcr,pcrSet,mmaSets,ltDpcr,Life technologies digital PCR,3,active,2.0.0,2.0.0,,
pcrSet_qgDpcr,pcrSet,mmaSets,qgDpcr,qiagen digital PCR,4,active,2.0.0,2.0.0,,
pcrSet_qpcr,pcrSet,mmaSets,qpcr,Quantitative Real-Time PCR,5,active,2.0.0,2.0.0,,
pcrSet_rainDpcr,pcrSet,mmaSets,rainDpcr,Raindance digital PCR,6,active,2.0.0,2.0.0,,
pcrSet_sinProbeOne,pcrSet,mmaSets,sinProbeOne,"Singleplex, probe-based, one-step RT-qPCR",7,active,2.2.0,2.2.0,,
pcrSet_dpcr,pcrSet,mmaSets,dpcr,Digital PCR (dPCR),8,active,2.2.0,2.2.0,,
pcrSet_ddpcr,pcrSet,mmaSets,ddpcr,Digital Droplet PCR (ddPCR),9,active,2.2.0,2.2.0,,
percentUnitSet_perc,percentUnitSet,unitSets,perc,Percent,1,active,3.0.0,3.0.0,,
percentUnitSet_hUn,percentUnitSet,unitSets,hUn,See Header for Unit,2,active,3.0.0,3.0.0,,
phAdviseSet_travWa,phAdviseSet,mmaSets,travWa,Travel warning,1,active,3.0.0,3.0.0,,
phAdviseSet_travBa,phAdviseSet,mmaSets,travBa,Travel ban,2,active,3.0.0,3.0.0,,
phAdviseSet_maskRec,phAdviseSet,mmaSets,maskRec,Mask recommendation,3,active,3.0.0,3.0.0,,
phAdviseSet_quarRec,phAdviseSet,mmaSets,quarRec,Quarantine recommendation,4,active,3.0.0,3.0.0,,
phAdviseSet_handHygAdv,phAdviseSet,mmaSets,handHygAdv,Hand hygiene advisory,5,active,3.0.0,3.0.0,,
phAdviseSet_vaxSched,phAdviseSet,mmaSets,vaxSched,Change to Vaccine Schedule,6,active,3.0.0,3.0.0,,
polySiSpecimenSet_poly,polySiSpecimenSet,specimenSets,poly,Polygon,1,active,3.0.0,3.0.0,,
polySiSpecimenSet_sit,polySiSpecimenSet,specimenSets,sit,Site,2,active,3.0.0,3.0.0,,
polySpecimenSet_poly,polySpecimenSet,specimenSets,poly,Polygon,1,active,3.0.0,3.0.0,,
popAreaSet_suburban,popAreaSet,mmaSets,suburban,Suburban,1,active,2.3.0,2.3.0,,
popAreaSet_rural,popAreaSet,mmaSets,rural,Rural,2,active,2.3.0,2.3.0,,
popAreaSet_urban,popAreaSet,mmaSets,urban,Urban,3,active,2.3.0,2.3.0,,
popDensUnitSet_personPerMile,popDensUnitSet,unitSets,personPerMile,Persons per square mile,1,active,2.3.0,2.3.0,,
popDensUnitSet_personPerKm,popDensUnitSet,unitSets,personPerKm,Persons for square kilometre,2,active,2.3.0,2.3.0,,
popDensUnitSet_resPerMile,popDensUnitSet,unitSets,resPerMile,Residents per square mile,3,active,2.3.0,2.3.0,,
popDensUnitSet_resPerKm,popDensUnitSet,unitSets,resPerKm,Residents per square kilometre,4,active,2.3.0,2.3.0,,
popDensUnitSet_hUn,popDensUnitSet,unitSets,hUn,See Header for Unit,5,active,3.0.0,3.0.0,,
popIntSet_less10,popIntSet,mmaSets,less10,<10 people,1,active,3.0.0,3.0.0,,
popIntSet_less100,popIntSet,mmaSets,less100,10 - 100 people,2,active,3.0.0,3.0.0,,
popIntSet_less100k,popIntSet,mmaSets,less100k,"10,000 - 100,000 people",3,active,3.0.0,3.0.0,,
popIntSet_less10k,popIntSet,mmaSets,less10k,"1,000 - 10,000 people",4,active,3.0.0,3.0.0,,
popIntSet_less1k,popIntSet,mmaSets,less1k,"100 - 1,000 people",5,active,3.0.0,3.0.0,,
popIntSet_less1mil,popIntSet,mmaSets,less1mil,"100,000 -  1,000,000 people",6,active,3.0.0,3.0.0,,
popIntSet_more1mil,popIntSet,mmaSets,more1mil,"1,000,000+ people",7,active,3.0.0,3.0.0,,
popMetSet_census,popMetSet,mmaSets,census,Population census,1,active,2.3.0,2.3.0,,
popMetSet_count,popMetSet,mmaSets,count,Population count,2,active,2.3.0,2.3.0,,
popMetSet_rev,popMetSet,mmaSets,rev,Review of records,3,active,2.3.0,2.3.0,,
poPolySpecimenSet_poly,poPolySpecimenSet,specimenSets,poly,Polygon,1,active,3.0.0,3.0.0,,
poPolySpecimenSet_pop,poPolySpecimenSet,specimenSets,pop,Population,2,active,3.0.0,3.0.0,,
populationUnitSet_acti,populationUnitSet,unitSets,acti,Number of active cases,1,active,2.0.0,2.0.0,,
populationUnitSet_conf,populationUnitSet,unitSets,conf,Number of confirmed cases,2,active,2.0.0,2.0.0,,
populationUnitSet_confEp,populationUnitSet,unitSets,confEp,Number of confirmed cases by episode date,3,active,2.0.0,2.0.0,,
populationUnitSet_confOn,populationUnitSet,unitSets,confOn,Number of confirmed Cases Onset date,4,active,2.0.0,2.0.0,,
populationUnitSet_confTest,populationUnitSet,unitSets,confTest,Number of confirmed cases test date,5,active,2.0.0,2.0.0,,
populationUnitSet_hosa,populationUnitSet,unitSets,hosa,General Hospital Admissions,6,active,2.0.0,2.0.0,,
populationUnitSet_hosc,populationUnitSet,unitSets,hosc,Hospital Census,7,active,2.0.0,2.0.0,,
populationUnitSet_icu,populationUnitSet,unitSets,icu,Intensive care unit patients,8,active,2.0.0,2.0.0,,
populationUnitSet_newVax,populationUnitSet,unitSets,newVax,Population of newly vaccinated persons,9,active,2.0.0,2.0.0,,
populationUnitSet_pprt,populationUnitSet,unitSets,pprt,Percent positivity rate,10,active,2.0.0,2.0.0,,
populationUnitSet_ptot,populationUnitSet,unitSets,ptot,Number of positive tests,11,active,2.0.0,2.0.0,,
populationUnitSet_test,populationUnitSet,unitSets,test,Number of tests performed,12,active,2.0.0,2.0.0,,
populationUnitSet_rP100,populationUnitSet,unitSets,rP100,"Rate per 100,000",13,active,2.0.0,2.0.0,,
populationUnitSet_recov,populationUnitSet,unitSets,recov,Recovered patients,14,active,2.0.0,2.0.0,,
populationUnitSet_death,populationUnitSet,unitSets,death,Deaths,15,active,2.0.0,2.0.0,,
populationUnitSet_vax1,populationUnitSet,unitSets,vax1,Population with 1 dose of vaccine,16,active,2.2.0,2.2.0,,
populationUnitSet_vax1p,populationUnitSet,unitSets,vax1p,Proportion of population with 1+ vaccine dose(s),17,active,2.2.0,2.2.0,,
populationUnitSet_vax1plus,populationUnitSet,unitSets,vax1plus,Population with 1+ dose(s) of vaccine,18,active,2.2.0,2.2.0,,
populationUnitSet_vax2,populationUnitSet,unitSets,vax2,Population with 2 or more doses of vaccine,19,active,2.2.0,2.2.0,,
populationUnitSet_vax2p,populationUnitSet,unitSets,vax2p,Proportion of population with 2+ vaccine doses,20,active,2.2.0,2.2.0,,
populationUnitSet_vax2plus,populationUnitSet,unitSets,vax2plus,Population with 2+ or more doses of vaccine,21,active,2.2.0,2.2.0,,
populationUnitSet_vax3,populationUnitSet,unitSets,vax3,Population with 3 or more doses of vaccine,22,active,2.2.0,2.2.0,,
populationUnitSet_vax3p,populationUnitSet,unitSets,vax3p,Proportion of population with 3+ vaccine doses,23,active,2.2.0,2.2.0,,
populationUnitSet_vax3plus,populationUnitSet,unitSets,vax3plus,Population with 3+ or more doses of vaccine,24,active,2.2.0,2.2.0,,
populationUnitSet_vax4,populationUnitSet,unitSets,vax4,Population with 4 or more doses of vaccine,25,active,2.2.0,2.2.0,,
populationUnitSet_vax4p,populationUnitSet,unitSets,vax4p,Proportion of population with 4+ vaccine doses,26,active,2.2.0,2.2.0,,
populationUnitSet_vax4plus,populationUnitSet,unitSets,vax4plus,Population with 4+ or more doses of vaccine,27,active,2.2.0,2.2.0,,
populationUnitSet_actiCaseOn,populationUnitSet,unitSets,actiCaseOn,Number of active cases by Onset date,28,active,3.0.0,3.0.0,,
populationUnitSet_actiEp,populationUnitSet,unitSets,actiEp,Number of active cases by episode date,29,active,3.0.0,3.0.0,,
populationUnitSet_actiRep,populationUnitSet,unitSets,actiRep,Number of active cases by Report date,30,active,3.0.0,3.0.0,,
populationUnitSet_actiTest,populationUnitSet,unitSets,actiTest,Number of active cases by test date,31,active,3.0.0,3.0.0,,
populationUnitSet_caseEpDate,populationUnitSet,unitSets,caseEpDate,Episode date of confirmed cases,32,active,3.0.0,3.0.0,,
populationUnitSet_caseOnDate,populationUnitSet,unitSets,caseOnDate,Onset date of confirmed cases,33,active,3.0.0,3.0.0,,
populationUnitSet_caseRepDate,populationUnitSet,unitSets,caseRepDate,Report date of confirmed cases,34,active,3.0.0,3.0.0,,
populationUnitSet_caseTestDate,populationUnitSet,unitSets,caseTestDate,Test date of confirmed cases,35,active,3.0.0,3.0.0,,
populationUnitSet_confRep,populationUnitSet,unitSets,confRep,Number of confirmed cases by report date,36,active,3.0.0,3.0.0,,
populationUnitSet_peeps,populationUnitSet,unitSets,peeps,Number of people,37,active,3.0.0,3.0.0,,
populationUnitSet_hUn,populationUnitSet,unitSets,hUn,See Header for Unit,38,active,3.0.0,3.0.0,,
poSaSpecimenSet_pop,poSaSpecimenSet,specimenSets,pop,Population,1,active,2.0.0,2.0.0,,
poSaSpecimenSet_sa,poSaSpecimenSet,specimenSets,sa,Sample,2,active,2.0.0,2.0.0,,
poSiSpecimenSet_pop,poSiSpecimenSet,specimenSets,pop,Population,1,active,2.0.0,2.0.0,,
poSiSpecimenSet_sit,poSiSpecimenSet,specimenSets,sit,Site,2,active,2.0.0,2.0.0,,
poSpecimenSet_pop,poSpecimenSet,specimenSets,pop,Population,1,active,2.0.0,2.0.0,,
precipitationUnitSet_cm,precipitationUnitSet,unitSets,cm,Centimetres,1,active,2.0.0,2.0.0,,
precipitationUnitSet_mm,precipitationUnitSet,unitSets,mm,Millimetres,2,active,2.0.0,2.0.0,,
precipitationUnitSet_meter,precipitationUnitSet,unitSets,meter,Meter,3,active,3.0.0,3.0.0,,
precipitationUnitSet_inch,precipitationUnitSet,unitSets,inch,Inch,4,active,3.0.0,3.0.0,,
precipitationUnitSet_foot,precipitationUnitSet,unitSets,foot,Feet,5,active,3.0.0,3.0.0,,
precipitationUnitSet_hUn,precipitationUnitSet,unitSets,hUn,See Header for Unit,6,active,3.0.0,3.0.0,,
presampSet_agri,presampSet,mmaSets,agri,Agricultural activity,1,active,3.0.0,3.0.0,,
presampSet_husb,presampSet,mmaSets,husb,Animal husbandry,2,active,3.0.0,3.0.0,,
presampSet_indus,presampSet,mmaSets,indus,Industrial activity,3,active,3.0.0,3.0.0,,
presampSet_hcAct,presampSet,mmaSets,hcAct,Healthcare activity,4,active,3.0.0,3.0.0,,
presampSet_wwTrt,presampSet,mmaSets,wwTrt,Wastewater treatment,5,active,3.0.0,3.0.0,,
presampSet_wwFilt,presampSet,mmaSets,wwFilt,Wastewater filtration,6,active,3.0.0,3.0.0,,
presampSet_wwGrit,presampSet,mmaSets,wwGrit,Wastewater grit removal,7,active,3.0.0,3.0.0,,
presampSet_wwMic,presampSet,mmaSets,wwMic,Wastewater microbial treatment,8,active,3.0.0,3.0.0,,
presampSet_wwPriSed,presampSet,mmaSets,wwPriSed,Wastewtaer primary sedimentation,9,active,3.0.0,3.0.0,,
presampSet_wwSecSed,presampSet,mmaSets,wwSecSed,Wastewater secondary sedimentation,10,active,3.0.0,3.0.0,,
presampSet_wwAerDigest,presampSet,mmaSets,wwAerDigest,Wastewater aerobic digestion,11,active,3.0.0,3.0.0,,
presampSet_wwAnaerDigest,presampSet,mmaSets,wwAnaerDigest,Wastewater anaerobic digestion,12,active,3.0.0,3.0.0,,
presampSet_wwScreen,presampSet,mmaSets,wwScreen,Wastewater screening process,13,active,3.0.0,3.0.0,,
presampSet_wwDewater,presampSet,mmaSets,wwDewater,Wastewater sludge dewatering,14,active,3.0.0,3.0.0,,
presampSet_wwDry,presampSet,mmaSets,wwDry,Wastewater sludge drying,15,active,3.0.0,3.0.0,,
presampSet_wwDesludge,presampSet,mmaSets,wwDesludge,Wastewater sludge removal,16,active,3.0.0,3.0.0,,
presampSet_wwCominuated,presampSet,mmaSets,wwCominuated,wastewater comminution process,17,active,3.0.0,3.0.0,,
primerSet_articV3,primerSet,mmaSets,articV3,Use of the articV3 primer,1,active,2.0.0,2.0.0,,
primerSet_articV4,primerSet,mmaSets,articV4,Use of the articV4 primer,2,active,2.0.0,2.0.0,,
primerSet_cdcCovN1IDTFor,primerSet,mmaSets,cdcCovN1IDTFor,2019-nCoV_N1 forward primer (IDT),3,active,2.2.0,2.2.0,,
primerSet_cdcCovN1IDTRev,primerSet,mmaSets,cdcCovN1IDTRev,2019-nCoV_N1 reverse primer (IDT),4,active,2.2.0,2.2.0,,
primerSet_cdcCovN2IDTFor,primerSet,mmaSets,cdcCovN2IDTFor,2019-nCoV_N2 forward primer (IDT),5,active,2.2.0,2.2.0,,
primerSet_cdcCovN2IDTRev,primerSet,mmaSets,cdcCovN2IDTRev,2019-nCoV_N2 reverse primer (IDT),6,active,2.2.0,2.2.0,,
primerSet_cdcCovN3IDTFor,primerSet,mmaSets,cdcCovN3IDTFor,2019-nCoV_N3 forward primer (IDT),7,active,2.2.0,2.2.0,,
primerSet_cdcCovN3IDTRev,primerSet,mmaSets,cdcCovN3IDTRev,2019-nCoV_N3 reverse primer (IDT),8,active,2.2.0,2.2.0,,
primerSet_cdcCovEIDTFor,primerSet,mmaSets,cdcCovEIDTFor,Sarbeco_E forward primer (IDT),9,active,2.2.0,2.2.0,,
primerSet_cdcCovEIDTRev,primerSet,mmaSets,cdcCovEIDTRev,Sarbeco_E reverse primer (IDT),10,active,2.2.0,2.2.0,,
primerSet_bact16sABIFor,primerSet,mmaSets,bact16sABIFor,Bacteroides 16S forward primer (HF183) (ABI),11,active,2.2.0,2.2.0,,
primerSet_bact16sABIRev,primerSet,mmaSets,bact16sABIRev,Bacteroides 16S reverse primer (BacR287) (ABI),12,active,2.2.0,2.2.0,,
primerSet_pmmvABIFor,primerSet,mmaSets,pmmvABIFor,PMMV forward primer (ABI),13,active,2.2.0,2.2.0,,
primerSet_pmmvABIRev,primerSet,mmaSets,pmmvABIRev,PMMV reverse primer (ABI),14,active,2.2.0,2.2.0,,
primerSet_vsvABIFor,primerSet,mmaSets,vsvABIFor,VSV forward primer (ABI),15,active,2.2.0,2.2.0,,
primerSet_vsvABIRev,primerSet,mmaSets,vsvABIRev,VSV reverse primer (ABI),16,active,2.2.0,2.2.0,,
primerSet_articV1,primerSet,mmaSets,articV1,Artic V1 Primer Set,17,active,2.3.0,2.3.0,,
primerSet_articV2,primerSet,mmaSets,articV2,Artic V2 Primer Set,18,active,2.3.0,2.3.0,,
primerSet_articV41,primerSet,mmaSets,articV41,Artic V4.1 Primer Set,19,active,2.3.0,2.3.0,,
primerSet_articV500,primerSet,mmaSets,articV500,Artic V5 Primer Set,20,active,2.3.0,2.3.0,,
primerSet_articV510,primerSet,mmaSets,articV510,Artic V5.1 Primer Set,21,active,2.3.0,2.3.0,,
primerSet_articV520bp1200,primerSet,mmaSets,articV520bp1200,"Artic V5.2 Primer Set, 1200bp",22,active,2.3.0,2.3.0,,
primerSet_articV520bp400,primerSet,mmaSets,articV520bp400,"Artic V5.2 Primer Set, 400bp",23,active,2.3.0,2.3.0,,
primerSet_articV532,primerSet,mmaSets,articV532,Artic V5.3.2 Primer Set,24,active,2.3.0,2.3.0,,
primerSet_edenV1,primerSet,mmaSets,edenV1,Eden V1 Primer Set,25,active,2.3.0,2.3.0,,
primerSet_midnightBCCDCv1,primerSet,mmaSets,midnightBCCDCv1,Midnight and BC-CDC V1 Primer Set,26,active,2.3.0,2.3.0,,
primerSet_midnightBCCDCv2,primerSet,mmaSets,midnightBCCDCv2,Midnight and BC-CDC V2 Primer Set,27,active,2.3.0,2.3.0,,
primerSet_midnightBCCDCv3,primerSet,mmaSets,midnightBCCDCv3,Midnight and BC-CDC V3 Primer Set,28,active,2.3.0,2.3.0,,
primerSet_midnightBCCDCv4,primerSet,mmaSets,midnightBCCDCv4,Midnight and BC-CDC V4 Primer Set,29,active,2.3.0,2.3.0,,
primerSet_midnightV3,primerSet,mmaSets,midnightV3,Midnight scheme V3 Primer Set,30,active,2.3.0,2.3.0,,
primerSet_midnightV1,primerSet,mmaSets,midnightV1,Midnight scheme V1 Primer Set,31,active,2.3.0,2.3.0,,
primerSet_midnightV2,primerSet,mmaSets,midnightV2,Midnight scheme V2 Primer Set,32,active,2.3.0,2.3.0,,
primerSet_nebVarSkipV1aLong,primerSet,mmaSets,nebVarSkipV1aLong,New England Biolabs VarSKip V1a Long Primer Set,33,active,2.3.0,2.3.0,,
primerSet_nebVarSkipV1aShort,primerSet,mmaSets,nebVarSkipV1aShort,New England Biolabs VarSKip V1a short Primer Set,34,active,2.3.0,2.3.0,,
primerSet_nebVarSkipV2a,primerSet,mmaSets,nebVarSkipV2a,New England Biolabs VarSKip V2a Primer Set,35,active,2.3.0,2.3.0,,
primerSet_nebVarSkipV2b,primerSet,mmaSets,nebVarSkipV2b,New England Biolabs VarSKip V2b Primer Set,36,active,2.3.0,2.3.0,,
primerSet_cdcCovN1IDTProbe,primerSet,mmaSets,cdcCovN1IDTProbe,2019-nCoV_N1 probe (IDT),37,active,3.0.0,3.0.0,,
primerSet_cdcCovN2IDTProbe,primerSet,mmaSets,cdcCovN2IDTProbe,2019-nCoV_N2 probe (IDT),38,active,3.0.0,3.0.0,,
primerSet_cdcCovN3IDTProbe,primerSet,mmaSets,cdcCovN3IDTProbe,2019-nCoV_N3 probe (IDT),39,active,3.0.0,3.0.0,,
primerSet_bact16sABIProbe,primerSet,mmaSets,bact16sABIProbe,Bacteroides 16S probe (BacP234) (ABI),40,active,3.0.0,3.0.0,,
primerSet_pmmvABIProbe,primerSet,mmaSets,pmmvABIProbe,PMMV probe (ABI),41,active,3.0.0,3.0.0,,
primerSet_vsvABIProbe,primerSet,mmaSets,vsvABIProbe,VSV probe (ABI),42,active,3.0.0,3.0.0,,
primerSet_cdcCovEIDTProbe,primerSet,mmaSets,cdcCovEIDTProbe,Sarbeco_E probe (IDT),43,active,3.0.0,3.0.0,,
protocolRelSet_before,protocolRelSet,mmaSets,before,Is Before,1,active,2.0.0,2.0.0,,
protocolRelSet_specifies,protocolRelSet,mmaSets,specifies,Specifies,2,active,2.0.0,2.0.0,,
protocolRelSet_concurrent,protocolRelSet,mmaSets,concurrent,Is concurrent to,3,active,2.0.0,2.0.0,,
protocolTableSet_protocols,protocolTableSet,dictSets,protocols,Protocols table,1,active,2.0.0,2.0.0,,
protocolTableSet_protocolRelationships,protocolTableSet,dictSets,protocolRelationships,Protocol relationships table,2,active,2.0.0,2.0.0,,
protocolTableSet_protocolSteps,protocolTableSet,dictSets,protocolSteps,Protocol steps table,3,active,2.0.0,2.0.0,,
protocolTableSet_instruments,protocolTableSet,dictSets,instruments,Instrument table,4,active,2.0.0,2.0.0,,
purposeSet_education,purposeSet,mmaSets,education,Education,1,active,2.0.0,2.0.0,,
purposeSet_multiple,purposeSet,mmaSets,multiple,Multiple Purpose,2,active,2.0.0,2.0.0,,
purposeSet_provisional,purposeSet,mmaSets,provisional,Provisional report,3,active,2.0.0,2.0.0,,
purposeSet_qualityControl,purposeSet,mmaSets,qualityControl,Quality control,4,active,2.0.0,2.0.0,,
purposeSet_regular,purposeSet,mmaSets,regular,Regular Pathogen Surveillance,5,active,2.0.0,2.0.0,,
purposeSet_testing,purposeSet,mmaSets,testing,Protocol testing,6,active,2.0.0,2.0.0,,
purposeSet_validationStudy,purposeSet,mmaSets,validationStudy,Validation study,7,active,2.0.0,2.0.0,,
purposeSet_norm,purposeSet,mmaSets,norm,Purpose is normalization,8,active,2.3.0,2.3.0,,
purposeSet_wwtpAssess,purposeSet,mmaSets,wwtpAssess,Wastewater treatment efficiency assessment,9,active,2.3.0,2.3.0,,
purposeSet_chemSurv,purposeSet,mmaSets,chemSurv,Chemical contaminant surveillance,10,active,2.3.0,2.3.0,,
purposeSet_drugSurv,purposeSet,mmaSets,drugSurv,Drug surveillance,11,active,2.3.0,2.3.0,,
purposeSet_researchPurp,purposeSet,mmaSets,researchPurp,Research purposes,13,active,2.3.0,2.3.0,,
purposeSet_profil,purposeSet,mmaSets,profil,Environmental survey or profiling,14,active,2.3.0,2.3.0,,
purposeSet_randomSurv,purposeSet,mmaSets,randomSurv,Random sampling surveillance program,16,active,2.3.0,2.3.0,,
purposeSet_emergSurv,purposeSet,mmaSets,emergSurv,Emergency targetted surveillance program,17,active,2.3.0,2.3.0,,
purposeSet_targetSurv,purposeSet,mmaSets,targetSurv,Targeted surveillance program,18,active,2.3.0,2.3.0,,
purposeSet_longSurv,purposeSet,mmaSets,longSurv,"Longitudinal, repeat sampling surveillance program",19,active,2.3.0,2.3.0,,
purposeSet_travelSurv,purposeSet,mmaSets,travelSurv,Travel hub surveillance - general,20,active,2.3.0,2.3.0,,
purposeSet_domSurv,purposeSet,mmaSets,domSurv,Domestic travel hub surveillance,21,active,2.3.0,2.3.0,,
purposeSet_internatSurv,purposeSet,mmaSets,internatSurv,International travel hub surveillance,22,active,2.3.0,2.3.0,,
purposeSet_viralPass,purposeSet,mmaSets,viralPass,Viral passage experiment,24,active,2.3.0,2.3.0,,
rawSeqProcSet_fastQC,rawSeqProcSet,mmaSets,fastQC,FastQC,1,active,2.3.0,2.3.0,,
rawSeqProcSet_trimmomatic,rawSeqProcSet,mmaSets,trimmomatic,Trimmomatic,2,active,2.3.0,2.3.0,,
rawSeqProcSet_cutadapt,rawSeqProcSet,mmaSets,cutadapt,Cutadapt,3,active,2.3.0,2.3.0,,
rawSeqProcSet_porechop,rawSeqProcSet,mmaSets,porechop,Porechop,4,active,2.3.0,2.3.0,,
rawSeqProcSet_bbmapSuite,rawSeqProcSet,mmaSets,bbmapSuite,BBMap Suite,5,active,2.3.0,2.3.0,,
rawSeqProcSet_adapterRemoval,rawSeqProcSet,mmaSets,adapterRemoval,AdapterRemoval,6,active,2.3.0,2.3.0,,
rawSeqProcSet_fastXTools,rawSeqProcSet,mmaSets,fastXTools,FASTX Toolkit,7,active,2.3.0,2.3.0,,
rawSeqProcSet_sickle,rawSeqProcSet,mmaSets,sickle,Sickle,8,active,2.3.0,2.3.0,,
rawSeqProcSet_iVar,rawSeqProcSet,mmaSets,iVar,iVar,9,active,2.3.0,2.3.0,,
rawSeqProcSet_skewer,rawSeqProcSet,mmaSets,skewer,Skewer,10,active,2.3.0,2.3.0,,
rawSeqProcSet_seqtk,rawSeqProcSet,mmaSets,seqtk,seqtk,11,active,2.3.0,2.3.0,,
rawSeqProcSet_prinseqLite,rawSeqProcSet,mmaSets,prinseqLite,Prinseq-lite,12,active,2.3.0,2.3.0,,
rawSeqProcSet_spades,rawSeqProcSet,mmaSets,spades,SPAdes,13,active,2.3.0,2.3.0,,
rawSeqProcSet_bayesHammer,rawSeqProcSet,mmaSets,bayesHammer,BayesHammer (from SPAdes),14,active,2.3.0,2.3.0,,
rawSeqProcSet_fqtrim,rawSeqProcSet,mmaSets,fqtrim,Fqtrim,15,active,2.3.0,2.3.0,,
rawSeqProcSet_umiTools,rawSeqProcSet,mmaSets,umiTools,UMI-tools,16,active,2.3.0,2.3.0,,
rawSeqProcSet_cdHIT,rawSeqProcSet,mmaSets,cdHIT,CD-HIT,17,active,2.3.0,2.3.0,,
rawSeqProcSet_sortMeRNA,rawSeqProcSet,mmaSets,sortMeRNA,SortMeRNA,18,active,2.3.0,2.3.0,,
rawSeqProcSet_fastp,rawSeqProcSet,mmaSets,fastp,FASTP,19,active,2.3.0,2.3.0,,
rawSeqProcSet_deconSeq,rawSeqProcSet,mmaSets,deconSeq,DeconSeq,20,active,2.3.0,2.3.0,,
rawSeqProcSet_dada2,rawSeqProcSet,mmaSets,dada2,DADA2,21,active,2.3.0,2.3.0,,
rawSeqProcSet_samTools,rawSeqProcSet,mmaSets,samTools,SAMtools,22,active,2.3.0,2.3.0,,
rawSeqProcSet_bwa,rawSeqProcSet,mmaSets,bwa,BWA (Burrows-Wheeler Aligner),23,active,2.3.0,2.3.0,,
rawSeqProcSet_minimap2,rawSeqProcSet,mmaSets,minimap2,Minimap2,24,active,2.3.0,2.3.0,,
rawSeqProcSet_kneadData,rawSeqProcSet,mmaSets,kneadData,KneadData,25,active,2.3.0,2.3.0,,
readMapperSet_bowtie2,readMapperSet,mmaSets,bowtie2,Bowtie2,1,active,3.0.0,3.0.0,,
readMapperSet_bwa,readMapperSet,mmaSets,bwa,BWA (Burrows-Wheeler Aligner),2,active,3.0.0,3.0.0,,
readMapperSet_star,readMapperSet,mmaSets,star,STAR (Spliced Transcripts Alignment to a Reference),3,active,3.0.0,3.0.0,,
readMapperSet_hisat2,readMapperSet,mmaSets,hisat2,HISAT2,4,active,3.0.0,3.0.0,,
readMapperSet_tophat,readMapperSet,mmaSets,tophat,TopHat,5,active,3.0.0,3.0.0,,
readMapperSet_minimap2,readMapperSet,mmaSets,minimap2,Minimap2,6,active,3.0.0,3.0.0,,
readMapperSet_bbmap,readMapperSet,mmaSets,bbmap,BBMap,7,active,3.0.0,3.0.0,,
readMapperSet_subread,readMapperSet,mmaSets,subread,Subread,8,active,3.0.0,3.0.0,,
readMapperSet_gemMapper,readMapperSet,mmaSets,gemMapper,GEM Mapper,9,active,3.0.0,3.0.0,,
readMapperSet_mapSplice,readMapperSet,mmaSets,mapSplice,MapSplice,10,active,3.0.0,3.0.0,,
readMapperSet_gmap,readMapperSet,mmaSets,gmap,GMAP,11,active,3.0.0,3.0.0,,
readMapperSet_gsnap,readMapperSet,mmaSets,gsnap,GSNAP,12,active,3.0.0,3.0.0,,
readMapperSet_soap2,readMapperSet,mmaSets,soap2,Soap2,13,active,3.0.0,3.0.0,,
readMapperSet_soap3,readMapperSet,mmaSets,soap3,Soap3,14,active,3.0.0,3.0.0,,
readMapperSet_novoalign,readMapperSet,mmaSets,novoalign,Novoalign,15,active,3.0.0,3.0.0,,
readMapperSet_cufflinks,readMapperSet,mmaSets,cufflinks,Cufflinks (with TopHat integration),16,active,3.0.0,3.0.0,,
readMapperSet_ngmlr,readMapperSet,mmaSets,ngmlr,NGMLR (Next-Generation Mapping and Long-Read Alignment),17,active,3.0.0,3.0.0,,
readMapperSet_graphmap,readMapperSet,mmaSets,graphmap,GraphMap,18,active,3.0.0,3.0.0,,
readMapperSet_last,readMapperSet,mmaSets,last,LAST (Large-Scale Alignment and Search Tool),19,active,3.0.0,3.0.0,,
readMapperSet_blasr,readMapperSet,mmaSets,blasr,BLASR (Basic Local Alignment with Successive Refinement),20,active,3.0.0,3.0.0,,
readMapperSet_snap,readMapperSet,mmaSets,snap,Snap,21,active,3.0.0,3.0.0,,
readMapperSet_smalt,readMapperSet,mmaSets,smalt,SMALT,22,active,3.0.0,3.0.0,,
regularReportTableSet_measures,regularReportTableSet,dictSets,measures,Measure report table,1,active,2.0.0,2.0.0,,
regularReportTableSet_samples,regularReportTableSet,dictSets,samples,Sample report table,2,active,2.0.0,2.0.0,,
relHumidUnitSet_perc,relHumidUnitSet,unitSets,perc,Percent,1,active,2.0.0,2.0.0,,
relHumidUnitSet_hUn,relHumidUnitSet,unitSets,hUn,See Header for Unit,2,active,3.0.0,3.0.0,,
relSet_before,relSet,mmaSets,before,Is Before,1,active,2.2.3,2.2.3,,
relSet_concurrent,relSet,mmaSets,concurrent,Is concurrent to,2,active,2.2.3,2.2.3,,
relSet_specifies,relSet,mmaSets,specifies,Specifies,3,active,2.2.3,2.2.3,,
relSet_child,relSet,mmaSets,child,Child relationship,4,active,2.2.3,2.2.3,,
relSet_colocated,relSet,mmaSets,colocated,Co-located sample,5,active,2.2.3,2.2.3,,
relSet_fieldReplicate,relSet,mmaSets,fieldReplicate,Field sample replicate,6,active,2.2.3,2.2.3,,
relSet_labDuplicate,relSet,mmaSets,labDuplicate,Laboratory duplicate,7,active,2.2.3,2.2.3,,
relSet_lcsd,relSet,mmaSets,lcsd,Laboratory control sample duplicate,8,active,2.2.3,2.2.3,,
relSet_msd,relSet,mmaSets,msd,Matrix spike duplicate,9,active,2.2.3,2.2.3,,
relSet_relNR,relSet,mmaSets,relNR,Relationship Not Reported,10,active,2.3.0,2.3.0,,
replicateSet_colocated,replicateSet,mmaSets,colocated,Co-located sample,1,active,2.0.0,2.0.0,,
replicateSet_fieldReplicate,replicateSet,mmaSets,fieldReplicate,Field sample replicate,2,active,2.0.0,2.0.0,,
replicateSet_labDuplicate,replicateSet,mmaSets,labDuplicate,Laboratory duplicate,3,active,2.0.0,2.0.0,,
replicateSet_lcsd,replicateSet,mmaSets,lcsd,Laboratory control sample duplicate,4,active,2.0.0,2.0.0,,
replicateSet_msd,replicateSet,mmaSets,msd,Matrix spike duplicate,5,active,2.0.0,2.0.0,,
replicateSet_unique,replicateSet,mmaSets,unique,Unique sample,6,active,2.0.0,2.0.0,,
replicateSet_posCon,replicateSet,mmaSets,posCon,Positive experimental control,7,active,2.3.0,2.3.0,,
replicateSet_negCon,replicateSet,mmaSets,negCon,Negative experimental control,8,active,2.3.0,2.3.0,,
replicateSet_techRep,replicateSet,mmaSets,techRep,Technical replicate,9,active,2.3.0,2.3.0,,
replicateSet_bioRep,replicateSet,mmaSets,bioRep,Biological replicate,10,active,2.3.0,2.3.0,,
replicateSet_sampleEvent,replicateSet,mmaSets,sampleEvent,Sampling Event,11,active,2.3.0,2.3.0,,
replicateSet_subSamp,replicateSet,mmaSets,subSamp,Subsample (General),12,active,2.3.0,2.3.0,,
replicateSet_derivedSamp,replicateSet,mmaSets,derivedSamp,Derived sample,13,active,3.0.0,3.0.0,,
replicateSet_unkn,replicateSet,mmaSets,unkn,Unknown sample,14,active,3.0.0,3.0.0,,
replicateSet_ntc,replicateSet,mmaSets,ntc,Non-template control,15,active,3.0.0,3.0.0,,
replicateSet_nac,replicateSet,mmaSets,nac,No amplification control,16,active,3.0.0,3.0.0,,
replicateSet_std,replicateSet,mmaSets,std,Standard sample,17,active,3.0.0,3.0.0,,
replicateSet_ntp,replicateSet,mmaSets,ntp,No target present,18,active,3.0.0,3.0.0,,
replicateSet_nrt,replicateSet,mmaSets,nrt,MinusRT,19,active,3.0.0,3.0.0,,
replicateSet_opt,replicateSet,mmaSets,opt,Optical calibrator sample,20,active,3.0.0,3.0.0,,
resusSet_elutionBuff,resusSet,mmaSets,elutionBuff,Elution buffer,1,active,2.2.0,2.2.0,,
retElSet_solid,retElSet,mmaSets,solid,Solids/Pellet retained,1,active,2.2.0,2.2.0,,
retElSet_liquid,retElSet,mmaSets,liquid,Liquid/Supernatant retained,2,active,2.2.0,2.2.0,,
retElSet_eluate,retElSet,mmaSets,eluate,Eluate/Resuspended filter material retained,3,active,2.2.0,2.2.0,,
salinityUnitSet_psu,salinityUnitSet,unitSets,psu,Practical salinity unit,1,active,3.0.0,3.0.0,,
salinityUnitSet_ppt,salinityUnitSet,unitSets,ppt,parts per thousand,2,active,3.0.0,3.0.0,,
salinityUnitSet_gL,salinityUnitSet,unitSets,gL,Gram per liter,3,active,3.0.0,3.0.0,,
salinityUnitSet_ww,salinityUnitSet,unitSets,ww,Weight for weight,4,active,3.0.0,3.0.0,,
salinityUnitSet_gkg,salinityUnitSet,unitSets,gkg,Gram per kilogram,5,active,3.0.0,3.0.0,,
salinityUnitSet_hUn,salinityUnitSet,unitSets,hUn,See Header for Unit,6,active,3.0.0,3.0.0,,
sampleMatSet_afu,sampleMatSet,mmaSets,afu,Air filter,1,active,2.0.0,2.0.0,,
sampleMatSet_desk,sampleMatSet,mmaSets,desk,Desk or counter,2,active,2.0.0,2.0.0,,
sampleMatSet_faeces,sampleMatSet,mmaSets,faeces,Fecal matter,3,active,1.0.0,2.0.0,,
sampleMatSet_floor,sampleMatSet,mmaSets,floor,Floor,4,active,2.0.0,2.0.0,,
sampleMatSet_htSam,sampleMatSet,mmaSets,htSam,Holding tank wastewater,5,active,2.0.0,2.0.0,,
sampleMatSet_nww,sampleMatSet,mmaSets,nww,Water,6,active,1.0.0,2.0.0,,
sampleMatSet_pEfflu,sampleMatSet,mmaSets,pEfflu,Primary clarifier effluent,7,active,1.0.0,2.0.0,,
sampleMatSet_pSludge,sampleMatSet,mmaSets,pSludge,Primary clarifier sludge,8,active,1.0.0,2.0.0,,
sampleMatSet_pstGrit,sampleMatSet,mmaSets,pstGrit,Post-grit,9,active,1.0.0,2.0.0,,
sampleMatSet_rawWW,sampleMatSet,mmaSets,rawWW,Raw sewage at site,10,active,1.0.0,2.0.0,,
sampleMatSet_rawWWdown,sampleMatSet,mmaSets,rawWWdown,Raw sewage downstream from a site,11,active,2.0.0,2.0.0,,
sampleMatSet_rawWWup,sampleMatSet,mmaSets,rawWWup,Raw sewage upstream from a site,12,active,2.0.0,2.0.0,,
sampleMatSet_sEfflu,sampleMatSet,mmaSets,sEfflu,Secondary clarifier effluent,13,active,1.0.0,2.0.0,,
sampleMatSet_septage,sampleMatSet,mmaSets,septage,Septic tank wastewater,14,active,1.0.0,2.0.0,,
sampleMatSet_sSludge,sampleMatSet,mmaSets,sSludge,Secondary clarifier sludge,15,active,1.0.0,2.0.0,,
sampleMatSet_surface,sampleMatSet,mmaSets,surface,Other surface,16,active,2.0.0,2.0.0,,
sampleMatSet_swrSed,sampleMatSet,mmaSets,swrSed,Sewer sediment,17,active,1.0.0,2.0.0,,
sampleMatSet_sludgeNS,sampleMatSet,mmaSets,sludgeNS,Wastewater Sludge - non-specified,18,active,2.3.0,2.3.0,,
sampleMatSet_effluNS,sampleMatSet,mmaSets,effluNS,Wastewater Effluent - non-specified,19,active,2.3.0,2.3.0,,
sampleQualitySet_frozen,sampleQualitySet,qualityIndSets,frozen,Sample frozen,1,active,2.0.0,2.0.0,,
sampleQualitySet_leaked,sampleQualitySet,qualityIndSets,leaked,Leaked sample,2,active,2.0.0,2.0.0,,
sampleQualitySet_lowVol,sampleQualitySet,qualityIndSets,lowVol,Low-volume sample,3,active,2.0.0,2.0.0,,
sampleQualitySet_noLabel,sampleQualitySet,qualityIndSets,noLabel,Sample not labelled,4,active,2.0.0,2.0.0,,
sampleQualitySet_noTime,sampleQualitySet,qualityIndSets,noTime,Sample missing time stamp,5,active,2.0.0,2.0.0,,
sampleQualitySet_spill,sampleQualitySet,qualityIndSets,spill,Sample spilled,6,active,2.0.0,2.0.0,,
sampleQualitySet_wrongStorage,sampleQualitySet,qualityIndSets,wrongStorage,Sample stored incorrectly,7,active,2.0.0,2.0.0,,
sampleQualitySet_noConcern,sampleQualitySet,qualityIndSets,noConcern,No quality concerns,8,active,2.0.0,2.0.0,,
sampleQualitySet_wrongTemp,sampleQualitySet,qualityIndSets,wrongTemp,Sample stored at wrong temperature,9,active,2.0.0,2.0.0,,
sampleQualitySet_delayArriv,sampleQualitySet,qualityIndSets,delayArriv,Delayed Arrival or Prolonged Transit,10,active,3.0.0,3.0.0,,
sampleRelSet_child,sampleRelSet,mmaSets,child,Child relationship,1,active,1.0.0,2.0.0,,
sampleRelSet_colocated,sampleRelSet,mmaSets,colocated,Co-located sample,2,active,2.0.0,2.0.0,,
sampleRelSet_fieldReplicate,sampleRelSet,mmaSets,fieldReplicate,Field sample replicate,3,active,2.0.0,2.0.0,,
sampleRelSet_msd,sampleRelSet,mmaSets,msd,Matrix spike duplicate,4,active,2.0.0,2.0.0,,
sampleRelSet_labDuplicate,sampleRelSet,mmaSets,labDuplicate,Laboratory duplicate,5,active,2.0.0,2.0.0,,
sampleRelSet_lcsd,sampleRelSet,mmaSets,lcsd,Laboratory control sample duplicate,6,active,2.0.0,2.0.0,,
sampleRelSet_control,sampleRelSet,mmaSets,control,Control sample,7,active,3.0.0,3.0.0,,
saSpecimenSet_sa,saSpecimenSet,specimenSets,sa,Sample,1,active,2.0.0,2.0.0,,
scriptSet_gromstole,scriptSet,mmaSets,gromstole,Gromstole 1.0 Script,1,active,2.0.0,2.0.0,,
scriptSet_freyja,scriptSet,mmaSets,freyja,Freyja Script,2,active,2.0.0,2.0.0,,
seqAssSet_spades,seqAssSet,mmaSets,spades,SPAdes,1,active,2.3.0,2.3.0,,
seqAssSet_megahit,seqAssSet,mmaSets,megahit,MEGAHIT,2,active,2.3.0,2.3.0,,
seqAssSet_velvet,seqAssSet,mmaSets,velvet,Velvet,3,active,2.3.0,2.3.0,,
seqAssSet_abyss,seqAssSet,mmaSets,abyss,ABySS,4,active,2.3.0,2.3.0,,
seqAssSet_soapDenovo,seqAssSet,mmaSets,soapDenovo,SOAPdenovo,5,active,2.3.0,2.3.0,,
seqAssSet_canu,seqAssSet,mmaSets,canu,Canu,6,active,2.3.0,2.3.0,,
seqAssSet_flye,seqAssSet,mmaSets,flye,Flye,7,active,2.3.0,2.3.0,,
seqAssSet_trinity,seqAssSet,mmaSets,trinity,Trinity,8,active,2.3.0,2.3.0,,
seqAssSet_idbaUD,seqAssSet,mmaSets,idbaUD,IDBA-UD,9,active,2.3.0,2.3.0,,
seqAssSet_unicycler,seqAssSet,mmaSets,unicycler,Unicycler,10,active,2.3.0,2.3.0,,
seqAssSet_miniasm,seqAssSet,mmaSets,miniasm,Miniasm,11,active,2.3.0,2.3.0,,
seqAssSet_redundans,seqAssSet,mmaSets,redundans,Redundans,12,active,2.3.0,2.3.0,,
seqAssSet_novoPlasty,seqAssSet,mmaSets,novoPlasty,NovoPlasty,13,active,2.3.0,2.3.0,,
seqAssSet_shasta,seqAssSet,mmaSets,shasta,Shasta,14,active,2.3.0,2.3.0,,
seqAssSet_metAMOS,seqAssSet,mmaSets,metAMOS,MetAMOS,15,active,2.3.0,2.3.0,,
seqAssSet_masurca,seqAssSet,mmaSets,masurca,Maryland Super Read Celera Assembler (MaSuRCA),16,active,2.3.0,2.3.0,,
seqAssSet_discovar,seqAssSet,mmaSets,discovar,DISCOVAR de novo,17,active,2.3.0,2.3.0,,
seqAssSet_ssake,seqAssSet,mmaSets,ssake,SSAKE,18,active,2.3.0,2.3.0,,
seqAssSet_wtdbg2,seqAssSet,mmaSets,wtdbg2,WTDBG (aka wtdbg2),19,active,2.3.0,2.3.0,,
seqAssSet_platanus,seqAssSet,mmaSets,platanus,Platanus,20,active,2.3.0,2.3.0,,
seqAssSet_pehaplo,seqAssSet,mmaSets,pehaplo,PEHaplo,21,active,2.3.0,2.3.0,,
seqAssSet_arachne,seqAssSet,mmaSets,arachne,ARACHNE,22,active,2.3.0,2.3.0,,
seqAssSet_celera,seqAssSet,mmaSets,celera,Celera Assembler,23,active,2.3.0,2.3.0,,
seqAssSet_allpathsLG,seqAssSet,mmaSets,allpathsLG,AllPaths-LG,24,active,2.3.0,2.3.0,,
seqLaySet_sinLay,seqLaySet,mmaSets,sinLay,Single Layout,1,active,2.0.0,2.0.0,,
seqLaySet_pairLay,seqLaySet,mmaSets,pairLay,Paired Layout,2,active,2.0.0,2.0.0,,
seqLaySet_mateLay,seqLaySet,mmaSets,mateLay,Mate pair layout,3,active,2.0.0,2.0.0,,
seqQCSet_fastQC,seqQCSet,mmaSets,fastQC,FastQC,1,active,2.3.0,2.3.0,,
seqQCSet_multiQC,seqQCSet,mmaSets,multiQC,MultiQC,2,active,2.3.0,2.3.0,,
seqQCSet_prinseq,seqQCSet,mmaSets,prinseq,PRINSEQ,3,active,2.3.0,2.3.0,,
seqQCSet_qc3,seqQCSet,mmaSets,qc3,QC3,4,active,2.3.0,2.3.0,,
seqQCSet_afterQC,seqQCSet,mmaSets,afterQC,AfterQC,5,active,2.3.0,2.3.0,,
seqQCSet_fastp,seqQCSet,mmaSets,fastp,FASTP,6,active,2.3.0,2.3.0,,
seqQCSet_nanoPlot,seqQCSet,mmaSets,nanoPlot,NanoPlot,7,active,2.3.0,2.3.0,,
seqQCSet_trimGalore,seqQCSet,mmaSets,trimGalore,TrimGalore!,8,active,2.3.0,2.3.0,,
seqQCSet_eager,seqQCSet,mmaSets,eager,EAGER,9,active,2.3.0,2.3.0,,
seqQCSet_atropos,seqQCSet,mmaSets,atropos,Atropos,10,active,2.3.0,2.3.0,,
seqQCSet_bbduk,seqQCSet,mmaSets,bbduk,BBDuk (from BBTools),11,active,2.3.0,2.3.0,,
seqQCSet_bamQC,seqQCSet,mmaSets,bamQC,BamQC (from Qualimap),12,active,2.3.0,2.3.0,,
seqQCSet_piSeqQC,seqQCSet,mmaSets,piSeqQC,PiSeqQC,13,active,2.3.0,2.3.0,,
seqQCSet_decontaMiner,seqQCSet,mmaSets,decontaMiner,DecontaMiner,14,active,2.3.0,2.3.0,,
seqQCSet_qProfiler2,seqQCSet,mmaSets,qProfiler2,qProfiler2,15,active,2.3.0,2.3.0,,
seqQCSet_seqKitStats,seqQCSet,mmaSets,seqKitStats,SeqKit stats,16,active,2.3.0,2.3.0,,
seqQCSet_frcBam,seqQCSet,mmaSets,frcBam,FRCbam,17,active,2.3.0,2.3.0,,
seqQCSet_kraken2,seqQCSet,mmaSets,kraken2,Kraken2,18,active,2.3.0,2.3.0,,
seqQCSet_preQC,seqQCSet,mmaSets,preQC,preQC (from Meraculous),19,active,2.3.0,2.3.0,,
seqQCSet_piqmie,seqQCSet,mmaSets,piqmie,PIQMIe,20,active,2.3.0,2.3.0,,
seqQCSet_ncovtools,seqQCSet,mmaSets,ncovtools,ncov-tools,21,active,2.3.0,2.3.0,,
seqQCSet_bracken,seqQCSet,mmaSets,bracken,Bracken,22,active,2.3.0,2.3.0,,
seqQualitySet_expFail,seqQualitySet,qualityIndSets,expFail,Experiment Failed,1,active,2.0.0,2.0.0,,
seqQualitySet_lBC,seqQualitySet,qualityIndSets,lBC,Low breadth of coverage,2,active,2.0.0,2.0.0,,
seqQualitySet_lDC,seqQualitySet,qualityIndSets,lDC,Low depth of coverage,3,active,2.0.0,2.0.0,,
seqQualitySet_noTime,seqQualitySet,qualityIndSets,noTime,Sample missing time stamp,4,active,2.0.0,2.0.0,,
seqQualitySet_sC,seqQualitySet,qualityIndSets,sC,Sparse coverage,5,active,2.0.0,2.0.0,,
seqQualitySet_noConcern,seqQualitySet,qualityIndSets,noConcern,No quality concerns,6,active,2.0.0,2.0.0,,
seqQualitySet_wI,seqQualitySet,qualityIndSets,wI,Wide 95% interval,7,active,2.0.0,2.0.0,,
seqQualitySet_oor,seqQualitySet,qualityIndSets,oor,Value out of range,8,active,2.0.0,2.0.0,,
seqQualitySet_out,seqQualitySet,qualityIndSets,out,Value is an outlier,9,active,2.0.0,2.0.0,,
seqQualitySet_beLOD,seqQualitySet,qualityIndSets,beLOD,Below LOD,10,active,2.2.0,2.2.0,,
seqQualitySet_ntcAmp,seqQualitySet,qualityIndSets,ntcAmp,NTC Amplification Detected,11,active,2.2.0,2.2.0,,
seqQualitySet_lowQualSeq,seqQualitySet,qualityIndSets,lowQualSeq,Low-quality Sequence,12,active,2.3.0,2.3.0,,
seqQualitySet_seqContam,seqQualitySet,qualityIndSets,seqContam,Sequence Contaminated,13,active,2.3.0,2.3.0,,
seqQualitySet_lAGC,seqQualitySet,qualityIndSets,lAGC,Low Average Genome Coverage,14,active,2.3.0,2.3.0,,
seqQualitySet_lPGC,seqQualitySet,qualityIndSets,lPGC,Low Percent of Genome Captured,15,active,2.3.0,2.3.0,,
seqQualitySet_shortRead,seqQualitySet,qualityIndSets,shortRead,Read Lengths Shorter Than Expected,16,active,2.3.0,2.3.0,,
seqQualitySet_ampliArtifact,seqQualitySet,qualityIndSets,ampliArtifact,Sequence Amplification Artifacts,17,active,2.3.0,2.3.0,,
seqQualitySet_lowSNRatio,seqQualitySet,qualityIndSets,lowSNRatio,Low Signal-to-Noise Ratio,18,active,2.3.0,2.3.0,,
seqQualitySet_lowCovMut,seqQualitySet,qualityIndSets,lowCovMut,Low Coverage of Characteristic Mutations,19,active,2.3.0,2.3.0,,
seqQualitySet_belowLOQ,seqQualitySet,qualityIndSets,belowLOQ,Measured levels below LOQ,20,active,3.0.0,3.0.0,,
seqSelSet_ranSeq,seqSelSet,mmaSets,ranSeq,Random sequencing selection method,1,active,2.0.0,2.0.0,,
seqSelSet_pcrSeq,seqSelSet,mmaSets,pcrSeq,PCR Sequencing Selection Method,2,active,2.0.0,2.0.0,,
seqStratSet_amp,seqStratSet,mmaSets,amp,Amplicon sequencing,1,active,2.0.0,2.0.0,,
seqStratSet_wgs,seqStratSet,mmaSets,wgs,Whole genome sequencing,2,active,2.0.0,2.0.0,,
seqStratSet_16rgs,seqStratSet,mmaSets,16rgs,16S Ribosomal Gene Sequencing,3,active,2.3.0,2.3.0,,
seqStratSet_wms,seqStratSet,mmaSets,wms,Whole Metagenome Sequencing,4,active,2.3.0,2.3.0,,
seqStratSet_wvs,seqStratSet,mmaSets,wvs,Whole Virome Sequencing,5,active,2.3.0,2.3.0,,
seroMethSet_tradSero,seroMethSet,mmaSets,tradSero,Traditional Serotyping methods,1,active,2.3.0,2.3.0,,
seroMethSet_sistr,seroMethSet,mmaSets,sistr,Salmonella In Silico Typing Resource (SISTR),2,active,2.3.0,2.3.0,,
seroMethSet_seqSero2,seroMethSet,mmaSets,seqSero2,SeqSero2,3,active,2.3.0,2.3.0,,
seroMethSet_serotypeFin,seroMethSet,mmaSets,serotypeFin,SerotypeFinder,4,active,2.3.0,2.3.0,,
seroMethSet_kaptive,seroMethSet,mmaSets,kaptive,Kaptive,5,active,2.3.0,2.3.0,,
seroMethSet_ctFinder,seroMethSet,mmaSets,ctFinder,CTFinder,6,active,2.3.0,2.3.0,,
seroMethSet_bigsdb,seroMethSet,mmaSets,bigsdb,BIGSdb (Bacterial Isolate Genome Sequence Database),7,active,2.3.0,2.3.0,,
seroMethSet_pbfinder,seroMethSet,mmaSets,pbfinder,PBPfinder,8,active,2.3.0,2.3.0,,
seroMethSet_phandango,seroMethSet,mmaSets,phandango,Phandango,9,active,2.3.0,2.3.0,,
seroMethSet_salTypeFin,seroMethSet,mmaSets,salTypeFin,SalmonellaTypeFinder,10,active,2.3.0,2.3.0,,
seroMethSet_SSI,seroMethSet,mmaSets,SSI,Streptococcus Serotyping Tool (SSI),11,active,2.3.0,2.3.0,,
seroMethSet_capFin,seroMethSet,mmaSets,capFin,CapsuleFinder,12,active,2.3.0,2.3.0,,
seroMethSet_prokka,seroMethSet,mmaSets,prokka,Prokka (with serotyping integration),13,active,2.3.0,2.3.0,,
seroMethSet_enterobase,seroMethSet,mmaSets,enterobase,Enterobase archives,14,active,2.3.0,2.3.0,,
seroMethSet_kraken2,seroMethSet,mmaSets,kraken2,Kraken2,15,active,2.3.0,2.3.0,,
seroMethSet_ariba,seroMethSet,mmaSets,ariba,ARIBA,16,active,2.3.0,2.3.0,,
seroMethSet_mlst,seroMethSet,mmaSets,mlst,MLST (Center for Genomic Epidemiology),17,active,2.3.0,2.3.0,,
seroMethSet_srst2,seroMethSet,mmaSets,srst2,SRST2 Software,18,active,2.3.0,2.3.0,,
seroMethSet_pathogenwatch,seroMethSet,mmaSets,pathogenwatch,Pathogenwatch,19,active,2.3.0,2.3.0,,
seroMethSet_prokkaRoary,seroMethSet,mmaSets,prokkaRoary,Prokka + Roary Pipeline (Nextflow),20,active,2.3.0,2.3.0,,
seroMethSet_seqTyping,seroMethSet,mmaSets,seqTyping,SeqTyping,21,active,2.3.0,2.3.0,,
seroMethSet_chewBBACA,seroMethSet,mmaSets,chewBBACA,ChewBBACA,22,active,2.3.0,2.3.0,,
seroMethSet_pubMLST,seroMethSet,mmaSets,pubMLST,PubMLST,23,active,2.3.0,2.3.0,,
seroMethSet_mykrobe,seroMethSet,mmaSets,mykrobe,Mykrobe,24,active,2.3.0,2.3.0,,
seroMethSet_stamp,seroMethSet,mmaSets,stamp,Statistical Analysis of Metagenomic Profiles (STAMP) Software,25,active,2.3.0,2.3.0,,
seroMethSet_pgap,seroMethSet,mmaSets,pgap,PGAP (Prokaryotic Genome Annotation Pipeline),26,active,2.3.0,2.3.0,,
seroMethSet_clermonTyp,seroMethSet,mmaSets,clermonTyp,ClermonTyping,27,active,2.3.0,2.3.0,,
seroMethSet_fastMLST,seroMethSet,mmaSets,fastMLST,FastMLST,28,active,2.3.0,2.3.0,,
seroMethSet_genoTyphi,seroMethSet,mmaSets,genoTyphi,GenoTyphi,29,active,2.3.0,2.3.0,,
sevSet_low,sevSet,mmaSets,low,Low severity,1,active,2.0.0,2.0.0,,
sevSet_mid,sevSet,mmaSets,mid,Mid-level severity,2,active,2.0.0,2.0.0,,
sevSet_high,sevSet,mmaSets,high,High severity,3,active,2.0.0,2.0.0,,
shedSet_airpln,shedSet,mmaSets,airpln,Airplane,1,active,1.0.0,2.0.0,,
shedSet_ccc,shedSet,mmaSets,ccc,Long-term acute care hospital,2,active,2.0.0,2.0.0,,
shedSet_cdc,shedSet,mmaSets,cdc,Child day care,3,active,2.0.0,2.0.0,,
shedSet_corFcil,shedSet,mmaSets,corFcil,Correctional facility,4,active,1.0.0,2.0.0,,
shedSet_dorm,shedSet,mmaSets,dorm,Higher education domitory or residential building,5,active,2.0.0,2.0.0,,
shedSet_fiNa,shedSet,mmaSets,fiNa,First Nation,6,active,2.0.0,2.0.0,,
shedSet_hosptl,shedSet,mmaSets,hosptl,Hospital,7,active,1.0.0,2.0.0,,
shedSet_ltcf,shedSet,mmaSets,ltcf,Long-term care facility,8,active,1.0.0,2.0.0,,
shedSet_ltcfAl,shedSet,mmaSets,ltcfAl,Long-term care - assisted living or retirement home,9,active,2.0.0,2.0.0,,
shedSet_ltcfO,shedSet,mmaSets,ltcfO,Other long-term care,10,active,2.0.0,2.0.0,,
shedSet_municp,shedSet,mmaSets,municp,Municipality,11,active,2.0.0,2.0.0,,
shedSet_neigh,shedSet,mmaSets,neigh,Neighbourhood,12,active,2.0.0,2.0.0,,
shedSet_orb,shedSet,mmaSets,orb,Other residential building,13,active,2.0.0,2.0.0,,
shedSet_school,shedSet,mmaSets,school,School,14,active,1.0.0,2.0.0,,
shedSet_ship,shedSet,mmaSets,ship,Ship,15,active,2.0.0,2.0.0,,
shedSet_sss,shedSet,mmaSets,sss,Social services shelter,16,active,2.0.0,2.0.0,,
shedSet_uCampus,shedSet,mmaSets,uCampus,University campus,17,active,1.1.0,2.0.0,,
shedSet_airport,shedSet,mmaSets,airport,Airport,18,active,2.0.0,2.0.0,,
shedSet_terminal,shedSet,mmaSets,terminal,Airport terminal,19,active,2.0.0,2.0.0,,
shedSet_commFacOth,shedSet,mmaSets,commFacOth,Commercial facility - not specified,20,active,2.0.0,2.0.0,,
shedSet_hcf,shedSet,mmaSets,hcf,Healthcare facility,21,active,2.3.0,2.3.0,,
shedSet_clinic,shedSet,mmaSets,clinic,Clinic,22,active,2.3.0,2.3.0,,
shedSet_edFac,shedSet,mmaSets,edFac,Educational facility,23,active,2.3.0,2.3.0,,
shedSet_tHub,shedSet,mmaSets,tHub,Transport hub - General,24,active,2.3.0,2.3.0,,
shedSet_farm,shedSet,mmaSets,farm,Farm,25,active,2.3.0,2.3.0,,
shedSet_refCamp,shedSet,mmaSets,refCamp,Refugee camp,26,active,2.3.0,2.3.0,,
shedSet_indPl,shedSet,mmaSets,indPl,Industrial plant,27,active,2.3.0,2.3.0,,
shedSet_meatPl,shedSet,mmaSets,meatPl,Meat processing plant,28,active,2.3.0,2.3.0,,
shedSet_pharmPl,shedSet,mmaSets,pharmPl,Pharmaceutical manufacturing plant,29,active,2.3.0,2.3.0,,
shedSet_transp,shedSet,mmaSets,transp,Transportation vehicle - general,30,active,2.3.0,2.3.0,,
shedSet_train,shedSet,mmaSets,train,Train,31,active,3.0.0,3.0.0,,
shedSet_trStat,shedSet,mmaSets,trStat,Train Station,32,active,3.0.0,3.0.0,,
shedSet_bus,shedSet,mmaSets,bus,Bus,33,active,3.0.0,3.0.0,,
shedSet_busStat,shedSet,mmaSets,busStat,Bus Station,34,active,3.0.0,3.0.0,,
shedSet_port,shedSet,mmaSets,port,Port or Harbour,35,active,3.0.0,3.0.0,,
shedSet_landTH,shedSet,mmaSets,landTH,Land-based Transit Hub,36,active,3.0.0,3.0.0,,
shedSet_waterTH,shedSet,mmaSets,waterTH,Water-based Transit Hub,37,active,3.0.0,3.0.0,,
shedSet_office,shedSet,mmaSets,office,Office,38,active,3.0.0,3.0.0,,
shedSet_restaurant,shedSet,mmaSets,restaurant,Restaurant,39,active,3.0.0,3.0.0,,
shedSet_road,shedSet,mmaSets,road,Road,40,active,3.0.0,3.0.0,,
shedSet_roadside,shedSet,mmaSets,roadside,Roadside,41,active,3.0.0,3.0.0,,
shedSet_mall,shedSet,mmaSets,mall,Shopping mall,42,active,3.0.0,3.0.0,,
shrtNameSet_co,shrtNameSet,shortSets,co,Contact table Shorthand,1,active,2.3.0,2.3.0,,
shrtNameSet_cu,shrtNameSet,shortSets,cu,Countries look-up tables Shorthand,2,active,2.3.0,2.3.0,,
shrtNameSet_ds,shrtNameSet,shortSets,ds,Dataset table Shorthand,3,active,2.3.0,2.3.0,,
shrtNameSet_in,shrtNameSet,shortSets,in,Instrument table Shorthand,4,active,2.3.0,2.3.0,,
shrtNameSet_la,shrtNameSet,shortSets,la,Language Look-up table Shorthand,5,active,2.3.0,2.3.0,,
shrtNameSet_mes,shrtNameSet,shortSets,mes,Measures Part-type Shorthand,6,active,2.3.0,2.3.0,,
shrtNameSet_met,shrtNameSet,shortSets,met,Methods part-type Shorthand,7,active,2.3.0,2.3.0,,
shrtNameSet_mr,shrtNameSet,shortSets,mr,Measure report table Shorthand,8,active,2.3.0,2.3.0,,
shrtNameSet_ms,shrtNameSet,shortSets,ms,Measure set report table Shorthand,9,active,2.3.0,2.3.0,,
shrtNameSet_or,shrtNameSet,shortSets,or,Organization table Shorthand,10,active,2.3.0,2.3.0,,
shrtNameSet_pa,shrtNameSet,shortSets,pa,Parts Look-up table Shorthand,11,active,2.3.0,2.3.0,,
shrtNameSet_po,shrtNameSet,shortSets,po,Polygon table Shorthand,12,active,2.3.0,2.3.0,,
shrtNameSet_pr,shrtNameSet,shortSets,pr,Protocol relationships table Shorthand,13,active,2.3.0,2.3.0,,
shrtNameSet_pro,shrtNameSet,shortSets,pro,Protocols table Shorthand,14,active,2.3.0,2.3.0,,
shrtNameSet_ps,shrtNameSet,shortSets,ps,Protocol steps table Shorthand,15,active,2.3.0,2.3.0,,
shrtNameSet_qr,shrtNameSet,shortSets,qr,Quality reports table Shorthand,16,active,2.3.0,2.3.0,,
shrtNameSet_sar,shrtNameSet,shortSets,sar,Sample relationships table Shorthand,17,active,2.3.0,2.3.0,,
shrtNameSet_sas,shrtNameSet,shortSets,sas,Sample report table Shorthand,18,active,2.3.0,2.3.0,,
shrtNameSet_se,shrtNameSet,shortSets,se,Sets look-up table Shorthand,19,active,2.3.0,2.3.0,,
shrtNameSet_si,shrtNameSet,shortSets,si,Sites table Shorthand,20,active,2.3.0,2.3.0,,
shrtNameSet_tr,shrtNameSet,shortSets,tr,Translation look-up table Shorthand,21,active,2.3.0,2.3.0,,
shrtNameSet_wn,shrtNameSet,shortSets,wn,Wide name table Shorthand,22,active,2.3.0,2.3.0,,
shrtNameSet_zo,shrtNameSet,shortSets,zo,Zones look-up table Shorthand,23,active,2.3.0,2.3.0,,
shrtNameSet_ac,shrtNameSet,shortSets,ac,Accessions report table Shorthand,24,active,2.3.0,2.3.0,,
shrtNameSet_ad,shrtNameSet,shortSets,ad,Address table Shorthand,25,active,3.0.0,3.0.0,,
shrtNameSet_cl,shrtNameSet,shortSets,cl,Calculations Table Short Name,26,active,3.0.0,3.0.0,,
shrtNameSet_por,shrtNameSet,shortSets,por,Polygon Relationships Table Short Name,27,active,3.0.0,3.0.0,,
shrtNameSet_pha,shrtNameSet,shortSets,pha,Public Health Actions Report Table Shortname,28,active,3.0.0,3.0.0,,
siSaSpecimenSet_sa,siSaSpecimenSet,specimenSets,sa,Sample,1,active,2.0.0,2.0.0,,
siSaSpecimenSet_sit,siSaSpecimenSet,specimenSets,sit,Site,2,active,2.0.0,2.0.0,,
siSpecimenSet_sit,siSpecimenSet,specimenSets,sit,Site,1,active,2.0.0,2.0.0,,
siteTypeSet_bSwrPpl,siteTypeSet,mmaSets,bSwrPpl,Branch sewer pipleline,1,active,1.0.0,2.0.0,,
siteTypeSet_buildCO,siteTypeSet,mmaSets,buildCO,Building cleanout,2,active,1.0.0,2.0.0,,
siteTypeSet_estuary,siteTypeSet,mmaSets,estuary,"Estuary, natural water body",3,active,1.0.0,2.0.0,,
siteTypeSet_lake,siteTypeSet,mmaSets,lake,"Lake,  natural water body",4,active,1.0.0,2.0.0,,
siteTypeSet_htSite,siteTypeSet,mmaSets,htSite,Holding tank,5,active,1.0.0,2.0.0,,
siteTypeSet_lagoon,siteTypeSet,mmaSets,lagoon,Lagoon system,6,active,1.0.0,2.0.0,,
siteTypeSet_mSwrPpl,siteTypeSet,mmaSets,mSwrPpl,Major sewer pipeline,7,active,1.0.0,2.0.0,,
siteTypeSet_ocean,siteTypeSet,mmaSets,ocean,"Ocean, natural water body",8,active,1.0.0,2.0.0,,
siteTypeSet_pStat,siteTypeSet,mmaSets,pStat,Pumping station,9,active,1.0.0,2.0.0,,
siteTypeSet_retPond,siteTypeSet,mmaSets,retPond,Retention pond,10,active,1.0.0,2.0.0,,
siteTypeSet_river,siteTypeSet,mmaSets,river,"River, natural water body",11,active,1.0.0,2.0.0,,
siteTypeSet_sea,siteTypeSet,mmaSets,sea,"Sea, natural water body",12,active,1.0.0,2.0.0,,
siteTypeSet_septTnk,siteTypeSet,mmaSets,septTnk,Septic tank,13,active,1.0.0,2.0.0,,
siteTypeSet_stabPnd,siteTypeSet,mmaSets,stabPnd,Stabilization pond,14,active,1.0.0,2.0.0,,
siteTypeSet_swgTrck,siteTypeSet,mmaSets,swgTrck,Sewage truck,15,active,1.0.0,2.0.0,,
siteTypeSet_wwtpInd,siteTypeSet,mmaSets,wwtpInd,Industrial wastewater treatment plant,16,active,1.0.0,2.0.0,,
siteTypeSet_wwtpMuC,siteTypeSet,mmaSets,wwtpMuC,Municipal wastewater treatment plant for combined sewage,17,active,1.0.0,2.0.0,,
siteTypeSet_wwtpMuS,siteTypeSet,mmaSets,wwtpMuS,Municipal wastewater treatment plant for sanitary sewage only,18,active,1.0.0,2.0.0,,
siteTypeSet_wwtp,siteTypeSet,mmaSets,wwtp,Wastewater treatment plant,19,active,1.0.0,2.0.0,,
siteTypeSet_upstream,siteTypeSet,mmaSets,upstream,Upstream sites,20,active,1.0.0,2.0.0,,
siteTypeSet_wwtpBack,siteTypeSet,mmaSets,wwtpBack,Back-up wastewater treatment site,21,active,1.0.0,2.0.0,,
siteTypeSet_bow,siteTypeSet,mmaSets,bow,Body of water,22,active,2.3.0,2.3.0,,
siteTypeSet_opWa,siteTypeSet,mmaSets,opWa,Surface water,23,active,2.3.0,2.3.0,,
siteTypeSet_str,siteTypeSet,mmaSets,str,Stream,24,active,2.3.0,2.3.0,,
siteTypeSet_canal,siteTypeSet,mmaSets,canal,Canal,25,active,2.3.0,2.3.0,,
siteTypeSet_res,siteTypeSet,mmaSets,res,Reservoir,26,active,2.3.0,2.3.0,,
siteTypeSet_grWa,siteTypeSet,mmaSets,grWa,Ground water,27,active,2.3.0,2.3.0,,
siteTypeSet_well,siteTypeSet,mmaSets,well,Well,28,active,2.3.0,2.3.0,,
siteTypeSet_spr,siteTypeSet,mmaSets,spr,Spring,29,active,2.3.0,2.3.0,,
siteTypeSet_pluDra,siteTypeSet,mmaSets,pluDra,Plumbing drain,30,active,2.3.0,2.3.0,,
siteTypeSet_drain,siteTypeSet,mmaSets,drain,Sewer (drain),31,active,2.3.0,2.3.0,,
siteTypeSet_latrine,siteTypeSet,mmaSets,latrine,Latrine,32,active,2.3.0,2.3.0,,
siteTypeSet_cesspit,siteTypeSet,mmaSets,cesspit,Cesspit,33,active,2.3.0,2.3.0,,
siteTypeSet_compToi,siteTypeSet,mmaSets,compToi,Composting toilet,34,active,2.3.0,2.3.0,,
siteTypeSet_triturator,siteTypeSet,mmaSets,triturator,Wastewater Triturator,35,active,2.3.0,2.3.0,,
siteTypeSet_aerTank,siteTypeSet,mmaSets,aerTank,Aeration tank,36,active,3.0.0,3.0.0,,
siteTypeSet_communitor,siteTypeSet,mmaSets,communitor,Communitor,37,active,3.0.0,3.0.0,,
siteTypeSet_gritCham,siteTypeSet,mmaSets,gritCham,Grit chamber,38,active,3.0.0,3.0.0,,
siteTypeSet_infPump,siteTypeSet,mmaSets,infPump,Influent pump station,39,active,3.0.0,3.0.0,,
siteTypeSet_primClar,siteTypeSet,mmaSets,primClar,Primary clarifer,40,active,3.0.0,3.0.0,,
siteTypeSet_secClar,siteTypeSet,mmaSets,secClar,Secondary clarifer,41,active,3.0.0,3.0.0,,
siteTypeSet_sDryer,siteTypeSet,mmaSets,sDryer,Sludge dryer,42,active,3.0.0,3.0.0,,
siteTypeSet_barScreen,siteTypeSet,mmaSets,barScreen,Bar screen,43,active,3.0.0,3.0.0,,
siteTypeSet_ocu,siteTypeSet,mmaSets,ocu,Odour Control Unit,44,active,3.0.0,3.0.0,,
solidSeparationSet_cent,solidSeparationSet,mmaSets,cent,Centrifugation,1,active,2.0.0,2.0.0,,
solidSeparationSet_filt,solidSeparationSet,mmaSets,filt,Filtration,2,active,2.0.0,2.0.0,,
solidSeparationSet_graSet,solidSeparationSet,mmaSets,graSet,Gravity settling,3,active,2.0.0,2.0.0,,
solidSeparationSet_noSep,solidSeparationSet,mmaSets,noSep,No Seperation or Concentration,4,active,2.2.0,2.2.0,,
specHumidUnitSet_ratio,specHumidUnitSet,unitSets,ratio,Ratio,1,active,2.0.0,2.0.0,,
specHumidUnitSet_hUn,specHumidUnitSet,unitSets,hUn,See Header for Unit,2,active,3.0.0,3.0.0,,
speedUnitSet_xg,speedUnitSet,unitSets,xg,Relative Centrifugal Force (RCF) or x g units,1,active,2.2.0,2.2.0,,
speedUnitSet_rpm,speedUnitSet,unitSets,rpm,Revolutions per minute (RPM),2,active,2.2.0,2.2.0,,
speedUnitSet_mps,speedUnitSet,unitSets,mps,Metres per second,3,active,2.2.0,3.0.0,"part ID changed from ""ms"" to ""mps""",
speedUnitSet_hUn,speedUnitSet,unitSets,hUn,See Header for Unit,4,active,3.0.0,3.0.0,,
spikeMatSet_clari,spikeMatSet,mmaSets,clari,Clarified sample,1,active,1.0.0,2.0.0,,
spikeMatSet_samConc,spikeMatSet,mmaSets,samConc,Sample concentrate,2,active,1.0.0,3.0.0,partID changed/updated,
spikeMatSet_deso,spikeMatSet,mmaSets,deso,Dewatered solids,3,active,1.0.0,2.0.0,,
spikeMatSet_lysi,spikeMatSet,mmaSets,lysi,Lysis buffer,4,active,2.0.0,2.0.0,,
spikeMatSet_raws,spikeMatSet,mmaSets,raws,Raw wastewater,5,active,1.0.0,2.0.0,,
spikeMatSet_rppw,spikeMatSet,mmaSets,rppw,Raw post-pasteurized wastewater,6,active,1.0.0,2.0.0,,
spikeTargetSet_bcovCul,spikeTargetSet,mmaSets,bcovCul,bcov culture spike target,1,active,2.0.0,2.0.0,,
spikeTargetSet_bcovVac,spikeTargetSet,mmaSets,bcovVac,bcov vaccine spike target,2,active,2.0.0,2.0.0,,
spikeTargetSet_brsvCul,spikeTargetSet,mmaSets,brsvCul,brsv culture spike target,3,active,2.0.0,2.0.0,,
spikeTargetSet_brsvVac,spikeTargetSet,mmaSets,brsvVac,brsv vaccine spike target,4,active,2.0.0,2.0.0,,
spikeTargetSet_heatInacSARS,spikeTargetSet,mmaSets,heatInacSARS,Heat inactivated sars-cov-2 virus spike target,5,active,2.0.0,2.0.0,,
spikeTargetSet_hepGRnaMat,spikeTargetSet,mmaSets,hepGRnaMat,hep g armored rna spike target,6,active,2.0.0,2.0.0,,
spikeTargetSet_ms2ColMat,spikeTargetSet,mmaSets,ms2ColMat,ms2 coliphage spike target,7,active,2.0.0,2.0.0,,
spikeTargetSet_muCoMat,spikeTargetSet,mmaSets,muCoMat,murine coronavirus spike target,8,active,2.0.0,2.0.0,,
spikeTargetSet_oc43Mat,spikeTargetSet,mmaSets,oc43Mat,oc43 spike target,9,active,2.0.0,2.0.0,,
spikeTargetSet_phi6Mat,spikeTargetSet,mmaSets,phi6Mat,phi6 spike target,10,active,2.0.0,2.0.0,,
spikeTargetSet_puroMat,spikeTargetSet,mmaSets,puroMat,Puro virus spike target,11,active,2.0.0,2.0.0,,
spikeTargetSet_vsv,spikeTargetSet,mmaSets,vsv,Vesicular stomatitis virus (VSV) target,12,active,2.0.0,2.0.0,,
spikeTargetSet_bcovGen,spikeTargetSet,mmaSets,bcovGen,bcov spike target (unspecified),13,active,2.2.0,2.2.0,,
spikeTargetSet_mhvSpike,spikeTargetSet,mmaSets,mhvSpike,murine hepatitis virus (MHV) spike target,14,active,2.2.0,2.2.0,,
spikeTargetSet_parapoxSpike,spikeTargetSet,mmaSets,parapoxSpike,Parapoxvirus Orf Virus Spike Target,15,active,2.2.0,2.2.0,,
statusSet_active,statusSet,mmaSets,active,Active,1,active,2.0.0,2.0.0,,
statusSet_development,statusSet,mmaSets,development,Development,2,active,2.0.0,2.0.0,,
statusSet_depreciated,statusSet,mmaSets,depreciated,Depreciated,3,active,2.0.0,2.0.0,,
stdConcentrationUnitSet_mgL,stdConcentrationUnitSet,unitSets,mgL,Milligrams per litre,1,active,2.0.0,2.0.0,,
stdConcentrationUnitSet_ppm,stdConcentrationUnitSet,unitSets,ppm,parts per million,2,active,2.0.0,2.0.0,,
stdConcentrationUnitSet_pps,stdConcentrationUnitSet,unitSets,pps,Percent primary sludge,3,active,2.0.0,2.0.0,,
stdConcentrationUnitSet_uL,stdConcentrationUnitSet,unitSets,uL,Micro-litres,4,active,2.2.0,2.2.0,,
stdConcentrationUnitSet_nM,stdConcentrationUnitSet,unitSets,nM,Nano-molar,5,active,2.2.0,2.2.0,,
stdConcentrationUnitSet_ugmg,stdConcentrationUnitSet,unitSets,ugmg,Micrograms per milligram,6,active,2.2.0,2.2.0,,
stdConcentrationUnitSet_kgm3,stdConcentrationUnitSet,unitSets,kgm3,Kilogram per cubic meter,7,active,3.0.0,3.0.0,,
stdConcentrationUnitSet_perc,stdConcentrationUnitSet,unitSets,perc,Percent,8,active,3.0.0,3.0.0,,
stdConcentrationUnitSet_gNgTS,stdConcentrationUnitSet,unitSets,gNgTS,Nitrogen per total solids,9,active,3.0.0,3.0.0,,
stdConcentrationUnitSet_gPergTS,stdConcentrationUnitSet,unitSets,gPergTS,Grams per total solids,10,active,3.0.0,3.0.0,,
stdConcentrationUnitSet_gPO43gTS,stdConcentrationUnitSet,unitSets,gPO43gTS,Orthophosphate per total solids,11,active,3.0.0,3.0.0,,
stdConcentrationUnitSet_gPO4PgTS,stdConcentrationUnitSet,unitSets,gPO4PgTS,Orthophosphate as phosphorus per total solids,12,active,3.0.0,3.0.0,,
stdConcentrationUnitSet_mgLCaCO3,stdConcentrationUnitSet,unitSets,mgLCaCO3,Milligram per liter of calcium carbonate,13,active,3.0.0,3.0.0,,
stdConcentrationUnitSet_mgPO43L,stdConcentrationUnitSet,unitSets,mgPO43L,Milligrams orthophosphate per liter,14,active,3.0.0,3.0.0,,
stdConcentrationUnitSet_mgPO4PL,stdConcentrationUnitSet,unitSets,mgPO4PL,Milligrams orthophosphate as phosphorus per liter,15,active,3.0.0,3.0.0,,
stdConcentrationUnitSet_ngL,stdConcentrationUnitSet,unitSets,ngL,Nanograms per liter,16,active,3.0.0,3.0.0,,
stdConcentrationUnitSet_ugG,stdConcentrationUnitSet,unitSets,ugG,Micrograms per gram,17,active,3.0.0,3.0.0,,
stdConcentrationUnitSet_ugL,stdConcentrationUnitSet,unitSets,ugL,Micrograms per litre,18,active,3.0.0,3.0.0,,
stdConcentrationUnitSet_gkg,stdConcentrationUnitSet,unitSets,gkg,Gram per kilogram,19,active,3.0.0,3.0.0,,
stdConcentrationUnitSet_hUn,stdConcentrationUnitSet,unitSets,hUn,See Header for Unit,20,active,3.0.0,3.0.0,,
stdCurveSet_serDil,stdCurveSet,mmaSets,serDil,serial dillution,1,active,2.0.0,2.0.0,,
stoMedSet_none,stoMedSet,mmaSets,none,No sample storage medium used,1,active,2.3.0,2.3.0,,
stoMedSet_cbtm,stoMedSet,mmaSets,cbtm,Cary-Blair Transport Medium,2,active,2.3.0,2.3.0,,
stoMedSet_rnaLater,stoMedSet,mmaSets,rnaLater,RNAlater,3,active,2.3.0,2.3.0,,
stoMedSet_trisEDTA,stoMedSet,mmaSets,trisEDTA,TE Buffer (Tris-EDTA),4,active,2.3.0,2.3.0,,
stoMedSet_vtm,stoMedSet,mmaSets,vtm,Viral Transport Medium (VTM),5,active,2.3.0,2.3.0,,
stoMedSet_pbs,stoMedSet,mmaSets,pbs,Phosphate Buffered Saline (PBS),6,active,2.3.0,2.3.0,,
stoMedSet_smgm,stoMedSet,mmaSets,smgm,Skim Milk–Glycerol Medium,7,active,2.3.0,2.3.0,,
stoMedSet_atm,stoMedSet,mmaSets,atm,Amies Transport Medium,8,active,2.3.0,2.3.0,,
stoMedSet_spg,stoMedSet,mmaSets,spg,Sucrose Phosphate Glutamate (SPG) Buffer,9,active,2.3.0,2.3.0,,
stoMedSet_dnaRNAshield,stoMedSet,mmaSets,dnaRNAshield,DNA/RNA Shield,10,active,2.3.0,2.3.0,,
stoMedSet_bpw,stoMedSet,mmaSets,bpw,Buffered Peptone Water,11,active,2.3.0,2.3.0,,
stoMedSet_lrs,stoMedSet,mmaSets,lrs,Lactated Ringer’s Solution,12,active,2.3.0,2.3.0,,
stoMedSet_sts,stoMedSet,mmaSets,sts,Sodium Thiosulfate Solution,13,active,2.3.0,2.3.0,,
stoMedSet_gt,stoMedSet,mmaSets,gt,Guanidine Thiocyanate,14,active,2.3.0,2.3.0,,
stoMedSet_pwWg,stoMedSet,mmaSets,pwWg,Peptone Water with Glycerol,15,active,2.3.0,2.3.0,,
stoMedSet_hbss,stoMedSet,mmaSets,hbss,Hank's Balanced Salt Solution (HBSS),16,active,2.3.0,2.3.0,,
stoMedSet_glycerol10,stoMedSet,mmaSets,glycerol10,10% Glycerol Solution,17,active,2.3.0,2.3.0,,
stoMedSet_sDWwST,stoMedSet,mmaSets,sDWwST,Sterile Distilled Water with Sodium Thiosulfate,18,active,2.3.0,2.3.0,,
stoMedSet_tsb,stoMedSet,mmaSets,tsb,Tryptic Soy Broth (TSB),19,active,2.3.0,2.3.0,,
stoMedSet_utm,stoMedSet,mmaSets,utm,Universal Transport Medium (UTM),20,active,2.3.0,2.3.0,,
surfaceCompartmentSet_surf,surfaceCompartmentSet,compartmentSets,surf,Surface compartment,1,active,2.0.0,2.0.0,,
surfaceWaterCompartmentSet_surf,surfaceWaterCompartmentSet,compartmentSets,surf,Surface compartment,1,active,2.0.0,2.0.0,,
surfaceWaterCompartmentSet_wat,surfaceWaterCompartmentSet,compartmentSets,wat,Water compartment,2,active,2.0.0,2.0.0,,
survAlertSet_targSurv,survAlertSet,mmaSets,targSurv,Targetted surveillance initiated,1,active,3.0.0,3.0.0,,
survAlertSet_incSurv,survAlertSet,mmaSets,incSurv,Increased surveillance,2,active,3.0.0,3.0.0,,
survAlertSet_routSurv,survAlertSet,mmaSets,routSurv,Routine surveillance,3,active,3.0.0,3.0.0,,
survAlertSet_decSurv,survAlertSet,mmaSets,decSurv,Decreased surveillance,4,active,3.0.0,3.0.0,,
survLevelSet_builLev,survLevelSet,mmaSets,builLev,Building-level Surveillance,1,active,2.3.0,2.3.0,,
survLevelSet_instituLev,survLevelSet,mmaSets,instituLev,Institution-level Surveillance,2,active,2.3.0,2.3.0,,
survLevelSet_communitLev,survLevelSet,mmaSets,communitLev,Community-level Surveillance,3,active,2.3.0,2.3.0,,
survLevelSet_multiComLev,survLevelSet,mmaSets,multiComLev,Multi-Community-level Surveillance,4,active,2.3.0,2.3.0,,
tableSet_fK,tableSet,mmaSets,fK,Foreign key,1,active,2.0.0,2.0.0,,
tableSet_header,tableSet,mmaSets,header,Header,2,active,2.0.0,2.0.0,,
tableSet_input,tableSet,mmaSets,input,Input,3,active,2.0.0,2.0.0,,
tableSet_pK,tableSet,mmaSets,pK,Primary key,4,active,2.0.0,2.0.0,,
tableSet_cK,tableSet,mmaSets,cK,Composite Key,5,active,3.0.0,3.0.0,,
temperatureUnitSet_cel,temperatureUnitSet,unitSets,cel,Degrees Celcius,1,active,2.0.0,2.0.0,,
temperatureUnitSet_fah,temperatureUnitSet,unitSets,fah,Degree Fahrenheit,2,active,3.0.0,3.0.0,,
temperatureUnitSet_hUn,temperatureUnitSet,unitSets,hUn,See Header for Unit,3,active,3.0.0,3.0.0,,
templateSheetSet_addresses,templateSheetSet,dictSets,addresses,Address table,1,active,2.0.0,2.0.0,,
templateSheetSet_contacts,templateSheetSet,dictSets,contacts,Contact table,2,active,2.0.0,2.0.0,,
templateSheetSet_datasets,templateSheetSet,dictSets,datasets,Dataset table,3,active,2.0.0,2.0.0,,
templateSheetSet_instruments,templateSheetSet,dictSets,instruments,Instrument table,4,active,2.0.0,2.0.0,,
templateSheetSet_languages,templateSheetSet,dictSets,languages,Language Look-up table,5,active,2.0.0,2.0.0,,
templateSheetSet_measures,templateSheetSet,dictSets,measures,Measure report table,6,active,2.0.0,2.0.0,,
templateSheetSet_measureSets,templateSheetSet,dictSets,measureSets,Measure set report table,7,active,2.0.0,2.0.0,,
templateSheetSet_organizations,templateSheetSet,dictSets,organizations,Organization table,8,active,2.0.0,2.0.0,,
templateSheetSet_parts,templateSheetSet,dictSets,parts,Parts Look-up table,9,active,2.0.0,2.0.0,,
templateSheetSet_polygons,templateSheetSet,dictSets,polygons,Polygon table,10,active,2.0.0,2.0.0,,
templateSheetSet_protocolRelationships,templateSheetSet,dictSets,protocolRelationships,Protocol relationships table,11,active,2.0.0,2.0.0,,
templateSheetSet_protocols,templateSheetSet,dictSets,protocols,Protocols table,12,active,2.0.0,2.0.0,,
templateSheetSet_protocolSteps,templateSheetSet,dictSets,protocolSteps,Protocol steps table,13,active,2.0.0,2.0.0,,
templateSheetSet_qualityReports,templateSheetSet,dictSets,qualityReports,Quality reports table,14,active,2.0.0,2.0.0,,
templateSheetSet_sampleRelationships,templateSheetSet,dictSets,sampleRelationships,Sample relationships table,15,active,2.0.0,2.0.0,,
templateSheetSet_samples,templateSheetSet,dictSets,samples,Sample report table,16,active,2.0.0,2.0.0,,
templateSheetSet_sets,templateSheetSet,dictSets,sets,Sets look-up table,17,active,2.0.0,2.0.0,,
templateSheetSet_sites,templateSheetSet,dictSets,sites,Sites table,18,active,2.0.0,2.0.0,,
templateSheetSet_lists,templateSheetSet,dictSets,lists,List worksheet,19,active,2.0.0,2.0.0,,
tempSet_dna,tempSet,mmaSets,dna,DNA Template,1,active,2.2.0,2.2.0,,
tempSet_rna,tempSet,mmaSets,rna,RNA Template,2,active,2.2.0,2.2.0,,
threatDesSet_voc,threatDesSet,mmaSets,voc,Variant of concern,1,active,3.0.0,3.0.0,,
threatDesSet_voi,threatDesSet,mmaSets,voi,Variant of interest,2,active,3.0.0,3.0.0,,
threatDesSet_vum,threatDesSet,mmaSets,vum,variant under monitoring,3,active,3.0.0,3.0.0,,
threatDesSet_dev,threatDesSet,mmaSets,dev,De-escalated variant,4,active,3.0.0,3.0.0,,
timeUnitSet_days,timeUnitSet,unitSets,days,Days,1,active,2.0.0,2.0.0,,
timeUnitSet_months,timeUnitSet,unitSets,months,Months,2,active,2.0.0,2.0.0,,
timeUnitSet_years,timeUnitSet,unitSets,years,Years,3,active,2.0.0,2.0.0,,
timeUnitSet_hours,timeUnitSet,unitSets,hours,Hours,4,active,2.0.0,2.0.0,,
timeUnitSet_minutes,timeUnitSet,unitSets,minutes,Minutes,5,active,2.0.0,2.0.0,,
timeUnitSet_seconds,timeUnitSet,unitSets,seconds,Seconds,6,active,2.2.0,2.2.0,,
timeUnitSet_weeks,timeUnitSet,unitSets,weeks,Weeks,7,active,2.3.0,2.3.0,,
timeUnitSet_hUn,timeUnitSet,unitSets,hUn,See Header for Unit,8,active,3.0.0,3.0.0,,
turbidityUnitSet_ntu,turbidityUnitSet,unitSets,ntu,Nephelometric turbidity unit,1,active,2.0.0,2.0.0,,
turbidityUnitSet_fnu,turbidityUnitSet,unitSets,fnu,Formazin nephelometric unit,2,active,3.0.0,3.0.0,,
turbidityUnitSet_hUn,turbidityUnitSet,unitSets,hUn,See Header for Unit,3,active,3.0.0,3.0.0,,
unitlessUnitSet_unitless,unitlessUnitSet,unitSets,unitless,Unitless measure,1,active,2.0.0,2.0.0,,
unitlessUnitSet_hUn,unitlessUnitSet,unitSets,hUn,See Header for Unit,2,active,3.0.0,3.0.0,,
valTreatSet_raw,valTreatSet,mmaSets,raw,Raw data,1,active,3.0.0,3.0.0,,
valTreatSet_derived,valTreatSet,mmaSets,derived,Derived data,2,active,3.0.0,3.0.0,,
valTreatSet_estimate,valTreatSet,mmaSets,estimate,Estimated data,3,active,3.0.0,3.0.0,,
valTreatSet_predicted,valTreatSet,mmaSets,predicted,Predicted data,4,active,3.0.0,3.0.0,,
volumeUnitSet_kl,volumeUnitSet,unitSets,kl,Kilolitres,1,active,2.0.0,2.0.0,,
volumeUnitSet_l,volumeUnitSet,unitSets,l,Litres,2,active,2.0.0,2.0.0,,
volumeUnitSet_ml,volumeUnitSet,unitSets,ml,Millilitres,3,active,2.0.0,2.0.0,,
volumeUnitSet_mm,volumeUnitSet,unitSets,mm,Millimetres,4,active,2.0.0,2.0.0,,
volumeUnitSet_pp,volumeUnitSet,unitSets,pp,Percent positive,5,active,2.0.0,2.0.0,,
volumeUnitSet_subVar,volumeUnitSet,unitSets,subVar,Sub-variant or lineage,6,active,2.0.0,2.0.0,,
volumeUnitSet_grams,volumeUnitSet,unitSets,grams,Grams,7,active,2.0.0,2.0.0,,
volumeUnitSet_varFreq,volumeUnitSet,unitSets,varFreq,Frequency of variants detected,8,active,2.0.0,2.0.0,,
volumeUnitSet_uL,volumeUnitSet,unitSets,uL,Micro-litres,9,active,2.0.0,2.0.0,,
volumeUnitSet_hUn,volumeUnitSet,unitSets,hUn,See Header for Unit,10,active,3.0.0,3.0.0,,
waterCompartmentSet_wat,waterCompartmentSet,compartmentSets,wat,Water compartment,1,active,2.0.0,2.0.0,,
weathSet_cloudy,weathSet,mmaSets,cloudy,Cloudy,1,active,2.0.0,2.0.0,,
weathSet_foggy,weathSet,mmaSets,foggy,Foggy,2,active,2.0.0,2.0.0,,
weathSet_rainy,weathSet,mmaSets,rainy,Rainy,3,active,2.0.0,2.0.0,,
weathSet_snowy,weathSet,mmaSets,snowy,Snowy,4,active,2.0.0,2.0.0,,
weathSet_sunny,weathSet,mmaSets,sunny,Sunny,5,active,2.0.0,2.0.0,,
weathSet_noRain,weathSet,mmaSets,noRain,No rain,6,active,2.2.0,2.2.0,,
weathSet_stormy,weathSet,mmaSets,stormy,Stormy Weather,7,active,2.3.0,2.3.0,,
wideCompartmentSet_air,wideCompartmentSet,compartmentSets,air,Air compartment,1,active,2.2.0,2.2.0,,
wideCompartmentSet_surf,wideCompartmentSet,compartmentSets,surf,Surface compartment,2,active,2.2.0,2.2.0,,
wideCompartmentSet_wat,wideCompartmentSet,compartmentSets,wat,Water compartment,3,active,2.2.0,2.2.0,,
wideCompartmentSet_hCo,wideCompartmentSet,compartmentSets,hCo,See Header for Compartment,4,active,2.2.0,2.2.0,,
wideCompartmentSet_naCompartment,wideCompartmentSet,compartmentSets,naCompartment,Compartment not applicable,5,active,2.2.0,2.2.0,,
wideFractionSet_liq,wideFractionSet,mmaSets,liq,Liquid fraction,1,active,2.2.0,2.2.0,,
wideFractionSet_mix,wideFractionSet,mmaSets,mix,Mixed/homogenized sample,2,active,2.2.0,2.2.0,,
wideFractionSet_sol,wideFractionSet,mmaSets,sol,Solid fraction (general),3,active,2.2.0,2.2.0,,
wideFractionSet_NA,wideFractionSet,mmaSets,NA,Not applicable,4,active,2.2.0,2.2.0,,
wideFractionSet_hFr,wideFractionSet,mmaSets,hFr,See Header for Fraction Analyzed,5,active,2.2.0,2.2.0,,
wideFractionSet_solWet,wideFractionSet,mmaSets,solWet,Solid fraction (Wet),6,active,2.3.0,2.3.0,,
wideFractionSet_solDry,wideFractionSet,mmaSets,solDry,Solid Fraction (Dry),7,active,2.3.0,2.3.0,,
wideFractionSet_mul,wideFractionSet,mmaSets,mul,Multiple fraction,8,active,3.0.0,3.0.0,,
wideFractionSet_nr,wideFractionSet,mmaSets,nr,Not reported,9,active,3.0.0,3.0.0,,
wideSpecimenSet_pop,wideSpecimenSet,specimenSets,pop,Population,1,active,2.2.0,2.2.0,,
wideSpecimenSet_sa,wideSpecimenSet,specimenSets,sa,Sample,2,active,2.2.0,2.2.0,,
wideSpecimenSet_sit,wideSpecimenSet,specimenSets,sit,Site,3,active,2.2.0,2.2.0,,
wideSpecimenSet_naSpecimen,wideSpecimenSet,specimenSets,naSpecimen,Specimen not applicable,4,active,2.2.0,2.2.0,,
wideSpecimenSet_hSp,wideSpecimenSet,specimenSets,hSp,See Header for Specimen,5,active,2.2.0,2.2.0,,
wideSpecimenSet_poly,wideSpecimenSet,specimenSets,poly,Polygon,6,active,3.0.0,3.0.0,,
windSpeedUnitSet_mps,windSpeedUnitSet,unitSets,mps,Metres per second,1,active,2.0.0,3.0.0,"part ID changed from ""ms"" to ""mps""",
windSpeedUnitSet_hUn,windSpeedUnitSet,unitSets,hUn,See Header for Unit,2,active,3.0.0,3.0.0,,
siteLevelSet_countLevel,siteLevelSet,mmaSets,countLevel,Country-level Aggregation at Site,1,active,3.0.0,3.0.0,,
siteLevelSet_provLevel,siteLevelSet,mmaSets,provLevel,Province-level Aggregation at Site,2,active,3.0.0,3.0.0,,
siteLevelSet_aRegLevel,siteLevelSet,mmaSets,aRegLevel,A-Tier Region-level Aggregation at Site,3,active,3.0.0,3.0.0,,
siteLevelSet_bRegLevel,siteLevelSet,mmaSets,bRegLevel,B-Tier Region-level Aggregation at Site,4,active,3.0.0,3.0.0,,
siteLevelSet_muniLevel,siteLevelSet,mmaSets,muniLevel,Municipality-level Aggregation at Site,5,active,3.0.0,3.0.0,,
siteLevelSet_neighLevel,siteLevelSet,mmaSets,neighLevel,Neighbourhood-level Aggregation at Site,6,active,3.0.0,3.0.0,,
siteLevelSet_fnmiLevel,siteLevelSet,mmaSets,fnmiLevel,First Nation Territory/Métis Settlement-level Aggregation at Site,7,active,3.0.0,3.0.0,,
geneticUnitSet_cpWell,geneticUnitSet,unitSets,cpWell,Gene copies per well,30,active,3.0.0,3.0.0,,
geneticUnitSet_gcRx,geneticUnitSet,unitSets,gcRx,Gene copies per Reaction,31,active,3.0.0,3.0.0,,
geneticUnitSet_percRec,geneticUnitSet,unitSets,percRec,Percent recovery,32,active,3.0.0,3.0.0,,
polyRelSet_child,polyRelSet,mmaSets,child,Child relationship,1,active,3.0.0,3.0.0,,
polyRelSet_colocated,polyRelSet,mmaSets,colocated,Co-located relationship,2,active,3.0.0,3.0.0,,
polyRelSet_overlap,polyRelSet,mmaSets,overlap,Overlapping relationship,3,active,3.0.0,3.0.0,,
polyRelSet_neighbour,polyRelSet,mmaSets,neighbour,Neighbouring relationship,4,active,3.0.0,3.0.0,,